{
"type": "FeatureCollection",
"name": "armenia_admin",
"crs": { "type": "name", "properties": { "name": "urn:ogc:def:crs:OGC:1.3:CRS84" } },
"features": [
{ "type": "Feature", "id": 1, "properties": { "cadastre_code": "03", "name_hy": "Արարատ", "name_en": "Ararat", "name_ru": "Арарат", "type": "province", "province_hy": "Արարատ", "province_en": "Ararat", "province_ru": "Арарат", "name_alt": null }, "geometry": { "type": "MultiPolygon", "coordinates": [ [ [ [ 44.340372963308205, 40.02822827744798 ], [ 44.342327422697899, 40.032039959176494 ], [ 44.342332143854655, 40.034415487341157 ], [ 44.342972403848094, 40.0350260704232 ], [ 44.345553200812269, 40.035870244752203 ], [ 44.345498192124715, 40.037322096057608 ], [ 44.345882768935702, 40.037858756112918 ], [ 44.345204206533857, 40.038767281445317 ], [ 44.344468468652927, 40.038965544710933 ], [ 44.344470749154929, 40.040186946761047 ], [ 44.342489309345261, 40.04000065803892 ], [ 44.340662680282193, 40.04068284455056 ], [ 44.340726559762359, 40.041996293585292 ], [ 44.34181820125076, 40.043678800984004 ], [ 44.34926216665, 40.051755719236233 ], [ 44.343585767518768, 40.052588842540494 ], [ 44.34230950078846, 40.052468624367243 ], [ 44.342879068303233, 40.055668567142149 ], [ 44.343987920974932, 40.057296446882773 ], [ 44.343174338278466, 40.063132225935441 ], [ 44.344291943216753, 40.065452933010278 ], [ 44.344542616523576, 40.066993497150577 ], [ 44.342803987315136, 40.068006567945361 ], [ 44.343547413267672, 40.069079281135281 ], [ 44.346125052510217, 40.069130715939714 ], [ 44.347682578394398, 40.071918282436314 ], [ 44.349452393006793, 40.072515216637839 ], [ 44.345497045390132, 40.077587717512664 ], [ 44.337472456491156, 40.077840199874537 ], [ 44.334349911922679, 40.091889453640604 ], [ 44.328532520151533, 40.096826441990203 ], [ 44.325527773369402, 40.099181618417411 ], [ 44.321937491538598, 40.098897718890903 ], [ 44.314327841277638, 40.101044930237165 ], [ 44.312224585659344, 40.103195512733741 ], [ 44.312330909479414, 40.105036550683863 ], [ 44.313987879175038, 40.111517478715712 ], [ 44.318768239000882, 40.114925757853136 ], [ 44.311898349010015, 40.120835840840293 ], [ 44.314485641525351, 40.122729459334188 ], [ 44.314955610689346, 40.12359677887715 ], [ 44.316387532041439, 40.124861981405864 ], [ 44.318557657273871, 40.125516159047642 ], [ 44.325088700150907, 40.125795685762427 ], [ 44.327877582114127, 40.118079432235966 ], [ 44.328851785210283, 40.11684637358303 ], [ 44.331397106307712, 40.117796335442875 ], [ 44.337307164696213, 40.117793137898616 ], [ 44.337081310333431, 40.123213373547685 ], [ 44.339396731942863, 40.122725567535049 ], [ 44.338673676681239, 40.12922467408162 ], [ 44.341506181084284, 40.12900988144267 ], [ 44.345411759107897, 40.128018735730002 ], [ 44.348103397165509, 40.129123221893323 ], [ 44.350042889513603, 40.13128567534288 ], [ 44.353208260418938, 40.132602515390744 ], [ 44.355238069368781, 40.131588404817506 ], [ 44.35672162920887, 40.132288627600595 ], [ 44.364171831025267, 40.131022324150031 ], [ 44.369070083163336, 40.131024731197947 ], [ 44.371444514833676, 40.131376931978487 ], [ 44.373679628547343, 40.130073972056429 ], [ 44.376244407126144, 40.129209750513105 ], [ 44.382446886757137, 40.129693995529799 ], [ 44.386620293744507, 40.131377009142192 ], [ 44.386568804371784, 40.133430969517264 ], [ 44.387465221535038, 40.13765377221776 ], [ 44.39134247954339, 40.145598333293414 ], [ 44.4234964851276, 40.14576501899672 ], [ 44.423914782028774, 40.146341756973868 ], [ 44.425922657245998, 40.147208804850557 ], [ 44.425382634588431, 40.148276458151798 ], [ 44.421911773112484, 40.148636900960206 ], [ 44.424100041610622, 40.150227361079942 ], [ 44.424812732517601, 40.149838223775681 ], [ 44.426501903276424, 40.151401497710438 ], [ 44.425878552292104, 40.151804378049597 ], [ 44.428649660397014, 40.154346100883131 ], [ 44.429460463826835, 40.154584435049209 ], [ 44.430448408203546, 40.157375702629707 ], [ 44.432877121050353, 40.157395139883 ], [ 44.435707393184401, 40.157839851074243 ], [ 44.437331113103035, 40.157732874020709 ], [ 44.437205668922459, 40.15869127532779 ], [ 44.439757383743718, 40.159692175298055 ], [ 44.442334978259034, 40.159746022223445 ], [ 44.443366606648908, 40.158717887432893 ], [ 44.44408614844707, 40.15647426782435 ], [ 44.446132692840486, 40.155234017908185 ], [ 44.444857071711553, 40.154679059370274 ], [ 44.442290186431372, 40.151792003484353 ], [ 44.441831267397887, 40.15066853488571 ], [ 44.438840904837257, 40.147666005582153 ], [ 44.435146408779651, 40.144820108286346 ], [ 44.436085011983856, 40.143096608260976 ], [ 44.433428132223796, 40.139102708231512 ], [ 44.433887796434774, 40.136828846478132 ], [ 44.430817707722355, 40.137012870499269 ], [ 44.430121504234762, 40.135362782749944 ], [ 44.428374385171665, 40.13328567707012 ], [ 44.428351039703777, 40.130705258848714 ], [ 44.425095630991706, 40.130820791706647 ], [ 44.426088889671114, 40.129681323470351 ], [ 44.426834492513969, 40.126752254623476 ], [ 44.433632808056394, 40.126812504313293 ], [ 44.433236909794658, 40.125568158182702 ], [ 44.433608818664993, 40.124782366905684 ], [ 44.431580078791704, 40.124416395703449 ], [ 44.43182260203983, 40.123765945921257 ], [ 44.430468890447273, 40.123129144503061 ], [ 44.432281095040544, 40.122510609739599 ], [ 44.432561423794759, 40.121846248543555 ], [ 44.433277229101471, 40.121491273955151 ], [ 44.431699292927796, 40.120636724636121 ], [ 44.430330084147833, 40.1204011303141 ], [ 44.42993120049789, 40.121070810530412 ], [ 44.428051860486327, 40.12008327830312 ], [ 44.429238698803523, 40.113614878704908 ], [ 44.435483251686108, 40.11855829545572 ], [ 44.444994441606703, 40.109379819328396 ], [ 44.459053724845518, 40.108674553497778 ], [ 44.456180227069801, 40.105565761509411 ], [ 44.457775101971201, 40.104661368896146 ], [ 44.459927745746775, 40.105932299341362 ], [ 44.462706528429337, 40.10438633407594 ], [ 44.46361382799973, 40.105274225729964 ], [ 44.4646656822175, 40.105567469928886 ], [ 44.465995892802148, 40.107023001233848 ], [ 44.470847420956936, 40.10687099340911 ], [ 44.473962271171231, 40.105760826046676 ], [ 44.481057106360055, 40.105728756616479 ], [ 44.491524593309087, 40.105123892302991 ], [ 44.492412672806964, 40.103780804085609 ], [ 44.491897538580503, 40.103084132619898 ], [ 44.490953945839209, 40.102732203503891 ], [ 44.491036320931606, 40.101856458252009 ], [ 44.490216949427555, 40.100991897142563 ], [ 44.490646543902301, 40.099954390419803 ], [ 44.489660073826158, 40.099298489226832 ], [ 44.489087661921523, 40.095819215326202 ], [ 44.490697280431135, 40.095510433263229 ], [ 44.492580379352766, 40.09640018341188 ], [ 44.493009267329036, 40.096159657721756 ], [ 44.492155410675686, 40.094959903721502 ], [ 44.492138656183855, 40.093763017655284 ], [ 44.490865448297257, 40.093455178964305 ], [ 44.489552842858195, 40.090738158164335 ], [ 44.490234343865758, 40.089972265732357 ], [ 44.490316068281075, 40.089080043608639 ], [ 44.49173471193172, 40.088242669786517 ], [ 44.491307629283803, 40.086807727091362 ], [ 44.493303368345302, 40.08447035731772 ], [ 44.494004094703776, 40.084518889913831 ], [ 44.500484961132443, 40.087245984794741 ], [ 44.502546531430276, 40.087607537134382 ], [ 44.504373907286187, 40.087295448217183 ], [ 44.505671628190782, 40.088087183395679 ], [ 44.507185070113536, 40.088357313405339 ], [ 44.506454976038945, 40.087409974074859 ], [ 44.506740522230785, 40.086182294170811 ], [ 44.508195309479568, 40.086383043108611 ], [ 44.508472892524964, 40.085851028861775 ], [ 44.507553986928123, 40.085000449769431 ], [ 44.505978398364888, 40.081608138696332 ], [ 44.50385149578581, 40.079491858367689 ], [ 44.504157413633116, 40.079199150198875 ], [ 44.505932101722905, 40.079767525154907 ], [ 44.506478772336841, 40.079337945042184 ], [ 44.506330467399309, 40.078305403248983 ], [ 44.503227990125282, 40.075668060793433 ], [ 44.504132957239932, 40.075447135279994 ], [ 44.506021468458485, 40.07609592509381 ], [ 44.505492828846215, 40.075187799111831 ], [ 44.503701076176192, 40.074057067997252 ], [ 44.502839829093894, 40.07195789154467 ], [ 44.503286135769535, 40.071798602662973 ], [ 44.505747866004533, 40.072238323529774 ], [ 44.508090535229151, 40.073218584694949 ], [ 44.507383716135053, 40.071507887422683 ], [ 44.509740913590939, 40.071644280690627 ], [ 44.509481532851474, 40.070668529862395 ], [ 44.510236952477882, 40.069881380896959 ], [ 44.514145562050011, 40.070615954172389 ], [ 44.515555365691945, 40.069487563081701 ], [ 44.516547286559302, 40.069632977450858 ], [ 44.517332564272891, 40.070293794545258 ], [ 44.522057865845596, 40.072511379068992 ], [ 44.523116452291873, 40.073526417032276 ], [ 44.52426942263024, 40.073904530283841 ], [ 44.530288181978449, 40.065894914035631 ], [ 44.536683786429187, 40.068593527254663 ], [ 44.537421818167616, 40.069585585719885 ], [ 44.537695710798346, 40.070753643496431 ], [ 44.54114870178725, 40.074297670618705 ], [ 44.545367278504322, 40.076578648069855 ], [ 44.548996031699922, 40.073190635196937 ], [ 44.552497081520642, 40.076480208250373 ], [ 44.554510417051553, 40.079210989298652 ], [ 44.552224843713105, 40.08234383399877 ], [ 44.555577916576105, 40.085056827933087 ], [ 44.560018171992851, 40.087830005509119 ], [ 44.568532708051997, 40.094892727966794 ], [ 44.57471105519349, 40.099153486114439 ], [ 44.574459845540659, 40.100097497413422 ], [ 44.575357178984831, 40.102257378673777 ], [ 44.579813106425874, 40.106967022404781 ], [ 44.581751155407098, 40.108455088938115 ], [ 44.58358842291323, 40.10933704980598 ], [ 44.585284849724118, 40.109835036831591 ], [ 44.587710814687625, 40.110052280117515 ], [ 44.589004672513582, 40.114475587984394 ], [ 44.591918029332192, 40.118032794661474 ], [ 44.594055484601697, 40.119381064899144 ], [ 44.600000769628103, 40.121781839323241 ], [ 44.603882190011895, 40.123809817833447 ], [ 44.606015276287998, 40.12682108815347 ], [ 44.606321281253258, 40.12956042129349 ], [ 44.605667989528484, 40.133337074152529 ], [ 44.608213501444993, 40.136389015295293 ], [ 44.615291015921095, 40.137789770972063 ], [ 44.617854826213076, 40.138928108698757 ], [ 44.620336748638358, 40.138557902866843 ], [ 44.620267546120637, 40.135938020298106 ], [ 44.619307563125346, 40.13393469289192 ], [ 44.619896991687767, 40.133091752372124 ], [ 44.619904764586316, 40.130336509420296 ], [ 44.620307351755407, 40.129455936285247 ], [ 44.619713360845765, 40.127067133219505 ], [ 44.61694819939877, 40.125055908228752 ], [ 44.616623719877616, 40.124166487392721 ], [ 44.617317387124125, 40.123533934500948 ], [ 44.616621247062461, 40.123185498966045 ], [ 44.617052717505558, 40.122090088873776 ], [ 44.616501493538955, 40.120470451162333 ], [ 44.617043420234737, 40.120040870868536 ], [ 44.616543043573728, 40.116621663920412 ], [ 44.616996216983523, 40.115140248261483 ], [ 44.616163195115654, 40.113774115754389 ], [ 44.616317338010582, 40.113011094857747 ], [ 44.617774694714832, 40.111747000376859 ], [ 44.618187223939344, 40.110760074927569 ], [ 44.618038149776176, 40.109462338310458 ], [ 44.619410387488678, 40.107582666062299 ], [ 44.619334420767842, 40.106999908584456 ], [ 44.621326705257907, 40.105288586837879 ], [ 44.621283162867115, 40.104204878036434 ], [ 44.622448376645607, 40.10322013339686 ], [ 44.622826076792876, 40.101786956097179 ], [ 44.623818488341861, 40.100749400402371 ], [ 44.626146577635019, 40.100835186243621 ], [ 44.635912988919536, 40.099941893284324 ], [ 44.64133693219717, 40.098094826555773 ], [ 44.648664228685384, 40.097855678183898 ], [ 44.648551806220269, 40.097200249740993 ], [ 44.649258052884989, 40.096159037582069 ], [ 44.648881535039074, 40.094126972096888 ], [ 44.647749780954221, 40.092149708658575 ], [ 44.646900520166405, 40.091849168229707 ], [ 44.645965522779818, 40.092198764507515 ], [ 44.644896624383392, 40.090572051797615 ], [ 44.64319453470447, 40.090254862497829 ], [ 44.641702421318691, 40.089559847612513 ], [ 44.640427464947287, 40.089791367303867 ], [ 44.638636111842025, 40.089143764114397 ], [ 44.63759341496425, 40.087515696280924 ], [ 44.637700204206268, 40.086930532117975 ], [ 44.636599747468267, 40.08630784090731 ], [ 44.63701250990777, 40.085422430570695 ], [ 44.636083287712552, 40.085311082511296 ], [ 44.633802416095804, 40.084026859821478 ], [ 44.63283767061818, 40.08430571174555 ], [ 44.632390236341301, 40.083092380188816 ], [ 44.631229734882794, 40.082890757669553 ], [ 44.630007550257247, 40.082137044184513 ], [ 44.628962483795476, 40.082169835909241 ], [ 44.628647107047804, 40.081242295451446 ], [ 44.627409756404276, 40.080318717830096 ], [ 44.627644766367609, 40.079914113094802 ], [ 44.626703876877869, 40.078512215722562 ], [ 44.626004771240446, 40.078641295506912 ], [ 44.625477281983876, 40.07773175718031 ], [ 44.624171445298238, 40.076897317398789 ], [ 44.621078272703627, 40.075520801583863 ], [ 44.620059726620859, 40.075645891386323 ], [ 44.619470664629958, 40.075031025905119 ], [ 44.617718378856722, 40.074610790314608 ], [ 44.618841633427031, 40.070895282230758 ], [ 44.620428842895251, 40.070990954998067 ], [ 44.622057738754656, 40.07270955990186 ], [ 44.622927608529615, 40.073006862997765 ], [ 44.62533396872022, 40.072827282889115 ], [ 44.626983224708013, 40.073701138233247 ], [ 44.629566051345734, 40.073953663042204 ], [ 44.632621383061846, 40.075062461211061 ], [ 44.633610562635667, 40.075950952627593 ], [ 44.638390933347431, 40.077843836818623 ], [ 44.63907447493154, 40.078843700556774 ], [ 44.64130745246041, 40.0799325127836 ], [ 44.642408295439466, 40.07987929160727 ], [ 44.643202444889937, 40.080699158021027 ], [ 44.645341681027332, 40.081775583376455 ], [ 44.646515043824998, 40.08193543989713 ], [ 44.648480177908624, 40.083395943272748 ], [ 44.650721505947061, 40.086629690166887 ], [ 44.65218754978924, 40.087752038994253 ], [ 44.653752399586004, 40.08792501984005 ], [ 44.658538092485955, 40.090589804077581 ], [ 44.660487594904296, 40.092146220838096 ], [ 44.66210210229837, 40.092707746909547 ], [ 44.663161879604452, 40.093720583600813 ], [ 44.663928549777694, 40.093843019051938 ], [ 44.664896368263904, 40.094979704398938 ], [ 44.666584339258193, 40.095633700416116 ], [ 44.666940742310558, 40.096404058367781 ], [ 44.668905152818219, 40.09818877205057 ], [ 44.670343444260659, 40.098685727537728 ], [ 44.673080076412916, 40.101018590514947 ], [ 44.675350443827057, 40.101097102334464 ], [ 44.677007546580604, 40.102294754091766 ], [ 44.680434865712407, 40.102797114386959 ], [ 44.684349195867071, 40.10437234738702 ], [ 44.686181514566222, 40.104377326288713 ], [ 44.687412233990791, 40.10579910920363 ], [ 44.692303681351895, 40.105981924816412 ], [ 44.692657399902629, 40.10742536069084 ], [ 44.693566471564225, 40.107271498844604 ], [ 44.696070875313097, 40.107602659546437 ], [ 44.696849901906702, 40.108518283797615 ], [ 44.698107480213771, 40.108668284612911 ], [ 44.699795052828236, 40.109562211443276 ], [ 44.703288324297766, 40.109426963534752 ], [ 44.706192859925331, 40.108623532005744 ], [ 44.707717208905329, 40.10742530867936 ], [ 44.708846332184663, 40.107079549259367 ], [ 44.711245964375742, 40.108062429827932 ], [ 44.712341930739598, 40.108149303122474 ], [ 44.714818502078323, 40.107674594726518 ], [ 44.71773662997326, 40.10796053811093 ], [ 44.719226324684868, 40.107519388373014 ], [ 44.722921301641392, 40.107816786425978 ], [ 44.724749117392648, 40.108963122392275 ], [ 44.725634172400795, 40.110876530479366 ], [ 44.726854541102206, 40.111203976859379 ], [ 44.728257624135544, 40.111052600806183 ], [ 44.729403319195654, 40.110466264234773 ], [ 44.730237222067544, 40.10950654526102 ], [ 44.731804941960604, 40.109125520602184 ], [ 44.733291426656706, 40.109489577304188 ], [ 44.733848328607429, 40.111269938121715 ], [ 44.73613999237979, 40.111842397207816 ], [ 44.737073731683708, 40.113407225181632 ], [ 44.739783249198773, 40.113461427489767 ], [ 44.742189585510104, 40.116151786768121 ], [ 44.743175987983726, 40.116262165508829 ], [ 44.747117579321198, 40.117797480156817 ], [ 44.74832720109368, 40.118599021702536 ], [ 44.751691026758458, 40.119700174603089 ], [ 44.756652721951802, 40.12197544388566 ], [ 44.757526886185033, 40.122842772769957 ], [ 44.758764099883805, 40.122941522564638 ], [ 44.759763329704164, 40.123893242741467 ], [ 44.761312485171494, 40.124389298388188 ], [ 44.762434163704327, 40.125423630312277 ], [ 44.76777909389569, 40.127427209957332 ], [ 44.7699034315538, 40.127415445817512 ], [ 44.772335808515194, 40.128152891862563 ], [ 44.775120476014393, 40.127878972470313 ], [ 44.781656530786982, 40.128987784767034 ], [ 44.784567532456776, 40.126067689172622 ], [ 44.79251425322034, 40.12855884056772 ], [ 44.794427797758843, 40.129824679908047 ], [ 44.795535021609609, 40.132952958907431 ], [ 44.797545301264861, 40.133352134692366 ], [ 44.797766427687399, 40.134014386256922 ], [ 44.800045504913278, 40.134575993479132 ], [ 44.802454463171188, 40.134090307184024 ], [ 44.804903849786299, 40.134195984832139 ], [ 44.805708787879936, 40.134742470629547 ], [ 44.807858799303212, 40.135328241138907 ], [ 44.810508804353788, 40.13515348170327 ], [ 44.81362796973027, 40.135716262516965 ], [ 44.816397817229998, 40.136869988658553 ], [ 44.819422014755254, 40.140346661525442 ], [ 44.819957672495384, 40.141622933600445 ], [ 44.823535201603839, 40.144985565549682 ], [ 44.825760728230911, 40.146370681727213 ], [ 44.828290160642581, 40.146810000774721 ], [ 44.83192562219034, 40.148547267427098 ], [ 44.832909582557875, 40.149351372567594 ], [ 44.832797117005477, 40.15021661580279 ], [ 44.833536831257504, 40.150754833578375 ], [ 44.83483279362089, 40.149814234663879 ], [ 44.837426493077231, 40.148641524465724 ], [ 44.83978271649903, 40.148872199695084 ], [ 44.841088087683524, 40.147746148947945 ], [ 44.842854343615315, 40.147020925087709 ], [ 44.844866673395849, 40.147432931756278 ], [ 44.847349551742361, 40.14704072235461 ], [ 44.848316143852848, 40.147767408650381 ], [ 44.851331683655147, 40.148548552190782 ], [ 44.853763490960652, 40.150303680671442 ], [ 44.855358424818554, 40.152101952696825 ], [ 44.855265272538041, 40.153552669094573 ], [ 44.856252266193898, 40.155367438593657 ], [ 44.856261625797302, 40.156911904640005 ], [ 44.855598988134879, 40.15738703823056 ], [ 44.856037086900024, 40.158101390154719 ], [ 44.862571583059065, 40.158942800867806 ], [ 44.864400498014724, 40.160521570331447 ], [ 44.865700208393577, 40.160891504751639 ], [ 44.867320183354735, 40.159997764529592 ], [ 44.868756968526036, 40.160288941744511 ], [ 44.868963590618385, 40.161337040821266 ], [ 44.870403618585655, 40.161658082428595 ], [ 44.872191343474491, 40.162679782269969 ], [ 44.872472754122668, 40.163450556494638 ], [ 44.875139958128642, 40.166331065260863 ], [ 44.879527732695415, 40.165881368433709 ], [ 44.881183458625237, 40.166412177129381 ], [ 44.882520484159741, 40.165602434728925 ], [ 44.885359650136131, 40.166806497045563 ], [ 44.888091356795094, 40.165257992769391 ], [ 44.889199106950336, 40.165222124492963 ], [ 44.890779013005542, 40.164496355335572 ], [ 44.895825242645074, 40.16484740843795 ], [ 44.898392741419556, 40.165551413491158 ], [ 44.900116884632062, 40.166365046193654 ], [ 44.900777408206181, 40.166141647491465 ], [ 44.902788925098619, 40.167154400550352 ], [ 44.904065122057979, 40.167037910709702 ], [ 44.906986569594565, 40.168072197553947 ], [ 44.90838604691826, 40.16949531779121 ], [ 44.913849505137513, 40.170389121472205 ], [ 44.915915083140099, 40.171082505155958 ], [ 44.918288531605278, 40.171245099883826 ], [ 44.919198689427731, 40.171951665342199 ], [ 44.92360476719584, 40.172048140821921 ], [ 44.925685648398328, 40.172482367583555 ], [ 44.934173548000238, 40.176012740799663 ], [ 44.936094387366964, 40.177408625800922 ], [ 44.939712371124777, 40.179360742264755 ], [ 44.944279896351098, 40.180648760845791 ], [ 44.9466730304718, 40.179957291573423 ], [ 44.950489273211033, 40.181075540677504 ], [ 44.954205086657737, 40.181041724265178 ], [ 44.956569450704833, 40.180563011859036 ], [ 44.958324364784396, 40.179517608633049 ], [ 44.958290604318798, 40.178240986034282 ], [ 44.95966258809149, 40.176010412934382 ], [ 44.960788777134681, 40.176018667258212 ], [ 44.961858689411464, 40.177680009862307 ], [ 44.963492383001928, 40.178249180449271 ], [ 44.965584063464405, 40.177949214926713 ], [ 44.967332200701733, 40.178218422828351 ], [ 44.96740004647944, 40.179213932075108 ], [ 44.968323525336963, 40.179955675316414 ], [ 44.97025139892294, 40.180531174991856 ], [ 44.974353823932752, 40.179681020806328 ], [ 44.976345489059483, 40.178408155736435 ], [ 44.977743380605446, 40.175621673523345 ], [ 44.978807423517239, 40.17453955326507 ], [ 44.983857284769087, 40.175493884147613 ], [ 44.986791758759402, 40.174788660216876 ], [ 44.988588191492106, 40.174726804149408 ], [ 44.991055072861329, 40.17539740434205 ], [ 44.992576387912941, 40.175335465720245 ], [ 44.994329523346977, 40.175809172033617 ], [ 44.997500143198415, 40.175832817784212 ], [ 45.000810483512495, 40.17528555314076 ], [ 45.00275171587046, 40.176157642093855 ], [ 45.007836143660157, 40.176110762427193 ], [ 45.009850553184052, 40.177434371030941 ], [ 45.01677728504982, 40.178063937681287 ], [ 45.020193393789761, 40.177483192107303 ], [ 45.020094198399882, 40.176498080964862 ], [ 45.017908036092095, 40.172720452578424 ], [ 45.015422049869933, 40.169352383843155 ], [ 45.01557599750786, 40.166207859069182 ], [ 45.016515169957842, 40.164383608622352 ], [ 45.018575799045941, 40.162552721051796 ], [ 45.021879885367021, 40.161295300024811 ], [ 45.02438606682918, 40.159873267170077 ], [ 45.026418644482028, 40.158114947431919 ], [ 45.024355240882265, 40.152391190300264 ], [ 45.021887426971119, 40.143281969977757 ], [ 45.021859310733689, 40.13854863270199 ], [ 45.020188895798078, 40.134563913150728 ], [ 45.020234920462649, 40.132445980085905 ], [ 45.017145256633263, 40.128418190307706 ], [ 45.017292911037302, 40.126883071566873 ], [ 45.015609217596655, 40.12306877685571 ], [ 45.013499990590667, 40.12058157446252 ], [ 45.011833722354773, 40.119519160097063 ], [ 45.009579225174008, 40.119701368792512 ], [ 45.006694867966353, 40.117253390591003 ], [ 45.003472523424861, 40.113496392466104 ], [ 45.000333329080746, 40.11291855189949 ], [ 45.000927118933127, 40.11166567372269 ], [ 45.000698517310447, 40.10745550230795 ], [ 45.001486743101019, 40.105980642732767 ], [ 45.002486387980547, 40.10519823076406 ], [ 45.002167603108255, 40.10389975926136 ], [ 44.999139804643065, 40.102130777585764 ], [ 45.001592342596616, 40.099665066880597 ], [ 45.000667858204508, 40.097457690618143 ], [ 45.002993836424309, 40.095203780193657 ], [ 45.003913791423329, 40.092017905327246 ], [ 45.00458904145313, 40.091129868009453 ], [ 45.003779337082541, 40.086665847094046 ], [ 45.003050994028357, 40.085199614464791 ], [ 45.004310828554409, 40.082752981107326 ], [ 45.00711368207682, 40.080418759487259 ], [ 45.013093243439165, 40.078736302182207 ], [ 45.016154902915872, 40.076396663966911 ], [ 45.020717309774298, 40.076088765594321 ], [ 45.028283854258873, 40.077460651722248 ], [ 45.031177714319924, 40.071597656834683 ], [ 45.028718193189789, 40.071782910645197 ], [ 45.025330696256653, 40.070164608668669 ], [ 45.024618732171042, 40.068942774615309 ], [ 45.024029946930135, 40.065830300596637 ], [ 45.021796714529749, 40.06410799000551 ], [ 45.02025745194743, 40.063363592086425 ], [ 45.023212823862053, 40.062769354874526 ], [ 45.025932664239804, 40.061224317411607 ], [ 45.028824864731199, 40.058897871490529 ], [ 45.031691401999723, 40.051138330168811 ], [ 45.030170642234779, 40.048883431425423 ], [ 45.030048663724145, 40.047848927657697 ], [ 45.033129339517998, 40.047066393866089 ], [ 45.037075665897042, 40.047726352718911 ], [ 45.038916426604793, 40.047457544994778 ], [ 45.040869477675074, 40.045560055529386 ], [ 45.042110613017975, 40.045559611108096 ], [ 45.045796240688794, 40.044688957333172 ], [ 45.049984286527035, 40.044308146885911 ], [ 45.052096950684955, 40.043376357725528 ], [ 45.053466837763111, 40.041535664769285 ], [ 45.053878591639865, 40.038884906609745 ], [ 45.055718297555451, 40.038234657429093 ], [ 45.057010773564436, 40.037221950551377 ], [ 45.057692728945838, 40.036188447145534 ], [ 45.058198672681627, 40.033010132536376 ], [ 45.056598915845029, 40.030366016605576 ], [ 45.056437236277915, 40.029087201494754 ], [ 45.055390401710923, 40.027839620978142 ], [ 45.056005094862591, 40.026366893808166 ], [ 45.055113740968636, 40.024416590023613 ], [ 45.054443151170013, 40.024181811530475 ], [ 45.053445823965198, 40.02202553504025 ], [ 45.050414492628484, 40.020043547321947 ], [ 45.051588131518947, 40.018954111011872 ], [ 45.051495857434034, 40.017470670365803 ], [ 45.052374531101819, 40.016088540926965 ], [ 45.054075757180939, 40.015967573375548 ], [ 45.057842808268397, 40.016415729301599 ], [ 45.060228844960307, 40.015615955542629 ], [ 45.065714559284501, 40.011203907959178 ], [ 45.068535690714711, 40.003859310496111 ], [ 45.067768111137788, 39.995180785662292 ], [ 45.06856091077546, 39.994561827026374 ], [ 45.071763479942739, 39.997450763630376 ], [ 45.078852509378336, 39.991177854421231 ], [ 45.07901449335214, 39.98949358692532 ], [ 45.083637690285492, 39.986372758855872 ], [ 45.084523872643423, 39.988905240303787 ], [ 45.085229833996628, 39.989258151755088 ], [ 45.08832381901712, 39.989490674689534 ], [ 45.089340018095655, 39.990558032388435 ], [ 45.091939024382036, 39.991475690355614 ], [ 45.097706161534127, 39.992751464845213 ], [ 45.100355238799608, 39.992568791293301 ], [ 45.101074417405769, 39.993396168479919 ], [ 45.102172011774385, 39.993103628879268 ], [ 45.10709496821395, 39.98914083772344 ], [ 45.103311584178449, 39.970324402239577 ], [ 45.104090455784977, 39.969787214581388 ], [ 45.104635688083562, 39.967554818100233 ], [ 45.103653352096948, 39.965125865353841 ], [ 45.0989065673635, 39.961482607952561 ], [ 45.093454893464866, 39.956492744273405 ], [ 45.091091106969031, 39.953042865340478 ], [ 45.092072671065601, 39.950622535229463 ], [ 45.096616381512362, 39.949246956117385 ], [ 45.098621735015023, 39.947360993089518 ], [ 45.099295892624596, 39.944802551739464 ], [ 45.099006117469358, 39.94418186750881 ], [ 45.099418617685039, 39.941563048528685 ], [ 45.099326407673423, 39.938173880873144 ], [ 45.099922276580259, 39.935582640888512 ], [ 45.102806025563865, 39.930570883248542 ], [ 45.104010755482605, 39.930258150091746 ], [ 45.106294262347099, 39.925896817958815 ], [ 45.107725713536709, 39.924461546290871 ], [ 45.108841537668923, 39.923998346888922 ], [ 45.108056919964959, 39.921104301091979 ], [ 45.107965506072759, 39.917815293447951 ], [ 45.106658833099758, 39.915792075660889 ], [ 45.103860782371093, 39.913114138203646 ], [ 45.102792789697382, 39.911282664769992 ], [ 45.102592554712366, 39.908975922974776 ], [ 45.101589956944856, 39.90561773762883 ], [ 45.102820651470715, 39.903459565836457 ], [ 45.104848834574909, 39.901529640860076 ], [ 45.104984495427011, 39.899939126492988 ], [ 45.104417923745245, 39.897317871087331 ], [ 45.102978207175177, 39.895915978470036 ], [ 45.102319175848827, 39.894282366885797 ], [ 45.102394213917592, 39.893400542520375 ], [ 45.101873121560622, 39.892095997210738 ], [ 45.102410326948991, 39.890056903227688 ], [ 45.102290063195099, 39.888570850682498 ], [ 45.101529064123703, 39.884683472614789 ], [ 45.099704488523884, 39.882274754947638 ], [ 45.09913944341605, 39.880518282038416 ], [ 45.101784183807339, 39.877626263888921 ], [ 45.104589001971753, 39.875801854329531 ], [ 45.103181675227979, 39.874430554447656 ], [ 45.100548719664886, 39.869594978633799 ], [ 45.098246689423569, 39.867769519885677 ], [ 45.097463281966853, 39.866071269782566 ], [ 45.094541353093085, 39.862624281195664 ], [ 45.09319929091707, 39.858774149304253 ], [ 45.099794461759004, 39.848489984352994 ], [ 45.088805281508421, 39.846170286566739 ], [ 45.082488742204049, 39.846545906937294 ], [ 45.075103708396099, 39.843309213462291 ], [ 45.072309655531647, 39.841743874588929 ], [ 45.070125092620991, 39.841988386351225 ], [ 45.069286106843307, 39.839209601062763 ], [ 45.064770890345535, 39.838632107119437 ], [ 45.066206281551814, 39.83695609966226 ], [ 45.067488346184703, 39.833857151475321 ], [ 45.064545191198725, 39.834660393334623 ], [ 45.062430286525078, 39.834202226571698 ], [ 45.06222045338658, 39.834697693082347 ], [ 45.061157272043459, 39.834590181875917 ], [ 45.065777322070943, 39.828166063631222 ], [ 45.06594510113748, 39.815862791154302 ], [ 45.067350765177423, 39.813083672492596 ], [ 45.067066812447962, 39.809427750291739 ], [ 45.067563655350725, 39.808894190325994 ], [ 45.0652081319502, 39.80682107637508 ], [ 45.065028396985376, 39.801975690750041 ], [ 45.064382903795412, 39.798463519193952 ], [ 45.063051343632111, 39.797941874352141 ], [ 45.062736877945035, 39.795892419722605 ], [ 45.061075777835669, 39.794205184834468 ], [ 45.055099717867634, 39.791436677978425 ], [ 45.050069540099237, 39.790743356608125 ], [ 45.048674411959112, 39.790233124050175 ], [ 45.046381919685778, 39.784303369547878 ], [ 45.045197973800768, 39.783358267332382 ], [ 45.039974574024612, 39.780894528960928 ], [ 45.037524823610035, 39.776751375420545 ], [ 45.037380356823427, 39.773300422091893 ], [ 45.035022570722916, 39.770662491378154 ], [ 45.031785717378355, 39.767933600217511 ], [ 45.030672828019298, 39.76734699194769 ], [ 45.028250278739698, 39.767021542539268 ], [ 45.026011143565007, 39.767511147892428 ], [ 45.024277050447878, 39.768573279315696 ], [ 45.01965422122759, 39.766747414924133 ], [ 45.015766949386837, 39.765987195560847 ], [ 45.011448816045494, 39.763096290051948 ], [ 45.010729199916796, 39.761752381089394 ], [ 45.011015247992596, 39.760422248752867 ], [ 45.007382781258478, 39.75639043498407 ], [ 45.006481263337513, 39.753561609499748 ], [ 45.006721439699341, 39.751938469609804 ], [ 45.00724620717655, 39.750134698660609 ], [ 45.003982596203159, 39.750033167432456 ], [ 44.998918831955791, 39.748715083052893 ], [ 44.991662994496281, 39.747731991591891 ], [ 44.981301231070589, 39.744122367123801 ], [ 44.957771575819208, 39.730801983077285 ], [ 44.952614982928829, 39.728710637187007 ], [ 44.948267272240244, 39.7283730445195 ], [ 44.938734419182261, 39.724931983986323 ], [ 44.933629935624317, 39.724558163338017 ], [ 44.929104562304055, 39.724871595477104 ], [ 44.923982505853076, 39.726920797517387 ], [ 44.919024166677779, 39.727060452101554 ], [ 44.916292364389854, 39.727993214622337 ], [ 44.913577015319646, 39.728280376598079 ], [ 44.910392502455977, 39.729608229692936 ], [ 44.906396800071981, 39.728192138514061 ], [ 44.905706623797741, 39.728528507427747 ], [ 44.904597232257544, 39.731462717933731 ], [ 44.904118981210026, 39.738003169364987 ], [ 44.903553132996784, 39.739959058312088 ], [ 44.90259424825598, 39.741066858505761 ], [ 44.899610653481368, 39.743269224154766 ], [ 44.894023455253951, 39.743542494806761 ], [ 44.887919689631339, 39.748520686629789 ], [ 44.887166484857872, 39.748822775526413 ], [ 44.885470389702547, 39.748148756000496 ], [ 44.884570731632522, 39.747278371148184 ], [ 44.877094095605777, 39.737218745403474 ], [ 44.869396944210322, 39.735579638691398 ], [ 44.862440030355913, 39.735996515712792 ], [ 44.859678294638279, 39.735343951264241 ], [ 44.855652817431938, 39.735849132625937 ], [ 44.850727083260445, 39.735982016759991 ], [ 44.84718716904851, 39.734168770929728 ], [ 44.843828364027445, 39.73203103462788 ], [ 44.837542551858249, 39.731555946206377 ], [ 44.833204574843535, 39.732304711196996 ], [ 44.829811154089768, 39.730711531770233 ], [ 44.767285051596268, 39.716598318328032 ], [ 44.758959010066931, 39.714865932121768 ], [ 44.752053690392785, 39.714804998661371 ], [ 44.749141987576728, 39.715171782635259 ], [ 44.747674264969426, 39.716298942161131 ], [ 44.747096714653644, 39.719337875906518 ], [ 44.747089878509883, 39.721207273934446 ], [ 44.748316397384997, 39.723954766882535 ], [ 44.748871655138878, 39.726086230198263 ], [ 44.748414522968304, 39.727932912818169 ], [ 44.745256288694172, 39.729360681644465 ], [ 44.742770459699237, 39.732175127479664 ], [ 44.742781255134062, 39.735459373648375 ], [ 44.743589265430224, 39.737743579352774 ], [ 44.744330883816552, 39.742766529461299 ], [ 44.74365196252829, 39.743612784158607 ], [ 44.738239263584674, 39.745296198549141 ], [ 44.735564468235665, 39.745224917823279 ], [ 44.733038951669684, 39.742958455358192 ], [ 44.731616595587255, 39.740757818692046 ], [ 44.730155173021821, 39.740058834254086 ], [ 44.72793245754621, 39.739640632439475 ], [ 44.72621425006966, 39.739810486844114 ], [ 44.724099852137108, 39.740479331268709 ], [ 44.722519168016071, 39.74145373716474 ], [ 44.719601471042459, 39.745772434487776 ], [ 44.717989354241432, 39.748441882904075 ], [ 44.714348113590276, 39.756142114104307 ], [ 44.712627150657553, 39.763637195889956 ], [ 44.709969869491744, 39.769293113730029 ], [ 44.707906887428607, 39.770874747887497 ], [ 44.70542507302526, 39.771564058306993 ], [ 44.702044419448711, 39.771642369061659 ], [ 44.697730749261346, 39.771351912233754 ], [ 44.694409034093447, 39.770843251132639 ], [ 44.691792550026889, 39.770119000058138 ], [ 44.689708091076817, 39.77011344094096 ], [ 44.688071675133855, 39.770695953585921 ], [ 44.685667350795235, 39.772884912679373 ], [ 44.685211188450282, 39.774079217868305 ], [ 44.685314018853553, 39.776979083704106 ], [ 44.685668066129317, 39.781128610478248 ], [ 44.686839948446099, 39.78339681731704 ], [ 44.688356031929395, 39.784574705574862 ], [ 44.690634931298455, 39.785298132683636 ], [ 44.696252180001316, 39.788430133132145 ], [ 44.696478471006728, 39.790885034619521 ], [ 44.695599618524028, 39.792100006742693 ], [ 44.694186030621395, 39.793161403191668 ], [ 44.692716333315481, 39.79415742228462 ], [ 44.686902359040801, 39.796185150782982 ], [ 44.684000720640149, 39.796003382104473 ], [ 44.681300968731101, 39.794822191445924 ], [ 44.679426460735527, 39.793317401551533 ], [ 44.678441449577903, 39.791228405614909 ], [ 44.678147676949663, 39.787664167390865 ], [ 44.676599451544632, 39.787355540293504 ], [ 44.672127912887824, 39.790591134613088 ], [ 44.669330507404176, 39.792235207508242 ], [ 44.6660052682113, 39.792290887840664 ], [ 44.659785688457923, 39.790729474044745 ], [ 44.658320285842706, 39.790768639266034 ], [ 44.656779039876774, 39.791037697075623 ], [ 44.653102725377003, 39.793678677613109 ], [ 44.651874900243499, 39.79580487236467 ], [ 44.650648301368882, 39.798486424867363 ], [ 44.648895226755783, 39.800399008110887 ], [ 44.645995134073104, 39.802116753119833 ], [ 44.642846921833197, 39.803689780727794 ], [ 44.638474103808292, 39.803926833472403 ], [ 44.634605225150082, 39.805414558836681 ], [ 44.632471931727871, 39.807520090984198 ], [ 44.629797800991597, 39.812145414609567 ], [ 44.627521232482387, 39.813518538194366 ], [ 44.625389222756048, 39.814132815779374 ], [ 44.61810761293188, 39.813346818356436 ], [ 44.614441312736233, 39.813296073512262 ], [ 44.613028731755925, 39.813878265489421 ], [ 44.612093336298834, 39.814809828882858 ], [ 44.61188981853217, 39.81612162023233 ], [ 44.612670504231964, 39.817645817048628 ], [ 44.61851763594531, 39.820534479198649 ], [ 44.620210180615452, 39.822876755997889 ], [ 44.620467869670811, 39.824714369875906 ], [ 44.619912702446008, 39.825701580902418 ], [ 44.61674269868751, 39.827962652101213 ], [ 44.614751778367399, 39.828564686755726 ], [ 44.612904836869433, 39.82862374543145 ], [ 44.611285451511776, 39.828324879008797 ], [ 44.60821567747027, 39.82528224748097 ], [ 44.603681513615378, 39.822028036372586 ], [ 44.602696579942425, 39.821731216994266 ], [ 44.601173611017416, 39.821856409725136 ], [ 44.593271378723621, 39.825519206925115 ], [ 44.592364649553296, 39.826298551008279 ], [ 44.591980667124972, 39.829253418053653 ], [ 44.588927901508775, 39.832948772644585 ], [ 44.588695216416973, 39.834143475339438 ], [ 44.589054481590715, 39.83536201392004 ], [ 44.590285483507692, 39.83697489866077 ], [ 44.594330136100069, 39.841396730300538 ], [ 44.595275814334279, 39.843617193464297 ], [ 44.59521491586564, 39.849181608535304 ], [ 44.59362004831344, 39.851827919510768 ], [ 44.5922854600202, 39.858126903370405 ], [ 44.589077963778664, 39.861105712589492 ], [ 44.582829203271125, 39.863626593602042 ], [ 44.581672483924066, 39.863665898419534 ], [ 44.578491435357513, 39.862632747239054 ], [ 44.575756008886202, 39.862535821173338 ], [ 44.574341823732148, 39.863161002724617 ], [ 44.573207384578744, 39.864156722004083 ], [ 44.571240292494977, 39.867496921062909 ], [ 44.567395157096854, 39.868895522073338 ], [ 44.5639712094967, 39.870578157520164 ], [ 44.562947127174922, 39.871921977261401 ], [ 44.561602723501203, 39.874829619404814 ], [ 44.560607436444201, 39.87606484273833 ], [ 44.552984915779454, 39.88125815179928 ], [ 44.550052358061393, 39.885311561486809 ], [ 44.549676456063331, 39.886701247582494 ], [ 44.550090874537645, 39.8880505293209 ], [ 44.55182696000756, 39.890100500022989 ], [ 44.552426938856307, 39.893298103948517 ], [ 44.551694502114671, 39.897447223316178 ], [ 44.552356780831147, 39.899753863871652 ], [ 44.552205907682911, 39.901253106622455 ], [ 44.55114680981211, 39.903531352117653 ], [ 44.549954209000305, 39.904635293033031 ], [ 44.54318235806258, 39.908608327877936 ], [ 44.538968738319085, 39.914633474903781 ], [ 44.537078668260236, 39.918647199097904 ], [ 44.535423477956037, 39.921292430867169 ], [ 44.534374854547337, 39.921896844558773 ], [ 44.532565476876925, 39.922280817397549 ], [ 44.529178165550917, 39.922223631471269 ], [ 44.522707777228405, 39.920352107422438 ], [ 44.521117814371628, 39.920334018787536 ], [ 44.519824926445892, 39.921467948063153 ], [ 44.519533204658288, 39.922814402176307 ], [ 44.51815696109486, 39.925830060757335 ], [ 44.515251273462603, 39.929513144066888 ], [ 44.514018678546449, 39.93013833898987 ], [ 44.510105585978017, 39.930513118380986 ], [ 44.508321904254394, 39.931201130796424 ], [ 44.507112926637888, 39.932456709484725 ], [ 44.502481402561337, 39.935877834212896 ], [ 44.502019860729185, 39.937223510938665 ], [ 44.502112788522936, 39.939984437192912 ], [ 44.501614610462056, 39.942481984120697 ], [ 44.500827181005441, 39.944490409871591 ], [ 44.498769875350249, 39.946511678211351 ], [ 44.496330486576731, 39.947633702465502 ], [ 44.494173648388191, 39.949058908689011 ], [ 44.49343392997195, 39.949794714217809 ], [ 44.492343399950606, 39.952137470464223 ], [ 44.49204810781093, 39.953875086118359 ], [ 44.491469397656935, 39.955741875062024 ], [ 44.48987288651211, 39.957734601809754 ], [ 44.487711701077316, 39.959681337651894 ], [ 44.485148749665157, 39.962452228404047 ], [ 44.481449556238864, 39.965691226857729 ], [ 44.480087405893258, 39.966511102245448 ], [ 44.477651453769667, 39.967369597740749 ], [ 44.470689607962647, 39.968989959804702 ], [ 44.468645575495913, 39.970284781067384 ], [ 44.466151833519895, 39.971273186469567 ], [ 44.464511300587965, 39.971526450928344 ], [ 44.462647138893239, 39.971474347133892 ], [ 44.459886170250073, 39.970505111955852 ], [ 44.455910157399082, 39.969875088405722 ], [ 44.453772320217418, 39.970289389381634 ], [ 44.452674951617226, 39.971629242393902 ], [ 44.451338979183859, 39.973258772499307 ], [ 44.451132534896239, 39.975438926127737 ], [ 44.45068778798526, 39.977872414073026 ], [ 44.44983174237273, 39.978559043135178 ], [ 44.447735145170405, 39.980730196943128 ], [ 44.444983043841503, 39.982134778369797 ], [ 44.441950264867323, 39.983174420931697 ], [ 44.43569302234981, 39.985657070010674 ], [ 44.432630251660591, 39.986989755623192 ], [ 44.42971616322729, 39.988240489005165 ], [ 44.428609333482214, 39.989387960528376 ], [ 44.42725423075138, 39.990309400837951 ], [ 44.424056180027819, 39.992856919478193 ], [ 44.422321638615664, 39.994482999231224 ], [ 44.421203939803441, 39.995939905894382 ], [ 44.420571930249544, 39.997153971636216 ], [ 44.419174547526715, 39.999917732264578 ], [ 44.41545223914548, 40.001945148056784 ], [ 44.411826451497397, 40.002883184847107 ], [ 44.40637663345661, 40.003656718240244 ], [ 44.403510412577006, 40.003623162088928 ], [ 44.399438629675217, 40.002870677559208 ], [ 44.398327458200761, 40.003051341021148 ], [ 44.39293987250899, 40.004965582178286 ], [ 44.389248647041974, 40.00551016109322 ], [ 44.386989888006873, 40.005237396579403 ], [ 44.382131691208464, 40.003661526938743 ], [ 44.378472876938247, 40.004475278263968 ], [ 44.372716286826218, 40.008299702105447 ], [ 44.369110051798195, 40.010084212283765 ], [ 44.366093840533061, 40.01352578439203 ], [ 44.358200620667581, 40.019259178598787 ], [ 44.356000181235352, 40.021768344920993 ], [ 44.354839470376184, 40.024935344380324 ], [ 44.353180419724588, 40.02696927626527 ], [ 44.352042943204829, 40.027658470595902 ], [ 44.350455758932249, 40.028062564580296 ], [ 44.344863239832854, 40.027274504523518 ], [ 44.342118101789843, 40.027541512848849 ], [ 44.340372963308205, 40.02822827744798 ] ], [ [ 44.972291349240898, 39.80390144779242 ], [ 44.971120606868858, 39.806661768492795 ], [ 44.96167923256592, 39.806376429351445 ], [ 44.946793920495494, 39.806852988699248 ], [ 44.937969034656916, 39.807873151962397 ], [ 44.935804431955923, 39.807825594673886 ], [ 44.933857644097614, 39.806781092875632 ], [ 44.932560786976296, 39.804438399686411 ], [ 44.932800174586077, 39.802081216175019 ], [ 44.935093704754756, 39.796344580972104 ], [ 44.939032604854866, 39.790544865819797 ], [ 44.941834924053559, 39.787052928136113 ], [ 44.945748018617486, 39.783170935622657 ], [ 44.948536461324842, 39.780896779925293 ], [ 44.954968667780953, 39.777174895124766 ], [ 44.957673400431453, 39.776762913216167 ], [ 44.959999816222123, 39.77690156466636 ], [ 44.962168664711641, 39.777554412782131 ], [ 44.96439187263514, 39.77901704666958 ], [ 44.966897482877997, 39.78260442777141 ], [ 44.970521104464389, 39.793436654423502 ], [ 44.971945563664384, 39.799121616906945 ], [ 44.97236532614933, 39.801811449457674 ], [ 44.972291349240898, 39.80390144779242 ] ] ] ] } },
{ "type": "Feature", "id": 3, "properties": { "cadastre_code": "09", "name_hy": "Սյունիք", "name_en": "Syunik", "name_ru": "Сюник", "type": "province", "province_hy": "Սյունիք", "province_en": "Syunik", "province_ru": "Сюник", "name_alt": null }, "geometry": { "type": "MultiPolygon", "coordinates": [ [ [ [ 45.694043594360338, 39.603254690134527 ], [ 45.693176132727302, 39.604431934856983 ], [ 45.694021942643374, 39.607815721274342 ], [ 45.692557112843048, 39.612078565787286 ], [ 45.691854966295395, 39.613187651546518 ], [ 45.691492683582318, 39.615091645257905 ], [ 45.693464461218127, 39.61916790119745 ], [ 45.695225337857764, 39.62501122483625 ], [ 45.700090995529351, 39.629394265526869 ], [ 45.701907434864864, 39.631543388906834 ], [ 45.703034346805083, 39.633954282240069 ], [ 45.705690853357396, 39.636923043396223 ], [ 45.708280091066477, 39.641204567229799 ], [ 45.710460044927522, 39.643775552873791 ], [ 45.711322805425603, 39.645625513829685 ], [ 45.714215468161527, 39.646601982971596 ], [ 45.714947242306678, 39.648593413712113 ], [ 45.7171941219529, 39.649391454206608 ], [ 45.711906599923061, 39.654252668250372 ], [ 45.708658831281497, 39.656544608941424 ], [ 45.710779053888444, 39.659510291228443 ], [ 45.712146623481374, 39.665529398701679 ], [ 45.712248429253634, 39.677456826158391 ], [ 45.713706859838332, 39.681869365035951 ], [ 45.713258433652605, 39.685534721395129 ], [ 45.720612770786772, 39.693400779444744 ], [ 45.727012297894632, 39.699261551752798 ], [ 45.729481305920785, 39.704135284962184 ], [ 45.729411703401638, 39.706715633132028 ], [ 45.730511076970998, 39.709654786421474 ], [ 45.730555027992573, 39.713833131880342 ], [ 45.730067410727656, 39.716497935609361 ], [ 45.726656125766475, 39.718610024842732 ], [ 45.716802706732409, 39.726357842533233 ], [ 45.716602581907594, 39.730739952073449 ], [ 45.717014490559059, 39.732363742401255 ], [ 45.714499822201248, 39.734310342892201 ], [ 45.711777433209932, 39.737856260194214 ], [ 45.708772013278953, 39.739874806105583 ], [ 45.708684410464038, 39.741600805254841 ], [ 45.708129672012468, 39.743054298939583 ], [ 45.710066670384236, 39.750545066762271 ], [ 45.708608968179789, 39.752772686940844 ], [ 45.708631710949597, 39.755036603336308 ], [ 45.710393520497313, 39.763163761906796 ], [ 45.711664736160827, 39.76472718452829 ], [ 45.709542954478067, 39.766468134073484 ], [ 45.709084767433303, 39.76759465870456 ], [ 45.707105471096476, 39.77023978655248 ], [ 45.707158101951983, 39.771156982012243 ], [ 45.709194712552531, 39.774240688710215 ], [ 45.710955545239997, 39.775659188420271 ], [ 45.7121574027829, 39.775875089481744 ], [ 45.713525715586208, 39.775436853738732 ], [ 45.71608655643513, 39.775716983766657 ], [ 45.719051105211314, 39.777865925445482 ], [ 45.724240833920454, 39.778686379834653 ], [ 45.7260923570458, 39.779560806305 ], [ 45.733003106537531, 39.790372752324352 ], [ 45.732607432431294, 39.793029351247739 ], [ 45.7376102019809, 39.795085325087079 ], [ 45.738995066500991, 39.79611697535362 ], [ 45.741145785407433, 39.798764520848536 ], [ 45.74133396048385, 39.799484896223831 ], [ 45.740856591119829, 39.800303314920747 ], [ 45.741279159348061, 39.801767191237282 ], [ 45.743314106865029, 39.804262829746648 ], [ 45.744924171673397, 39.807204521618097 ], [ 45.746801394846067, 39.812432121175028 ], [ 45.7479920622444, 39.814134433506624 ], [ 45.751079526347041, 39.814214416674353 ], [ 45.753920676200067, 39.815941659222247 ], [ 45.75611869422692, 39.820111280133894 ], [ 45.75803853591708, 39.821403797701599 ], [ 45.759179741093924, 39.822653108408794 ], [ 45.759737031029964, 39.824342679970137 ], [ 45.760933024376158, 39.825145657864269 ], [ 45.761913215643396, 39.827768522255028 ], [ 45.759079052497576, 39.828499541390293 ], [ 45.756227751246897, 39.8303384264767 ], [ 45.754208882520885, 39.835762635179861 ], [ 45.757593680590432, 39.83653768947746 ], [ 45.759924250809384, 39.837901703069306 ], [ 45.760886622665311, 39.838908135044065 ], [ 45.762545404652457, 39.839177259084856 ], [ 45.764320641567345, 39.838982317613315 ], [ 45.766174584217516, 39.837986283329805 ], [ 45.768549086480732, 39.837802132097849 ], [ 45.772704214841518, 39.84106459901286 ], [ 45.775000754569781, 39.842611869276951 ], [ 45.776854420542655, 39.843301740587307 ], [ 45.7780203659891, 39.844387333939864 ], [ 45.780898866886346, 39.850774311763672 ], [ 45.784174155175897, 39.855534013715221 ], [ 45.788011745394762, 39.859669828656564 ], [ 45.803576038094612, 39.865614370596482 ], [ 45.811628851606329, 39.871677752354543 ], [ 45.811734390083345, 39.869067713860716 ], [ 45.814510545981214, 39.863988266710422 ], [ 45.815111481907536, 39.85954785073163 ], [ 45.815730222926575, 39.856618009413481 ], [ 45.817048073041093, 39.854593090233905 ], [ 45.824535307893136, 39.841140227262009 ], [ 45.825305386314511, 39.83893743776536 ], [ 45.825645169555557, 39.835380148372202 ], [ 45.825474409422483, 39.828830099160882 ], [ 45.826035488221706, 39.827113880129801 ], [ 45.827576454508304, 39.824833213574209 ], [ 45.84070208650671, 39.824818336401101 ], [ 45.844384914869885, 39.824403837794705 ], [ 45.846554010572, 39.823580198108999 ], [ 45.848265350021109, 39.823309076791553 ], [ 45.853902458989367, 39.823073974703398 ], [ 45.856974060903937, 39.821299145120911 ], [ 45.863449004740467, 39.821046877205411 ], [ 45.870366166477254, 39.817182460432058 ], [ 45.873011820526379, 39.812462595457113 ], [ 45.878023001243669, 39.811959186454878 ], [ 45.887526918112691, 39.809754207400701 ], [ 45.888520655121276, 39.80932059272638 ], [ 45.89011065534239, 39.80765837450295 ], [ 45.891827115874804, 39.806646599155755 ], [ 45.899682690176704, 39.804127911881011 ], [ 45.902136109015274, 39.802719386380787 ], [ 45.905883936833121, 39.80343416374879 ], [ 45.910349270983588, 39.799682413880909 ], [ 45.922099787610698, 39.79404963560787 ], [ 45.93461141722922, 39.78854289204255 ], [ 45.939207346143967, 39.787417730272942 ], [ 45.94325153028251, 39.787333973086774 ], [ 45.947761580710193, 39.78812372638852 ], [ 45.956474408291776, 39.790831506637055 ], [ 45.962047448950372, 39.790979331010924 ], [ 45.968046349736895, 39.791624195905051 ], [ 45.977983732883679, 39.786691811093526 ], [ 45.980567461505395, 39.784993469986212 ], [ 45.9827537045459, 39.783042174375062 ], [ 45.984045591145367, 39.781163138489184 ], [ 45.987855178375973, 39.773704332661822 ], [ 45.989354123005626, 39.771639656263318 ], [ 45.993806599391398, 39.7696789673737 ], [ 45.995132687396797, 39.768714357120231 ], [ 45.998904987952479, 39.76471434508035 ], [ 46.002756875798298, 39.762567854919538 ], [ 46.003768523313404, 39.761623907481209 ], [ 46.00344018535295, 39.760276819721447 ], [ 46.002651193761942, 39.759281914757977 ], [ 46.002485706002801, 39.757974642553236 ], [ 46.003000194094035, 39.755417250755656 ], [ 46.00376102916006, 39.753953371240009 ], [ 46.005334309520542, 39.752744153856547 ], [ 46.008963004629926, 39.75136355730227 ], [ 46.013821286432773, 39.747940104661289 ], [ 46.016879020385844, 39.746738360913888 ], [ 46.023554436754615, 39.746554523819157 ], [ 46.025880330040295, 39.745322234224254 ], [ 46.027909568370191, 39.743850172499421 ], [ 46.030471607705124, 39.741017056004978 ], [ 46.031492497870993, 39.738198490310424 ], [ 46.03089918112952, 39.734036733621629 ], [ 46.031104162579631, 39.732552293742735 ], [ 46.032405131309574, 39.728432849110192 ], [ 46.033850615716368, 39.725542017620441 ], [ 46.036380154164441, 39.723229370090898 ], [ 46.041547576905934, 39.721422655254081 ], [ 46.048626891545275, 39.718064029641624 ], [ 46.055618979726304, 39.714355760240899 ], [ 46.060790007894454, 39.709823366689314 ], [ 46.068060251492454, 39.701652635159945 ], [ 46.069300149747725, 39.69963322945668 ], [ 46.069069090982637, 39.698213549048774 ], [ 46.06615645798631, 39.694935557617761 ], [ 46.065033593152606, 39.694528932978024 ], [ 46.060343520232941, 39.694184081370544 ], [ 46.058206673546422, 39.693228047090834 ], [ 46.057389523705559, 39.691797182005558 ], [ 46.058111679633072, 39.690124734416678 ], [ 46.059732290431775, 39.689431367264966 ], [ 46.062994715749426, 39.689433867865873 ], [ 46.064243351542274, 39.689034666645789 ], [ 46.066463833665352, 39.684555602887968 ], [ 46.067538131853453, 39.683705572486538 ], [ 46.069947509919537, 39.682649357774167 ], [ 46.072960884044264, 39.679574424421958 ], [ 46.075199777931353, 39.678325792222246 ], [ 46.079183715407069, 39.676759504916554 ], [ 46.078867430390943, 39.681357759325962 ], [ 46.079615422828155, 39.683263404611118 ], [ 46.081902053729308, 39.68550601926438 ], [ 46.087764081122593, 39.685259427671134 ], [ 46.09341265875458, 39.686790508549407 ], [ 46.096144356602984, 39.686874554337052 ], [ 46.09810950024864, 39.68652540114271 ], [ 46.102045471670088, 39.684492115881746 ], [ 46.104402226989322, 39.682789411110569 ], [ 46.106709833527134, 39.680634733196001 ], [ 46.108673378795174, 39.677154757913833 ], [ 46.112798370749154, 39.671007992167517 ], [ 46.114564440157714, 39.669019912917761 ], [ 46.116512709019588, 39.667967158031132 ], [ 46.117559891453404, 39.666506513726027 ], [ 46.123212937356001, 39.664448527231869 ], [ 46.125474796085854, 39.662407078333636 ], [ 46.129972619201219, 39.6566322303253 ], [ 46.13812769150271, 39.654490350214161 ], [ 46.144191701922118, 39.653495566254584 ], [ 46.151323501657558, 39.651329745367001 ], [ 46.154705856366242, 39.649626696095225 ], [ 46.15879184377151, 39.644322955564199 ], [ 46.159916281132702, 39.642141035527516 ], [ 46.16028578242625, 39.64012303708958 ], [ 46.162983804599776, 39.637591200256324 ], [ 46.164837122345723, 39.635956935632983 ], [ 46.168746606639552, 39.633632783836987 ], [ 46.171727789693769, 39.633632822070822 ], [ 46.170414183479103, 39.631940223457249 ], [ 46.169831829712791, 39.630507295347734 ], [ 46.166470205786375, 39.627155443447457 ], [ 46.164681554465687, 39.62442718064937 ], [ 46.164880400722126, 39.619729551651211 ], [ 46.164013180397831, 39.618193776371626 ], [ 46.17164686266311, 39.614926037902826 ], [ 46.172089647421835, 39.610207906278035 ], [ 46.173170058226368, 39.607812599903482 ], [ 46.171029097105354, 39.604021377816309 ], [ 46.174655472490713, 39.600830743861934 ], [ 46.175224707256831, 39.596169255223209 ], [ 46.175116496311695, 39.587026940103975 ], [ 46.176238133665777, 39.583921464949789 ], [ 46.177031841395781, 39.579510754141353 ], [ 46.181398577350848, 39.579384848810371 ], [ 46.183349729363748, 39.584784492549808 ], [ 46.185741130745654, 39.587916682467885 ], [ 46.190004284191474, 39.589809574169244 ], [ 46.192130381868886, 39.591535128120285 ], [ 46.193021529709029, 39.593224429629615 ], [ 46.19358158745149, 39.595248031948664 ], [ 46.193987224252616, 39.599412382858098 ], [ 46.195891650950749, 39.60225742644721 ], [ 46.224897610186098, 39.601739471104423 ], [ 46.241585301177103, 39.600964992478389 ], [ 46.249272131585577, 39.601011861407706 ], [ 46.251579014971981, 39.601536374126617 ], [ 46.255016117798625, 39.604504497341999 ], [ 46.258042531721216, 39.605538129310276 ], [ 46.260724940267345, 39.606026078585757 ], [ 46.264614505356484, 39.60627463664936 ], [ 46.270794333425002, 39.60840455673425 ], [ 46.279342278151489, 39.609797190730511 ], [ 46.281867445692171, 39.610803401990147 ], [ 46.284020936867854, 39.612039862438778 ], [ 46.286119060328062, 39.614795643365525 ], [ 46.291008573540481, 39.619362285098283 ], [ 46.294354055919129, 39.621185669786634 ], [ 46.303479548111035, 39.624179954387422 ], [ 46.309838060779924, 39.624925905618696 ], [ 46.311864096901253, 39.626001710523454 ], [ 46.313534996292034, 39.627815086815644 ], [ 46.314480920140142, 39.630324852155205 ], [ 46.316848235667869, 39.630653492517851 ], [ 46.318339757630461, 39.629974147038524 ], [ 46.320514786456748, 39.627881372420646 ], [ 46.322106023068564, 39.6276543026664 ], [ 46.324075399181716, 39.62819636231275 ], [ 46.326760329402234, 39.631073889355022 ], [ 46.332365014146667, 39.634596553080051 ], [ 46.336856644676061, 39.635889072448308 ], [ 46.341204270292266, 39.635952056761553 ], [ 46.346531900781763, 39.633521479080002 ], [ 46.350156301608372, 39.633311555205104 ], [ 46.352640427153034, 39.634177174598413 ], [ 46.357708328282101, 39.63933560051079 ], [ 46.362306611918136, 39.637736657795571 ], [ 46.367320440515165, 39.636788161716062 ], [ 46.369768627865902, 39.636625582723269 ], [ 46.371828373086444, 39.63575835399002 ], [ 46.376981123918888, 39.63039135338758 ], [ 46.376810227917531, 39.626480062620438 ], [ 46.373481846411742, 39.623065735428689 ], [ 46.371322824302773, 39.619452144890566 ], [ 46.375171019994433, 39.619665167587392 ], [ 46.379176708754869, 39.619391490125267 ], [ 46.385930648419347, 39.618241788219137 ], [ 46.387785527073085, 39.617382477830546 ], [ 46.389427306023791, 39.615908746697905 ], [ 46.392390004527954, 39.612369831097233 ], [ 46.395616916436758, 39.614948509058379 ], [ 46.40100815407952, 39.620807610787629 ], [ 46.403953143122962, 39.62355395629384 ], [ 46.406803877706217, 39.627610528700032 ], [ 46.408080759375551, 39.628758341890752 ], [ 46.410065946601449, 39.629800605195292 ], [ 46.41363780090618, 39.630973764811579 ], [ 46.414209155686663, 39.624574927368755 ], [ 46.413511011731671, 39.622894603321996 ], [ 46.413506947284546, 39.620867429438 ], [ 46.414306237417975, 39.619080462768665 ], [ 46.417061457985881, 39.616914202054502 ], [ 46.416392980141474, 39.615513937862062 ], [ 46.416395649926834, 39.613851095075361 ], [ 46.417330520459593, 39.605246726831908 ], [ 46.419681646645117, 39.600029862668002 ], [ 46.421813685348916, 39.598114701559723 ], [ 46.421885993896119, 39.596362124450756 ], [ 46.419992350973288, 39.59260459555351 ], [ 46.418579701293886, 39.59117661934544 ], [ 46.417134330766793, 39.588755513691311 ], [ 46.414604908227062, 39.585647817221286 ], [ 46.41289201447379, 39.582088530092832 ], [ 46.413185370736478, 39.579296715622121 ], [ 46.416859842204367, 39.5775800049718 ], [ 46.422791574016969, 39.575301862877822 ], [ 46.425271808068146, 39.574075865593421 ], [ 46.428688849344987, 39.57170732478324 ], [ 46.429818499933674, 39.569786926159736 ], [ 46.431173427536685, 39.56844746927424 ], [ 46.433341565503852, 39.568230683196006 ], [ 46.434244930890294, 39.569332831442281 ], [ 46.435400822339645, 39.57274380609784 ], [ 46.436969617544136, 39.575923466508819 ], [ 46.439072238152512, 39.577307061519946 ], [ 46.443608635236529, 39.578496553283664 ], [ 46.445880374059975, 39.578981193236764 ], [ 46.447849772656895, 39.578475319581742 ], [ 46.450578044143114, 39.576740844207151 ], [ 46.453107578933071, 39.574590806547299 ], [ 46.455619025902251, 39.573380295029352 ], [ 46.458726685271415, 39.573308063466349 ], [ 46.461885147793375, 39.574639479886137 ], [ 46.468351732067134, 39.578338633867503 ], [ 46.473846493056499, 39.582002849305582 ], [ 46.477812374441299, 39.584128895437814 ], [ 46.483574758337717, 39.586058901301186 ], [ 46.486550780822192, 39.586570195089159 ], [ 46.489974344087749, 39.586526346600472 ], [ 46.496030715806057, 39.584852193288263 ], [ 46.498782707648729, 39.584655162918914 ], [ 46.503633894986592, 39.585179191512175 ], [ 46.50558521814542, 39.585034673910627 ], [ 46.507142616907487, 39.582630866946161 ], [ 46.509661242494154, 39.582720947095318 ], [ 46.514490606569098, 39.584213890837688 ], [ 46.519609866637126, 39.584482767956871 ], [ 46.522750249362161, 39.583551873086712 ], [ 46.524294450040742, 39.582821605448302 ], [ 46.524471305820704, 39.58146962187439 ], [ 46.523931520742913, 39.579462430282121 ], [ 46.527341665259726, 39.579646327705603 ], [ 46.531978909055105, 39.576215310641288 ], [ 46.537606096234001, 39.575504108991247 ], [ 46.54142289987756, 39.573643373942566 ], [ 46.542660548495483, 39.573372372509013 ], [ 46.544428793680844, 39.57451582939381 ], [ 46.552491687221917, 39.570643624433202 ], [ 46.556489566140506, 39.570140309959221 ], [ 46.558986734377143, 39.570299099024993 ], [ 46.5597978851821, 39.571096046473208 ], [ 46.56192084284681, 39.571394192516223 ], [ 46.563974793987761, 39.571169159773831 ], [ 46.565508277347853, 39.570663812166899 ], [ 46.566594022442594, 39.56974440865396 ], [ 46.566629366922477, 39.568532184237746 ], [ 46.567244533769006, 39.568039190249955 ], [ 46.567917436992573, 39.56825630622523 ], [ 46.568577969606146, 39.567924259529569 ], [ 46.569626010388021, 39.56626213121433 ], [ 46.572214585749471, 39.564417595403739 ], [ 46.572437275929559, 39.563186677476018 ], [ 46.571544241502934, 39.560613693308881 ], [ 46.572234132318414, 39.55851251516971 ], [ 46.574586678651215, 39.556235456955285 ], [ 46.575887610263536, 39.553814386276166 ], [ 46.578079966224458, 39.553737149232887 ], [ 46.579067554349322, 39.553109782028564 ], [ 46.579638028040755, 39.550350919852107 ], [ 46.581640375780502, 39.548501251590743 ], [ 46.579916940242128, 39.543696460994823 ], [ 46.581519230685323, 39.542509982001235 ], [ 46.582450611175496, 39.537560925161458 ], [ 46.586932358809555, 39.532782066149707 ], [ 46.587126229920919, 39.532133150985821 ], [ 46.585463992725522, 39.532205401058775 ], [ 46.58335005107223, 39.532747408576171 ], [ 46.578587417814035, 39.534059164423049 ], [ 46.575483264795118, 39.536491492584069 ], [ 46.575132618215385, 39.537594901130092 ], [ 46.575147123481699, 39.540082837080988 ], [ 46.574409279531331, 39.540674475214935 ], [ 46.562084060219796, 39.542865114079746 ], [ 46.558325931487992, 39.544310491382483 ], [ 46.552621343711721, 39.545725948447668 ], [ 46.546292745895926, 39.546424272297998 ], [ 46.543745202181313, 39.545809934080268 ], [ 46.541622807274081, 39.544004229057677 ], [ 46.541522919625322, 39.543262343772739 ], [ 46.542048169550341, 39.542479852678802 ], [ 46.543110796662603, 39.541464031642349 ], [ 46.544449953197613, 39.54075095477792 ], [ 46.544395770235411, 39.539793359874331 ], [ 46.540190882264298, 39.535126236780002 ], [ 46.536028376255182, 39.531820708310057 ], [ 46.531684662423856, 39.529745330613686 ], [ 46.525804315043857, 39.529176772194432 ], [ 46.521427570284359, 39.528199725883482 ], [ 46.516118844851604, 39.526641760963706 ], [ 46.510048677625285, 39.524670098218301 ], [ 46.507555963150878, 39.521309514990392 ], [ 46.505179626748422, 39.520501243916073 ], [ 46.499624256152515, 39.519069004741382 ], [ 46.499082247778794, 39.517894589843849 ], [ 46.499389438807235, 39.516069744432833 ], [ 46.501757122900408, 39.513975065064614 ], [ 46.508641613523892, 39.510217030563282 ], [ 46.510385603083414, 39.508551774590579 ], [ 46.50710481036316, 39.504997389237715 ], [ 46.507275392382013, 39.503992546867323 ], [ 46.511661043510159, 39.502336074255197 ], [ 46.512947621960741, 39.50107525825733 ], [ 46.513392299422279, 39.500423195053628 ], [ 46.51337867664725, 39.497589671587932 ], [ 46.513934429857557, 39.495852044716969 ], [ 46.515214698764204, 39.493712038123512 ], [ 46.516566055162357, 39.492563435872789 ], [ 46.51937296997653, 39.489311564929331 ], [ 46.52248068459523, 39.486637567881182 ], [ 46.527539677845887, 39.485914919743102 ], [ 46.529693578652399, 39.485402936520352 ], [ 46.530679959698112, 39.484743679323294 ], [ 46.53245542542308, 39.48203824589757 ], [ 46.533195028555831, 39.479500917379916 ], [ 46.534848262084971, 39.478001309774037 ], [ 46.535119302714918, 39.476872074770469 ], [ 46.540783631885169, 39.473068871806788 ], [ 46.539724494488958, 39.472307368195864 ], [ 46.537368850331717, 39.47172277606434 ], [ 46.536411522647171, 39.4695398809247 ], [ 46.535309197938219, 39.468217593655439 ], [ 46.533755381267845, 39.467639403772253 ], [ 46.531329163452995, 39.467704029559776 ], [ 46.528118163958482, 39.470963809972332 ], [ 46.527648342900129, 39.473737213631722 ], [ 46.526112590949431, 39.473303566498409 ], [ 46.523691512502744, 39.473122857498829 ], [ 46.520735938007, 39.473957143070379 ], [ 46.518975781195607, 39.475065087552387 ], [ 46.518018187228172, 39.47514638051873 ], [ 46.516663131464675, 39.473845480555468 ], [ 46.514693758788141, 39.473131776760191 ], [ 46.51482019394642, 39.47498372943118 ], [ 46.514368484926678, 39.47567030065354 ], [ 46.511288909964641, 39.476646911727748 ], [ 46.50729751468802, 39.48142998315614 ], [ 46.505881000796471, 39.482712034088756 ], [ 46.502136452495712, 39.482581084073047 ], [ 46.501306994418741, 39.48402796764357 ], [ 46.500598972926269, 39.48406942095167 ], [ 46.498830030702926, 39.483448297055332 ], [ 46.498179608911265, 39.482590067544869 ], [ 46.49812543242308, 39.481325319794045 ], [ 46.496101848571392, 39.480982005512821 ], [ 46.493445874466744, 39.481487870481416 ], [ 46.490681472984612, 39.482969396082439 ], [ 46.486580081250075, 39.483258428839505 ], [ 46.48396929807857, 39.482752496733674 ], [ 46.480780363278477, 39.481433505578586 ], [ 46.482774939838372, 39.478027962554293 ], [ 46.483038925260743, 39.477205665642742 ], [ 46.484435995851534, 39.475744790337103 ], [ 46.484214433501045, 39.474148075287431 ], [ 46.480994041480756, 39.470705994549959 ], [ 46.476590654186005, 39.467308876585989 ], [ 46.468982512704443, 39.462191132164484 ], [ 46.464721912274825, 39.457531248715554 ], [ 46.46119039525253, 39.452851603893919 ], [ 46.457136184181707, 39.448298295382862 ], [ 46.452142309153963, 39.447617370074042 ], [ 46.449057704590359, 39.446528776630601 ], [ 46.441239686408331, 39.4505822074428 ], [ 46.435474464228406, 39.454613038289466 ], [ 46.43142492522967, 39.456343290119285 ], [ 46.425597402391979, 39.457772066692286 ], [ 46.418880302199483, 39.457667911971619 ], [ 46.416771284182758, 39.455871133091712 ], [ 46.414336690205381, 39.454150257906399 ], [ 46.41135964391146, 39.453281621472044 ], [ 46.406364864214311, 39.453361137660984 ], [ 46.398388767790301, 39.456278076431801 ], [ 46.395601089775454, 39.456537761133163 ], [ 46.393631426714485, 39.456012035583086 ], [ 46.392657465670872, 39.455248157508187 ], [ 46.391270950028442, 39.453122585145955 ], [ 46.390402773138007, 39.445877867548994 ], [ 46.396080014893116, 39.442092929497065 ], [ 46.385176191630514, 39.44121612103779 ], [ 46.38022211272164, 39.434656456601694 ], [ 46.384204544437736, 39.431107120940204 ], [ 46.387908858510656, 39.422478584586983 ], [ 46.389450677440387, 39.420392048632408 ], [ 46.390614532664308, 39.414816322818048 ], [ 46.390607759641263, 39.412562118066859 ], [ 46.388197669098282, 39.411132780571656 ], [ 46.389557050908628, 39.409533848321693 ], [ 46.388491752723439, 39.406134710806853 ], [ 46.385336233757386, 39.402125611358748 ], [ 46.382728244168426, 39.400831733760619 ], [ 46.383929796456258, 39.398699746938917 ], [ 46.384123656411205, 39.397392593420768 ], [ 46.389742780424768, 39.393919763162657 ], [ 46.391569696216997, 39.39363941047889 ], [ 46.394461797560865, 39.392473771807879 ], [ 46.394400226081167, 39.391472754447243 ], [ 46.393418179864149, 39.39025656072527 ], [ 46.388638928304914, 39.389285658456643 ], [ 46.388229647694175, 39.387545547262235 ], [ 46.391139097274049, 39.386513097769608 ], [ 46.392963973307985, 39.385067695835708 ], [ 46.392765257950579, 39.383640335942232 ], [ 46.394264891071174, 39.383278998747215 ], [ 46.397354483207792, 39.38317063120693 ], [ 46.39943229168631, 39.382502148522939 ], [ 46.401373202627049, 39.381349111705894 ], [ 46.401853426129676, 39.380026888734214 ], [ 46.403100131767751, 39.378653750687903 ], [ 46.402542180732169, 39.37525985752638 ], [ 46.40270276633062, 39.372709434571313 ], [ 46.403768799915568, 39.371065277000397 ], [ 46.403533952416922, 39.369475306310896 ], [ 46.404359751495498, 39.368457517706737 ], [ 46.406793092353794, 39.367313267570495 ], [ 46.409700093672313, 39.366954942123336 ], [ 46.410977996667192, 39.366325474539011 ], [ 46.410146270241533, 39.36429972449352 ], [ 46.408788481686109, 39.363023577262787 ], [ 46.408882183478831, 39.361471332446541 ], [ 46.415789438286282, 39.361322878488842 ], [ 46.420308095826584, 39.360395320506157 ], [ 46.42335497301822, 39.358742357222951 ], [ 46.425080045855523, 39.356719703299007 ], [ 46.428558156631787, 39.353702422473923 ], [ 46.430130060097262, 39.353377221807229 ], [ 46.430979280705799, 39.351714993642631 ], [ 46.434610910371951, 39.351407886995652 ], [ 46.43806189544825, 39.349528878149776 ], [ 46.441364551999335, 39.347293132137551 ], [ 46.444381096188422, 39.344218145668755 ], [ 46.445099318644857, 39.34839069533556 ], [ 46.446165311775651, 39.348661726120355 ], [ 46.446951276093422, 39.347902887889987 ], [ 46.446854202670657, 39.343056410946147 ], [ 46.447410703721673, 39.341789214665454 ], [ 46.451083724194646, 39.338285796835308 ], [ 46.453738978759986, 39.337897200967483 ], [ 46.459368824204553, 39.338473045553428 ], [ 46.462291039958487, 39.337423750287378 ], [ 46.467964384102089, 39.334478768573597 ], [ 46.468217350124746, 39.333665720112243 ], [ 46.467378902319162, 39.333138656926216 ], [ 46.467814394546309, 39.332123452096006 ], [ 46.46978024742171, 39.332026085766067 ], [ 46.474333329194444, 39.331935804576538 ], [ 46.481617011020887, 39.332116443227946 ], [ 46.483303920739075, 39.334777082545635 ], [ 46.484442158337437, 39.336312861301913 ], [ 46.485209993356364, 39.338471974971974 ], [ 46.48651083599551, 39.340242637393736 ], [ 46.490232760046041, 39.342049466227884 ], [ 46.493737875344351, 39.343639478524992 ], [ 46.496556416626852, 39.345157210833641 ], [ 46.49880585587843, 39.345112069893887 ], [ 46.503471887903011, 39.343761560026181 ], [ 46.505156728635193, 39.342790436376276 ], [ 46.511598029590303, 39.336231901319735 ], [ 46.513996713529181, 39.329077310143866 ], [ 46.519375923055122, 39.324723331603366 ], [ 46.528670610905507, 39.320524969485682 ], [ 46.528241896353514, 39.316429946078102 ], [ 46.530467157803194, 39.314936666979101 ], [ 46.534256862704723, 39.310547560467562 ], [ 46.537814940438096, 39.309378943888866 ], [ 46.537563186188663, 39.307002429153926 ], [ 46.536156298693136, 39.304239633715142 ], [ 46.533170454805123, 39.303199872936155 ], [ 46.523574115496174, 39.301911006009796 ], [ 46.520097996110785, 39.300178626939513 ], [ 46.519783525732883, 39.298574161327764 ], [ 46.522523188078118, 39.294603886884239 ], [ 46.530780523353748, 39.28416681362512 ], [ 46.532395196474234, 39.281355693444745 ], [ 46.535051210649286, 39.278934639899219 ], [ 46.538386040647502, 39.273976504020872 ], [ 46.541907676695864, 39.267495623635817 ], [ 46.547266708689826, 39.260216882022959 ], [ 46.550460278973645, 39.259217955496553 ], [ 46.551746278021163, 39.257940050238133 ], [ 46.552511841754999, 39.255886518964275 ], [ 46.553236951556443, 39.254469246039406 ], [ 46.556374193354948, 39.25406765211185 ], [ 46.560477608901031, 39.254254326634886 ], [ 46.568571939935467, 39.255844397060876 ], [ 46.571390512500884, 39.255880568438876 ], [ 46.573793551201028, 39.254724258719982 ], [ 46.57831056765508, 39.251291431045182 ], [ 46.578780365121752, 39.249611130154435 ], [ 46.578825216444542, 39.245660011360016 ], [ 46.591455736671264, 39.234121306172945 ], [ 46.596352052681596, 39.234105145108394 ], [ 46.602617058172662, 39.23427995905071 ], [ 46.611737751432273, 39.23513735924768 ], [ 46.619369296312264, 39.233113059407017 ], [ 46.625240329034696, 39.232933941264655 ], [ 46.627990715051311, 39.232210800169995 ], [ 46.63242479302091, 39.231779201633806 ], [ 46.633647138747094, 39.231457739097699 ], [ 46.633797145411855, 39.230694824417142 ], [ 46.632974782951905, 39.230184658245193 ], [ 46.629377259637721, 39.228537085679136 ], [ 46.625785445130013, 39.22869839679236 ], [ 46.620994301667182, 39.223330368702612 ], [ 46.61694008596519, 39.222220805263291 ], [ 46.615639178713188, 39.223521671515847 ], [ 46.614663517947839, 39.223557794786679 ], [ 46.613138956254758, 39.22226437396597 ], [ 46.610598286077419, 39.222690488128315 ], [ 46.607400299228694, 39.222220684402757 ], [ 46.604509490335708, 39.220522273101579 ], [ 46.602061286197028, 39.221488870222139 ], [ 46.601194042698744, 39.221019096026339 ], [ 46.599852786189636, 39.219617900940257 ], [ 46.598258080448872, 39.218552801988409 ], [ 46.593108701353245, 39.221533926324966 ], [ 46.591627141306823, 39.221642314445241 ], [ 46.589495185156693, 39.219654827710883 ], [ 46.587272877632081, 39.218263577748459 ], [ 46.583912900149159, 39.216720904902914 ], [ 46.576793187199577, 39.216991397433979 ], [ 46.575420445380608, 39.216836070123939 ], [ 46.574142952186925, 39.215940360255544 ], [ 46.572219725509612, 39.212401361359738 ], [ 46.571798125556292, 39.211037579076716 ], [ 46.572023862845391, 39.209211408917497 ], [ 46.573818921536891, 39.207934232171162 ], [ 46.584230595256948, 39.20493422210437 ], [ 46.587120146351253, 39.20317345741185 ], [ 46.587162826648893, 39.201049040193801 ], [ 46.585140279045412, 39.19931582717026 ], [ 46.583231740431103, 39.198837889676994 ], [ 46.580660476821237, 39.198876727829457 ], [ 46.577119165954024, 39.20014143005973 ], [ 46.574033419230148, 39.202463926415099 ], [ 46.57271770057713, 39.201402357035064 ], [ 46.572676004055133, 39.199532419454407 ], [ 46.56926919560194, 39.198786992777919 ], [ 46.568060803267784, 39.197051169438353 ], [ 46.56816610117432, 39.194916956564121 ], [ 46.568537122000464, 39.192088559342857 ], [ 46.568392636561917, 39.190240156589176 ], [ 46.567027385874901, 39.188049782026589 ], [ 46.564465101386553, 39.186078480350602 ], [ 46.558121306603972, 39.183402791732696 ], [ 46.555040699847915, 39.183030929071386 ], [ 46.544669937559512, 39.176246333001238 ], [ 46.542786502474023, 39.169994845004048 ], [ 46.542900922884428, 39.168841223880001 ], [ 46.544373674574807, 39.167990975937578 ], [ 46.545135374683419, 39.167067888650571 ], [ 46.544627705858375, 39.165186994257333 ], [ 46.540970878149174, 39.161033185555837 ], [ 46.537727761985074, 39.158648192851565 ], [ 46.536984033901476, 39.159114500038484 ], [ 46.536411985347293, 39.162339251912883 ], [ 46.535300877761038, 39.165282588081141 ], [ 46.535825896046376, 39.169768909150491 ], [ 46.532112177793664, 39.178753902937373 ], [ 46.532230049653627, 39.186400286664188 ], [ 46.532057611896988, 39.188953880640604 ], [ 46.531708205384703, 39.191373182459991 ], [ 46.52984060163471, 39.194779027229266 ], [ 46.527875532341987, 39.195669021774016 ], [ 46.523588947675236, 39.195885781231183 ], [ 46.520943762501915, 39.198084971133987 ], [ 46.520088663517747, 39.20130957151332 ], [ 46.51755285635938, 39.207469024858064 ], [ 46.51642306095745, 39.211441302009398 ], [ 46.515604713082389, 39.212806870320179 ], [ 46.510292776358142, 39.209165793592895 ], [ 46.509485977945801, 39.208024147732509 ], [ 46.508321487635818, 39.204883359723809 ], [ 46.50245484102625, 39.200981146137494 ], [ 46.501266170925504, 39.197710347620379 ], [ 46.498695717734854, 39.195363677519865 ], [ 46.498772902063486, 39.193681193214672 ], [ 46.502037872969431, 39.193114389774266 ], [ 46.509053540339515, 39.190185201274844 ], [ 46.509965980283475, 39.189363127243986 ], [ 46.509837148895926, 39.188517969399165 ], [ 46.506277221789851, 39.186057566481885 ], [ 46.504627062780415, 39.184078223611372 ], [ 46.505114911282192, 39.183192906846095 ], [ 46.508782732751975, 39.180193695991555 ], [ 46.510168711579972, 39.177905590878702 ], [ 46.50982169285426, 39.177185417911751 ], [ 46.508864108234022, 39.176824049472252 ], [ 46.507816171124659, 39.177113121237987 ], [ 46.503479846079117, 39.179913577654645 ], [ 46.499674879769877, 39.183494172009084 ], [ 46.49887248055721, 39.183852302987802 ], [ 46.497765803890566, 39.185062832582489 ], [ 46.488948619866946, 39.190266251598693 ], [ 46.484070251277387, 39.193554532115122 ], [ 46.479488929057311, 39.193570772101481 ], [ 46.477927174628718, 39.195108286330338 ], [ 46.473554761300683, 39.195650265342358 ], [ 46.469218473694106, 39.19666200800161 ], [ 46.464809896062818, 39.198577140493832 ], [ 46.461774505038626, 39.198793915778886 ], [ 46.459497952310301, 39.199408192618144 ], [ 46.453101906385804, 39.201937605599163 ], [ 46.449416091316586, 39.201395524395309 ], [ 46.445694157357877, 39.200058458872533 ], [ 46.443128581544272, 39.197745746009254 ], [ 46.431714248159352, 39.18867595035001 ], [ 46.432288219169045, 39.183255220909544 ], [ 46.433516897567195, 39.179930758540898 ], [ 46.43467337215958, 39.173390224191465 ], [ 46.435865871111695, 39.172161627894411 ], [ 46.438467665693594, 39.170499421905213 ], [ 46.438539982920091, 39.168295149394766 ], [ 46.43785347243309, 39.165187476515236 ], [ 46.437853532147848, 39.162332761749653 ], [ 46.439262862538911, 39.160236913077149 ], [ 46.439624322345978, 39.155250200722826 ], [ 46.442285145614413, 39.155547480901824 ], [ 46.446074476573727, 39.157255809941248 ], [ 46.449977079253998, 39.159026505276771 ], [ 46.456626008522321, 39.159622827442156 ], [ 46.459733665323803, 39.159659002457218 ], [ 46.459101353210173, 39.156786211847312 ], [ 46.457304205692871, 39.151979294201865 ], [ 46.459589296480786, 39.151365873508389 ], [ 46.463239041705499, 39.148764154381389 ], [ 46.465334921147239, 39.147933061441719 ], [ 46.471803190430272, 39.147680193978658 ], [ 46.473682231642208, 39.148041574086534 ], [ 46.476103294072622, 39.148981131145689 ], [ 46.481559693142295, 39.15230567826071 ], [ 46.484342123196122, 39.152667069813823 ], [ 46.488461595912248, 39.151727595609756 ], [ 46.491496989194495, 39.151402413386897 ], [ 46.494929857713323, 39.151836084436788 ], [ 46.496158478612415, 39.151257929912035 ], [ 46.495291273645527, 39.148945238577603 ], [ 46.496285120247855, 39.143253889365781 ], [ 46.496230963329346, 39.141031547405511 ], [ 46.488172761341112, 39.139766698286749 ], [ 46.485444554235514, 39.138465781040018 ], [ 46.482662130597653, 39.137797236638683 ], [ 46.482553746575697, 39.136713166355172 ], [ 46.483565599408045, 39.133966871261919 ], [ 46.492256220710033, 39.132973251478298 ], [ 46.493719725706207, 39.132250557400866 ], [ 46.49473167995405, 39.124644020000076 ], [ 46.495815760502211, 39.123975524560912 ], [ 46.498851077608791, 39.127300040994513 ], [ 46.499851839809551, 39.127113263688933 ], [ 46.49984485217238, 39.125055127530217 ], [ 46.501434826888435, 39.124558282739017 ], [ 46.503762525206646, 39.124649951560549 ], [ 46.504533561839615, 39.124161764371273 ], [ 46.50485869451181, 39.123411019812337 ], [ 46.50437994535816, 39.12116157074955 ], [ 46.505030424894208, 39.119264458378709 ], [ 46.505277127539209, 39.115826471701745 ], [ 46.50433205710317, 39.111606839801205 ], [ 46.503458723601696, 39.109900793216305 ], [ 46.501959136564501, 39.108057857079977 ], [ 46.50168815485209, 39.106382063784032 ], [ 46.502067597464844, 39.105456093053071 ], [ 46.504136378133239, 39.104484974161295 ], [ 46.508890749047175, 39.10422375349853 ], [ 46.512104300782681, 39.102895107237487 ], [ 46.513585858283669, 39.102904159890983 ], [ 46.514904825563718, 39.101964650182104 ], [ 46.516476779649246, 39.099204811277723 ], [ 46.518699129738629, 39.098554398040733 ], [ 46.521220713850688, 39.098295022112559 ], [ 46.524282539871457, 39.097188866140414 ], [ 46.528877397538139, 39.096193432695223 ], [ 46.531003370218102, 39.0944983291337 ], [ 46.532015224988456, 39.091652661005064 ], [ 46.534824864736713, 39.086828589821884 ], [ 46.536261285437718, 39.085270258906029 ], [ 46.536848522224616, 39.083635129035208 ], [ 46.536297510883053, 39.080952051476068 ], [ 46.535393750291284, 39.078793304980742 ], [ 46.533027337485713, 39.076426022363528 ], [ 46.531365120449394, 39.075540678391448 ], [ 46.530731085836017, 39.073746580877639 ], [ 46.529811403027644, 39.070188068432451 ], [ 46.526568865193305, 39.071906616310166 ], [ 46.524073732656078, 39.07180661371553 ], [ 46.522098846005093, 39.070745496565742 ], [ 46.516667168817264, 39.066664678250028 ], [ 46.515352840275391, 39.064606679359585 ], [ 46.517502350831229, 39.062017905867947 ], [ 46.518689818935883, 39.061480729232727 ], [ 46.520248965280921, 39.061373461491343 ], [ 46.52655033282943, 39.062328527507169 ], [ 46.52986576496199, 39.062563451017816 ], [ 46.533702594160232, 39.062023356669258 ], [ 46.535777077763512, 39.061701538492336 ], [ 46.541167155354735, 39.062753305930933 ], [ 46.542495153290979, 39.061967372743347 ], [ 46.543136986325372, 39.06089743761482 ], [ 46.548258784043412, 39.06148864847772 ], [ 46.549202727936787, 39.06130220679556 ], [ 46.550317699042466, 39.060302219676664 ], [ 46.550562216157147, 39.05873381718316 ], [ 46.553479680534963, 39.056999409523407 ], [ 46.553977352226291, 39.055869630122956 ], [ 46.550227531689799, 39.048728263335718 ], [ 46.548376372185388, 39.047050173852369 ], [ 46.545712415087181, 39.046945744585202 ], [ 46.543162607877086, 39.046349099565937 ], [ 46.539953929720816, 39.044935044753409 ], [ 46.538493523062613, 39.043574286038179 ], [ 46.536370677166197, 39.037900965166337 ], [ 46.536185771659518, 39.035856781749601 ], [ 46.538346178926403, 39.031919430207417 ], [ 46.538602193546865, 39.030872613147245 ], [ 46.538258955840568, 39.02918154917942 ], [ 46.536430614972979, 39.026560094757279 ], [ 46.537815997336608, 39.023807944849914 ], [ 46.538071915929116, 39.021430398689958 ], [ 46.539620683448298, 39.019131721278477 ], [ 46.539372342749893, 39.016185267779591 ], [ 46.542155954618522, 39.013017939861022 ], [ 46.543820786494415, 39.007855602861397 ], [ 46.544520408890435, 39.006715945181114 ], [ 46.546077299227363, 39.005282326272265 ], [ 46.546407210337769, 39.0037997414099 ], [ 46.545574702150503, 39.001412979045547 ], [ 46.542690648541274, 38.99995809356664 ], [ 46.541204616907834, 38.998892612636773 ], [ 46.538795915967036, 38.996487107265139 ], [ 46.536163062888825, 38.995723301008923 ], [ 46.520029255222184, 38.995405256923654 ], [ 46.518294758058538, 38.994953539639738 ], [ 46.518669256599289, 38.990318361553996 ], [ 46.518168437654616, 38.985129369082784 ], [ 46.519720732570754, 38.982174458201548 ], [ 46.52162396284335, 38.978359208556846 ], [ 46.523564888466844, 38.972671701609713 ], [ 46.523784161449356, 38.970201204881448 ], [ 46.522207475247306, 38.969102549592691 ], [ 46.519225906905731, 38.967706655601688 ], [ 46.516146272815902, 38.963537820052281 ], [ 46.511455022028684, 38.962495508279574 ], [ 46.507807115244894, 38.961103355188882 ], [ 46.50872954370147, 38.955647984312762 ], [ 46.508457539998084, 38.952301796217533 ], [ 46.506837914928305, 38.948752475400326 ], [ 46.507109144910295, 38.947299243804665 ], [ 46.509766389525396, 38.943715580968828 ], [ 46.512470357181492, 38.936002143036035 ], [ 46.513860053335179, 38.934045810436146 ], [ 46.517981119215229, 38.931474188676184 ], [ 46.521168929852188, 38.927542556680955 ], [ 46.523011853469924, 38.927036681086726 ], [ 46.5265925869396, 38.924982693685557 ], [ 46.529480184898567, 38.923766488046233 ], [ 46.530419721950203, 38.92315219416578 ], [ 46.529922899351078, 38.921155694295628 ], [ 46.530103599133156, 38.920089695462238 ], [ 46.533247465327072, 38.916548443263153 ], [ 46.534340539799175, 38.91417210896109 ], [ 46.535126562647143, 38.910618357865168 ], [ 46.537605690963623, 38.904669331564385 ], [ 46.536652948476757, 38.901402773603159 ], [ 46.538537319580612, 38.898062008851127 ], [ 46.532882285122255, 38.894826868844234 ], [ 46.532646678137233, 38.892431757515723 ], [ 46.533830263567509, 38.888702472890117 ], [ 46.533573337251369, 38.884956872025839 ], [ 46.534810239370863, 38.880316377594163 ], [ 46.534976705132415, 38.87664492906049 ], [ 46.533203974179159, 38.874102131486787 ], [ 46.533555615652929, 38.868162837319915 ], [ 46.531409646661864, 38.86923446560467 ], [ 46.527049093067447, 38.873378482179035 ], [ 46.52489463582193, 38.876667471409981 ], [ 46.523023624441151, 38.881517924599983 ], [ 46.523556598242635, 38.883032694314302 ], [ 46.52483663731612, 38.884363796931027 ], [ 46.525364095657032, 38.885617762814285 ], [ 46.525279359894803, 38.886857985415119 ], [ 46.523504414515493, 38.888402878025772 ], [ 46.515414755931936, 38.888616840915766 ], [ 46.512199373273951, 38.887832448137665 ], [ 46.509091465626902, 38.886663972138436 ], [ 46.507537654793389, 38.885796697422151 ], [ 46.505508876786855, 38.885314415792323 ], [ 46.503965005927505, 38.885964739184601 ], [ 46.498612100482752, 38.889337876751668 ], [ 46.49430548813492, 38.889566980416106 ], [ 46.491265302699325, 38.889171068194713 ], [ 46.490451601339942, 38.888833634285582 ], [ 46.489551156051867, 38.887151556906538 ], [ 46.488575517039436, 38.886139746955017 ], [ 46.487238513566751, 38.885561560015951 ], [ 46.484347677659557, 38.885164031646269 ], [ 46.482530099195948, 38.885183912482326 ], [ 46.481595958171802, 38.885739242745593 ], [ 46.47944519206893, 38.887983886530613 ], [ 46.477398669774551, 38.888553271731205 ], [ 46.474851564871024, 38.889128944896889 ], [ 46.471959644356794, 38.889089942752513 ], [ 46.4695712528667, 38.888805940736354 ], [ 46.466276410641086, 38.88824780515634 ], [ 46.464014284534208, 38.88988047191139 ], [ 46.463396981064449, 38.89097515929172 ], [ 46.461513334606359, 38.892716130967877 ], [ 46.458190113836203, 38.894801143760823 ], [ 46.457539981935994, 38.895657081348105 ], [ 46.457474317756741, 38.896527460250354 ], [ 46.45660433215096, 38.897516570508891 ], [ 46.454704385080561, 38.898475032891383 ], [ 46.45345150769073, 38.898425418485253 ], [ 46.450283973800474, 38.897247421495827 ], [ 46.444333569352594, 38.897386395213239 ], [ 46.442792041679112, 38.896818500141677 ], [ 46.441635248043383, 38.895254367923627 ], [ 46.439467141862899, 38.893953457896913 ], [ 46.434299745431098, 38.894567698439282 ], [ 46.429662131174666, 38.892188382999734 ], [ 46.427897479174305, 38.891579542635249 ], [ 46.426812174398435, 38.889648010964336 ], [ 46.425956049071829, 38.886732626948543 ], [ 46.423630942935716, 38.88397079038797 ], [ 46.422609670418922, 38.883078885506031 ], [ 46.420763615456053, 38.882557882525163 ], [ 46.419520544409536, 38.882986042635849 ], [ 46.417964080824362, 38.884439733268131 ], [ 46.416966730700857, 38.886038793859385 ], [ 46.41620938015668, 38.888247652400146 ], [ 46.416767151226793, 38.89088234801968 ], [ 46.416202769094589, 38.892117289864011 ], [ 46.415437025019415, 38.892778746840435 ], [ 46.410772668647162, 38.893224402547453 ], [ 46.408244065380323, 38.894778755979281 ], [ 46.402688571563587, 38.899432572059531 ], [ 46.398085347672549, 38.901938691793291 ], [ 46.391934850810806, 38.904458372044672 ], [ 46.385926198700332, 38.905888058255741 ], [ 46.379398282943889, 38.906421883088484 ], [ 46.374667277575064, 38.907803765312892 ], [ 46.369899911892254, 38.908751100955072 ], [ 46.36853492471969, 38.91011493316811 ], [ 46.368442432355494, 38.911094277130402 ], [ 46.366892020478836, 38.913867132796803 ], [ 46.363835279746908, 38.915533312427456 ], [ 46.362534106615932, 38.915670000591952 ], [ 46.358992841436923, 38.914766565143815 ], [ 46.357023477379627, 38.915967185620282 ], [ 46.346887402433914, 38.916211837457837 ], [ 46.340383007278248, 38.916031077169798 ], [ 46.338074764420647, 38.915361901518438 ], [ 46.337158252174532, 38.914281169851463 ], [ 46.336444824385104, 38.91333281544857 ], [ 46.33648528178734, 38.911038870583141 ], [ 46.334632810691431, 38.909444259949211 ], [ 46.331060184344651, 38.908839969226371 ], [ 46.328384849467945, 38.907767885906473 ], [ 46.318675280037922, 38.901790965692264 ], [ 46.313986540260466, 38.90130384790664 ], [ 46.311648172713227, 38.901982315806485 ], [ 46.309960428753634, 38.90249039533596 ], [ 46.308529782807916, 38.903365136884645 ], [ 46.307632193112056, 38.904483893872232 ], [ 46.305530477314768, 38.906021067728851 ], [ 46.304319935310367, 38.906075255881781 ], [ 46.30341655219933, 38.90580422725418 ], [ 46.302008824153255, 38.904847059361892 ], [ 46.300308980982173, 38.901648590680466 ], [ 46.299019184368007, 38.901097725585124 ], [ 46.29792767205862, 38.900740295700672 ], [ 46.292999305846074, 38.900512361975593 ], [ 46.287165239802682, 38.900968125298981 ], [ 46.283190501354049, 38.90041805096967 ], [ 46.281762562142035, 38.899911990695294 ], [ 46.280018928071506, 38.898865890970171 ], [ 46.277336176636382, 38.896169841282877 ], [ 46.276296191013678, 38.895572511368066 ], [ 46.27097264554402, 38.895000133634795 ], [ 46.269707242444362, 38.893620362397463 ], [ 46.267265419735971, 38.891453430197068 ], [ 46.266157680718898, 38.887030613740905 ], [ 46.263453668344475, 38.885125093909856 ], [ 46.261382721920796, 38.884408341136371 ], [ 46.25384005005975, 38.879753429554874 ], [ 46.250473474550894, 38.878093848343084 ], [ 46.24950559616282, 38.876821580127199 ], [ 46.249146432248864, 38.87536887889874 ], [ 46.248345825929292, 38.874116550453451 ], [ 46.246033985078071, 38.872757470062552 ], [ 46.241173780445322, 38.871474593868143 ], [ 46.237982067296848, 38.869593584739256 ], [ 46.235743495793315, 38.868791189677545 ], [ 46.218621760682268, 38.86427898245298 ], [ 46.216477734884336, 38.862475209032539 ], [ 46.21529762990351, 38.858487413172902 ], [ 46.215418868990717, 38.857442652120191 ], [ 46.212139224402726, 38.85423753248029 ], [ 46.205634872989087, 38.851960905759704 ], [ 46.20198982281233, 38.851781072794005 ], [ 46.198133716324392, 38.852277219233848 ], [ 46.195742075870427, 38.852236506087152 ], [ 46.19409187350503, 38.851644676449908 ], [ 46.192228631062648, 38.849738395305579 ], [ 46.189913272494614, 38.845518195371696 ], [ 46.188807223780145, 38.844203336340541 ], [ 46.187057631822128, 38.842634131049813 ], [ 46.18413865655338, 38.840946319223072 ], [ 46.181821787342166, 38.840361068417224 ], [ 46.174369786933482, 38.840218818291952 ], [ 46.169782184228957, 38.841851842762502 ], [ 46.167117931980314, 38.842117626493071 ], [ 46.163434332674314, 38.841241300157769 ], [ 46.160516053398318, 38.841270325760853 ], [ 46.155428115740825, 38.842929496907182 ], [ 46.150564513805463, 38.841625420530306 ], [ 46.146192107528833, 38.84187831467834 ], [ 46.144168478888076, 38.843721206112868 ], [ 46.144161221359177, 38.845003922056662 ], [ 46.145369877706599, 38.84895185337907 ], [ 46.147113355251214, 38.851978234218194 ], [ 46.146516661671974, 38.854208257249205 ], [ 46.144660514392854, 38.856356950969044 ], [ 46.143690376082333, 38.858279546692316 ], [ 46.144034099245047, 38.860839436117054 ], [ 46.144864280532175, 38.864788493300956 ], [ 46.145351390422384, 38.869242008002082 ], [ 46.145182066737149, 38.87121280977982 ], [ 46.145215957682829, 38.875489364035275 ], [ 46.146493444571405, 38.87710730302615 ], [ 46.146763968468946, 38.878365545139715 ], [ 46.147627714498462, 38.879649097510764 ], [ 46.147736080377626, 38.881618490581843 ], [ 46.149091121848514, 38.883624035044875 ], [ 46.149199495201046, 38.885232071841259 ], [ 46.149969596611434, 38.887442917074274 ], [ 46.149847925892566, 38.890248520217327 ], [ 46.146245157268034, 38.897644622535132 ], [ 46.146805233721302, 38.898828071420816 ], [ 46.14514294020271, 38.901646629339709 ], [ 46.143193883956009, 38.904136796822101 ], [ 46.140421966065716, 38.909203521975229 ], [ 46.139029551722757, 38.9108693159327 ], [ 46.135687327523726, 38.912675976009339 ], [ 46.13092624453158, 38.913980743057145 ], [ 46.128050531761794, 38.915883850279563 ], [ 46.126858022023505, 38.917654480927126 ], [ 46.128429868070882, 38.920075587852985 ], [ 46.126241325545145, 38.923373404761151 ], [ 46.125249820644946, 38.925830146254647 ], [ 46.124812756356008, 38.92773450284237 ], [ 46.12541208531583, 38.930260895908567 ], [ 46.127329381377045, 38.933579405157111 ], [ 46.127358627398849, 38.935426975763882 ], [ 46.12619956242925, 38.937769898408675 ], [ 46.123207877131492, 38.939570692686679 ], [ 46.12170348734351, 38.94085898856035 ], [ 46.122129670465149, 38.946466843520859 ], [ 46.115040334227338, 38.950707761518423 ], [ 46.111984822966896, 38.951720197622258 ], [ 46.109295413816156, 38.952958766380981 ], [ 46.110921475101961, 38.954801703964279 ], [ 46.112547549901961, 38.955994200259383 ], [ 46.111571845853618, 38.95812618990356 ], [ 46.111132290824528, 38.960023882285178 ], [ 46.111696589584795, 38.965844660368916 ], [ 46.110334332517162, 38.967770690535005 ], [ 46.110864547007765, 38.972427883510932 ], [ 46.112140517667513, 38.975437538884599 ], [ 46.109750794216502, 38.980404579440233 ], [ 46.108626312336987, 38.981523971169565 ], [ 46.107297374361686, 38.982036591464421 ], [ 46.104212483430942, 38.985249742080569 ], [ 46.102433995248902, 38.987472951273972 ], [ 46.102320411342404, 38.993448648184433 ], [ 46.101049539090631, 38.997668933256051 ], [ 46.100432141506069, 39.002455429291587 ], [ 46.101381873580827, 39.004846231653708 ], [ 46.09960541442895, 39.008526204153682 ], [ 46.099618914064273, 39.010983426964444 ], [ 46.100273667598081, 39.012674972987938 ], [ 46.101882852877473, 39.015345822280047 ], [ 46.098551021889044, 39.019627704819435 ], [ 46.092178009489544, 39.024834012397008 ], [ 46.08733249650507, 39.02690101480065 ], [ 46.082356221477333, 39.026692125486107 ], [ 46.080773876394552, 39.027786254441715 ], [ 46.077918116727943, 39.028769197971705 ], [ 46.076740196399953, 39.030166637676103 ], [ 46.074631394523102, 39.039263557712573 ], [ 46.075404809537396, 39.042473824124876 ], [ 46.075317066235009, 39.044209827591274 ], [ 46.077322529839037, 39.047046499754352 ], [ 46.07569520178675, 39.048104813170056 ], [ 46.076144411486958, 39.051319847830484 ], [ 46.076260107424169, 39.054099595928029 ], [ 46.075820288647698, 39.05631116341111 ], [ 46.072010324562093, 39.060452749857632 ], [ 46.071558528687653, 39.06531298592256 ], [ 46.070618936520205, 39.068565180399645 ], [ 46.069173463308928, 39.071022384661177 ], [ 46.070239318776302, 39.077870099469855 ], [ 46.070299092501152, 39.079744685358619 ], [ 46.067927942014236, 39.080444591041392 ], [ 46.064584064586121, 39.079839419288007 ], [ 46.053815640054886, 39.081356978800457 ], [ 46.049664546986001, 39.082418410089097 ], [ 46.038679190904467, 39.08959119235606 ], [ 46.0336382472615, 39.091262401010297 ], [ 46.031144859610421, 39.092933642039569 ], [ 46.030909939985122, 39.094776556000191 ], [ 46.028219165063987, 39.098978258015237 ], [ 46.024985057446344, 39.101548619174842 ], [ 46.021036325277137, 39.106322361591282 ], [ 46.019052685414891, 39.108078832698368 ], [ 46.019529125959892, 39.110161609879974 ], [ 46.019088745253377, 39.111692395786207 ], [ 46.017152347906787, 39.113459713782156 ], [ 46.016931261548258, 39.115212341901511 ], [ 46.019923244208741, 39.118353674180646 ], [ 46.019594367969447, 39.124809634560748 ], [ 46.020497719495424, 39.12658029174014 ], [ 46.023280125476468, 39.128061887812606 ], [ 46.025412110573036, 39.128640084953865 ], [ 46.025106224963764, 39.132845495416895 ], [ 46.022785010645599, 39.138006854644395 ], [ 46.019901136592779, 39.14309426536478 ], [ 46.017330245106081, 39.142956184107234 ], [ 46.011566484480717, 39.145905981549149 ], [ 46.008624014863003, 39.145765792501393 ], [ 46.007443271921844, 39.146506897707162 ], [ 46.005005981132285, 39.147875744722164 ], [ 46.003874894885236, 39.149146778798524 ], [ 46.004553452875953, 39.15490997124072 ], [ 46.003790826153896, 39.158925694230362 ], [ 46.00694452472176, 39.16108162364845 ], [ 46.008311936542249, 39.162747777629313 ], [ 46.006241406402161, 39.166609350259357 ], [ 46.006205227198301, 39.168687148302404 ], [ 46.005337929669714, 39.170801071388652 ], [ 46.001360376987115, 39.176525403170835 ], [ 45.999989679331868, 39.179816841996107 ], [ 46.000412239452302, 39.185718630675993 ], [ 45.99657919385902, 39.18900879843747 ], [ 45.99500277219741, 39.191088927709359 ], [ 45.99481676703968, 39.195383276794836 ], [ 45.9897854864343, 39.200330415785317 ], [ 45.989674724558043, 39.202321852631883 ], [ 45.99069209578812, 39.205766864368641 ], [ 45.988187351407632, 39.210560254126321 ], [ 45.987979738148084, 39.213343908170749 ], [ 45.987878981127082, 39.216562102405554 ], [ 45.988321602175283, 39.218432126691276 ], [ 45.989387559299438, 39.220401531894709 ], [ 45.991989256961837, 39.223328550764997 ], [ 45.990706401285074, 39.225406332905493 ], [ 45.990037843036639, 39.227809343509939 ], [ 45.99016424813999, 39.231097687085487 ], [ 45.988393554189898, 39.23357295488745 ], [ 45.987887610830839, 39.235741085993617 ], [ 45.987887561686748, 39.238071833867025 ], [ 45.987056404877364, 39.239932808004369 ], [ 45.987056317233993, 39.244088404986861 ], [ 45.987723657422144, 39.245980120426182 ], [ 45.98879566524014, 39.24666665891683 ], [ 45.991014737439805, 39.247408650375569 ], [ 45.996649570333922, 39.250921417377093 ], [ 45.99759277271307, 39.252906690487464 ], [ 45.99878662472576, 39.253298622268012 ], [ 46.003557294907701, 39.255154827989656 ], [ 46.004747172870275, 39.256844742918375 ], [ 46.004594538131343, 39.258671187766126 ], [ 46.005708894926819, 39.261531949375055 ], [ 46.005143439126989, 39.265014980476927 ], [ 46.00523652409295, 39.267310293547325 ], [ 46.004369239306989, 39.268809910965928 ], [ 46.003680045536726, 39.27158655701497 ], [ 46.000845847587975, 39.27713912782059 ], [ 46.002760998749444, 39.278692984178036 ], [ 46.003826964558534, 39.280246829700744 ], [ 46.003417316966583, 39.28181267562686 ], [ 46.001993027149091, 39.283011181692416 ], [ 46.001800127196319, 39.28490663585751 ], [ 46.00024033132707, 39.288774791678961 ], [ 45.998867131280498, 39.291105522031572 ], [ 45.996283722246822, 39.292628530276566 ], [ 45.991741067560213, 39.292211655526174 ], [ 45.9884159109492, 39.294973817545568 ], [ 45.984479286619674, 39.295966423892324 ], [ 45.980705569590064, 39.294995967508598 ], [ 45.975180356842102, 39.295325218333389 ], [ 45.971688197786115, 39.294994685992357 ], [ 45.967433600822623, 39.296864236122637 ], [ 45.967117379059829, 39.298553572588155 ], [ 45.964131521415581, 39.29912179038309 ], [ 45.962600629041468, 39.299699652323149 ], [ 45.946849121131592, 39.306902282655173 ], [ 45.942538574750557, 39.307728642814197 ], [ 45.940629786946658, 39.309737210410674 ], [ 45.939654118403411, 39.310152757639308 ], [ 45.939473419253105, 39.311164552844524 ], [ 45.939911393577809, 39.313859258870565 ], [ 45.939092875316121, 39.3154310233123 ], [ 45.936221077957711, 39.318012214319232 ], [ 45.932806243418291, 39.319078169632043 ], [ 45.931425699563235, 39.321703354902134 ], [ 45.925452626882212, 39.320631907550549 ], [ 45.922489497566758, 39.321318446562984 ], [ 45.920464909762586, 39.323714084286095 ], [ 45.918222625945745, 39.324949798802706 ], [ 45.913904066031193, 39.32527155353678 ], [ 45.912612599016569, 39.326819261289117 ], [ 45.911301961766021, 39.329351172178981 ], [ 45.908772250984569, 39.33069698203942 ], [ 45.906471058706714, 39.330701511890076 ], [ 45.903309962956406, 39.329814783377337 ], [ 45.900364326911742, 39.331276488401144 ], [ 45.898531417799255, 39.331363844116623 ], [ 45.895373605465636, 39.333287762474384 ], [ 45.893448160503873, 39.336271901400622 ], [ 45.892198536333346, 39.337357759950052 ], [ 45.892162209382796, 39.340814199535515 ], [ 45.891308523999506, 39.34192939144976 ], [ 45.88823251955737, 39.343988596422733 ], [ 45.88633005393352, 39.344090048896405 ], [ 45.883996181399631, 39.343713338589296 ], [ 45.882016223771053, 39.34544568113872 ], [ 45.879221146774142, 39.347340060373369 ], [ 45.877120757074309, 39.34786400006594 ], [ 45.872125090516093, 39.349933197461738 ], [ 45.870014476534664, 39.352426768098674 ], [ 45.866699602317681, 39.353810136837225 ], [ 45.865188068948974, 39.354984378287341 ], [ 45.86126609247561, 39.357006110297263 ], [ 45.859617413017645, 39.356780241544584 ], [ 45.858011851069016, 39.357019668009798 ], [ 45.854974289374866, 39.358555121890802 ], [ 45.852042441224157, 39.35951741817523 ], [ 45.847072701783297, 39.359562419399587 ], [ 45.842979325145379, 39.358542482444612 ], [ 45.840833829291661, 39.358264531959222 ], [ 45.839078861055292, 39.357322013056667 ], [ 45.837967692280785, 39.357358134458643 ], [ 45.836667067485976, 39.358729319297794 ], [ 45.835216251277814, 39.359174503332603 ], [ 45.830202442340273, 39.359058199489617 ], [ 45.825614476743617, 39.359586777573149 ], [ 45.821968630111229, 39.359697711339955 ], [ 45.819818545625871, 39.360619142235961 ], [ 45.818860931043638, 39.361685130895495 ], [ 45.817162549695631, 39.362191007891958 ], [ 45.812810791921471, 39.361106135285617 ], [ 45.809660666910524, 39.361188041057332 ], [ 45.804515054386648, 39.364765509178426 ], [ 45.799717212987289, 39.366428941665092 ], [ 45.7961144246079, 39.367301430732738 ], [ 45.794330813855709, 39.368074455914062 ], [ 45.792319195429187, 39.370068255837651 ], [ 45.791814207899662, 39.374719134299838 ], [ 45.790702005918384, 39.375895104516871 ], [ 45.790620667512833, 39.377467003125155 ], [ 45.789310702341275, 39.379897107066242 ], [ 45.789184197765302, 39.381315428692531 ], [ 45.790159789908628, 39.384490859162284 ], [ 45.790866182421013, 39.3850295178366 ], [ 45.793104809870492, 39.385755643740048 ], [ 45.794496007573507, 39.386731323417017 ], [ 45.794342358268722, 39.390173239650444 ], [ 45.79481204344156, 39.39378680808575 ], [ 45.795399205467511, 39.395692969784875 ], [ 45.797621466458537, 39.399216221620428 ], [ 45.798235949951945, 39.406459880698073 ], [ 45.797874136696237, 39.412297320815497 ], [ 45.802223091815762, 39.41720005820325 ], [ 45.801990107088358, 39.422501519405174 ], [ 45.803830933224305, 39.424936725731023 ], [ 45.80421083522225, 39.428727395826499 ], [ 45.804965373898057, 39.429353426353103 ], [ 45.811677569679716, 39.42849529133337 ], [ 45.815851205496578, 39.429416803260651 ], [ 45.815779938854483, 39.432080930782988 ], [ 45.817558502346721, 39.434466778651263 ], [ 45.817431973810656, 39.43700530463942 ], [ 45.81844787203211, 39.43820873975109 ], [ 45.823582716729987, 39.441264623448802 ], [ 45.824713358929003, 39.445868209103807 ], [ 45.827876791336173, 39.449203096394918 ], [ 45.828778046944265, 39.452170334746164 ], [ 45.832320953828109, 39.453559925301114 ], [ 45.834602278388481, 39.456673208494578 ], [ 45.840341453099988, 39.458406921982458 ], [ 45.840723841701156, 39.461056185524541 ], [ 45.840484150743869, 39.462112206374023 ], [ 45.838639179622263, 39.464521850140059 ], [ 45.837910344885302, 39.468244159529533 ], [ 45.832950840060242, 39.471011879214537 ], [ 45.830458064268861, 39.47325853687795 ], [ 45.827057227903147, 39.474053290389385 ], [ 45.824646957311181, 39.47572678671586 ], [ 45.823352772868226, 39.476583731807288 ], [ 45.820972649199305, 39.479317789122341 ], [ 45.813588975040183, 39.483980477203367 ], [ 45.814099905906275, 39.490643608682959 ], [ 45.81842358369174, 39.493718474307272 ], [ 45.820695873733754, 39.497360261892744 ], [ 45.822857041310918, 39.499801362781682 ], [ 45.824928481337004, 39.504134245181113 ], [ 45.82423302017353, 39.505834722391917 ], [ 45.823994780870386, 39.508223870345596 ], [ 45.818250536627524, 39.514691297594439 ], [ 45.819008737920605, 39.517299871416085 ], [ 45.820649452313212, 39.521350531839353 ], [ 45.820751658029934, 39.52645817160824 ], [ 45.819790494243293, 39.52707360733006 ], [ 45.817884201802705, 39.527282670431198 ], [ 45.815640990602553, 39.528498599707056 ], [ 45.817429416127219, 39.53278550334398 ], [ 45.81519842925244, 39.538736092311503 ], [ 45.81443954716638, 39.540398321278417 ], [ 45.811629942252026, 39.543487881054375 ], [ 45.810393177872697, 39.547240282388948 ], [ 45.806270446299102, 39.551445741062444 ], [ 45.805360223990455, 39.552864994970548 ], [ 45.804645688639738, 39.556619918862779 ], [ 45.80481283346667, 39.558523598744451 ], [ 45.805906349785047, 39.560931917183709 ], [ 45.805974333332649, 39.561953112344234 ], [ 45.803111567315341, 39.564496954990517 ], [ 45.802498986941309, 39.566455608574891 ], [ 45.800494929458281, 39.568663654756392 ], [ 45.798950321722252, 39.571767782994812 ], [ 45.791916816148543, 39.570415678229963 ], [ 45.787884165344828, 39.568986662066081 ], [ 45.785860604924153, 39.568869933476677 ], [ 45.785053995383713, 39.569570985793931 ], [ 45.784226555046466, 39.572065667990451 ], [ 45.779609385360594, 39.577476624979177 ], [ 45.780064976974884, 39.57920273493356 ], [ 45.781383898268814, 39.581585006034395 ], [ 45.781590518729722, 39.583516400688772 ], [ 45.780454946840472, 39.584507235336311 ], [ 45.77720886403727, 39.585392406441528 ], [ 45.763014619817831, 39.585246519509695 ], [ 45.755963999562937, 39.586683462438941 ], [ 45.754119255725406, 39.588475993454026 ], [ 45.749811603906082, 39.593845552693168 ], [ 45.748048038396448, 39.594424629023457 ], [ 45.744300004482049, 39.593952120821498 ], [ 45.739197269037504, 39.592332630976642 ], [ 45.734639334124985, 39.591731138505509 ], [ 45.73383038841866, 39.593616545452143 ], [ 45.730831986330386, 39.598385086575995 ], [ 45.72943843164861, 39.599948736313728 ], [ 45.726449716097711, 39.60227508364234 ], [ 45.72530085499406, 39.602586583563223 ], [ 45.722113759569659, 39.601454339592102 ], [ 45.719988440023634, 39.602355379487342 ], [ 45.717136629770728, 39.602373009863264 ], [ 45.714676228022519, 39.600712389799057 ], [ 45.712779932987132, 39.600526691832847 ], [ 45.708205396718988, 39.601561653093881 ], [ 45.705411844310532, 39.601701360099568 ], [ 45.694043594360338, 39.603254690134527 ] ] ] ] } },
{ "type": "Feature", "id": 4, "properties": { "cadastre_code": "10", "name_hy": "Վայոց Ձոր", "name_en": "Vayots Dzor", "name_ru": "Вайоц Дзор", "type": "province", "province_hy": "Վայոց Ձոր", "province_en": "Vayots Dzor", "province_ru": "Вайоц Дзор", "name_alt": null }, "geometry": { "type": "MultiPolygon", "coordinates": [ [ [ [ 45.811628851606329, 39.871677752354543 ], [ 45.803576038094612, 39.865614370596482 ], [ 45.788011745394762, 39.859669828656564 ], [ 45.784174155175897, 39.855534013715221 ], [ 45.780898866886346, 39.850774311763672 ], [ 45.7780203659891, 39.844387333939864 ], [ 45.776854420542655, 39.843301740587307 ], [ 45.775000754569781, 39.842611869276951 ], [ 45.772704214841518, 39.84106459901286 ], [ 45.768549086480732, 39.837802132097849 ], [ 45.766174584217516, 39.837986283329805 ], [ 45.764320641567345, 39.838982317613315 ], [ 45.762545404652457, 39.839177259084856 ], [ 45.760886622665311, 39.838908135044065 ], [ 45.759924250809384, 39.837901703069306 ], [ 45.757593680590432, 39.83653768947746 ], [ 45.754208882520885, 39.835762635179861 ], [ 45.756227751246897, 39.8303384264767 ], [ 45.759079052497576, 39.828499541390293 ], [ 45.761913215643396, 39.827768522255028 ], [ 45.760933024376158, 39.825145657864269 ], [ 45.759737031029964, 39.824342679970137 ], [ 45.759179741093924, 39.822653108408794 ], [ 45.75803853591708, 39.821403797701599 ], [ 45.75611869422692, 39.820111280133894 ], [ 45.753920676200067, 39.815941659222247 ], [ 45.751079526347041, 39.814214416674353 ], [ 45.7479920622444, 39.814134433506624 ], [ 45.746801394846067, 39.812432121175028 ], [ 45.744924171673397, 39.807204521618097 ], [ 45.743314106865029, 39.804262829746648 ], [ 45.741279159348061, 39.801767191237282 ], [ 45.740856591119829, 39.800303314920747 ], [ 45.74133396048385, 39.799484896223831 ], [ 45.741145785407433, 39.798764520848536 ], [ 45.738995066500991, 39.79611697535362 ], [ 45.7376102019809, 39.795085325087079 ], [ 45.732607432431294, 39.793029351247739 ], [ 45.733003106537531, 39.790372752324352 ], [ 45.7260923570458, 39.779560806305 ], [ 45.724240833920454, 39.778686379834653 ], [ 45.719051105211314, 39.777865925445482 ], [ 45.71608655643513, 39.775716983766657 ], [ 45.713525715586208, 39.775436853738732 ], [ 45.7121574027829, 39.775875089481744 ], [ 45.710955545239997, 39.775659188420271 ], [ 45.709194712552531, 39.774240688710215 ], [ 45.707158101951983, 39.771156982012243 ], [ 45.707105471096476, 39.77023978655248 ], [ 45.709084767433303, 39.76759465870456 ], [ 45.709542954478067, 39.766468134073484 ], [ 45.711664736160827, 39.76472718452829 ], [ 45.710393520497313, 39.763163761906796 ], [ 45.708631710949597, 39.755036603336308 ], [ 45.708608968179789, 39.752772686940844 ], [ 45.710066670384236, 39.750545066762271 ], [ 45.708129672012468, 39.743054298939583 ], [ 45.708684410464038, 39.741600805254841 ], [ 45.708772013278953, 39.739874806105583 ], [ 45.711777433209932, 39.737856260194214 ], [ 45.714499822201248, 39.734310342892201 ], [ 45.717014490559059, 39.732363742401255 ], [ 45.716602581907594, 39.730739952073449 ], [ 45.716802706732409, 39.726357842533233 ], [ 45.726656125766475, 39.718610024842732 ], [ 45.730067410727656, 39.716497935609361 ], [ 45.730555027992573, 39.713833131880342 ], [ 45.730511076970998, 39.709654786421474 ], [ 45.729411703401638, 39.706715633132028 ], [ 45.729481305920785, 39.704135284962184 ], [ 45.727012297894632, 39.699261551752798 ], [ 45.720612770786772, 39.693400779444744 ], [ 45.713258433652605, 39.685534721395129 ], [ 45.713706859838332, 39.681869365035951 ], [ 45.712248429253634, 39.677456826158391 ], [ 45.712146623481374, 39.665529398701679 ], [ 45.710779053888444, 39.659510291228443 ], [ 45.708658831281497, 39.656544608941424 ], [ 45.711906599923061, 39.654252668250372 ], [ 45.7171941219529, 39.649391454206608 ], [ 45.714947242306678, 39.648593413712113 ], [ 45.714215468161527, 39.646601982971596 ], [ 45.711322805425603, 39.645625513829685 ], [ 45.710460044927522, 39.643775552873791 ], [ 45.708280091066477, 39.641204567229799 ], [ 45.705690853357396, 39.636923043396223 ], [ 45.703034346805083, 39.633954282240069 ], [ 45.701907434864864, 39.631543388906834 ], [ 45.700090995529351, 39.629394265526869 ], [ 45.695225337857764, 39.62501122483625 ], [ 45.693464461218127, 39.61916790119745 ], [ 45.691492683582318, 39.615091645257905 ], [ 45.691854966295395, 39.613187651546518 ], [ 45.692557112843048, 39.612078565787286 ], [ 45.694021942643374, 39.607815721274342 ], [ 45.693176132727302, 39.604431934856983 ], [ 45.694043594360338, 39.603254690134527 ], [ 45.688931845355576, 39.599849813338601 ], [ 45.687531112210458, 39.597121458749797 ], [ 45.686318380433313, 39.595652643965146 ], [ 45.678780824095909, 39.59159719621038 ], [ 45.676579839245164, 39.589175416616762 ], [ 45.676156868396198, 39.586126174463267 ], [ 45.674601264060705, 39.585048331382922 ], [ 45.667173947557146, 39.583941620312849 ], [ 45.661033582313564, 39.58352106468962 ], [ 45.659600319753601, 39.582713861014774 ], [ 45.65644012835655, 39.582626720208111 ], [ 45.655082759415052, 39.581828137451907 ], [ 45.654577686938985, 39.580847772095531 ], [ 45.647307515387197, 39.575540547930231 ], [ 45.643182761230896, 39.572976656104309 ], [ 45.637752552283288, 39.570989267236925 ], [ 45.633887992364244, 39.568540378829958 ], [ 45.630048347582502, 39.567983690221205 ], [ 45.625558241797066, 39.568399214546666 ], [ 45.623923062518578, 39.56771239381235 ], [ 45.623633842751268, 39.566779223217857 ], [ 45.623834573065018, 39.564104405087321 ], [ 45.623147239539549, 39.562636938608009 ], [ 45.620280644397731, 39.562413151443764 ], [ 45.617140941428325, 39.563060253409972 ], [ 45.614780476173578, 39.563051258713379 ], [ 45.608959890088066, 39.565433420868594 ], [ 45.605300599700968, 39.567724122958509 ], [ 45.602278118429432, 39.568978870055091 ], [ 45.600307816947073, 39.569414053860712 ], [ 45.596395822575474, 39.568498933442555 ], [ 45.590549606910223, 39.569872553310724 ], [ 45.588693904158319, 39.569642848778287 ], [ 45.584414251258941, 39.568403649248481 ], [ 45.579847544317779, 39.568222926047881 ], [ 45.575636829002342, 39.566664939607016 ], [ 45.573055711530543, 39.563590925587874 ], [ 45.571179199775592, 39.560795984356972 ], [ 45.569693925452661, 39.558009299462874 ], [ 45.567869385009288, 39.554612934078769 ], [ 45.564760779660119, 39.550919609589975 ], [ 45.563514191213443, 39.546836268240916 ], [ 45.559165443626632, 39.543168237408274 ], [ 45.55665360268663, 39.542796592201348 ], [ 45.551553343117369, 39.546077266111929 ], [ 45.547184685546767, 39.546875869459413 ], [ 45.544967620420294, 39.547016707443611 ], [ 45.542943530158816, 39.546700107234074 ], [ 45.535381774542195, 39.54371182017212 ], [ 45.534717874305592, 39.538243995172927 ], [ 45.534145245442076, 39.53679018704814 ], [ 45.530196121311867, 39.532510011527592 ], [ 45.528698589738859, 39.528322593167296 ], [ 45.527418462211699, 39.526937503417479 ], [ 45.525597152179735, 39.526139785393923 ], [ 45.522535050701535, 39.525805775248749 ], [ 45.519167297755587, 39.525886070258167 ], [ 45.51730847709436, 39.525046572037994 ], [ 45.516861205458099, 39.524160888682793 ], [ 45.516233990156259, 39.520918854912466 ], [ 45.515174449655319, 39.519869437824411 ], [ 45.510355736641046, 39.517571916359614 ], [ 45.504310556362761, 39.5174235698343 ], [ 45.502094305660094, 39.516411714167354 ], [ 45.500092528011798, 39.513899200962861 ], [ 45.498913595469062, 39.513382884314936 ], [ 45.491433590503512, 39.510961701332072 ], [ 45.486925777698765, 39.506494377073345 ], [ 45.482128867480156, 39.502636837708643 ], [ 45.48017688709777, 39.498436601640591 ], [ 45.475416704924612, 39.491630388341598 ], [ 45.474315322893013, 39.490569716088906 ], [ 45.472797133204878, 39.490097656932264 ], [ 45.471735026214745, 39.490688897410273 ], [ 45.470502443841319, 39.493946071045329 ], [ 45.467782909159162, 39.497614793353307 ], [ 45.466278107646708, 39.499164238693247 ], [ 45.465019570664147, 39.503995130016563 ], [ 45.463762930223446, 39.504913145276582 ], [ 45.461152730260807, 39.504836569062022 ], [ 45.455407384271844, 39.502484602589981 ], [ 45.450911258051327, 39.50148042557214 ], [ 45.448382862675622, 39.501011959591388 ], [ 45.446027435684854, 39.501260132662338 ], [ 45.445080909139875, 39.502437614544732 ], [ 45.44414123457625, 39.509447912914702 ], [ 45.443002924711493, 39.511326950538532 ], [ 45.441141383506533, 39.5131311607255 ], [ 45.43826904749745, 39.516982114213704 ], [ 45.435904812473751, 39.523069231747378 ], [ 45.435273801850016, 39.523889521716214 ], [ 45.433441589125984, 39.524165336844085 ], [ 45.424378639838466, 39.52464921362936 ], [ 45.416625908490687, 39.527938673721636 ], [ 45.410336363332732, 39.528183714509026 ], [ 45.407981911257259, 39.528778922162722 ], [ 45.404247109051866, 39.532230907563836 ], [ 45.400073388173702, 39.535302381488307 ], [ 45.389238342422658, 39.537101927731207 ], [ 45.386526306370151, 39.539193805065132 ], [ 45.38388063547653, 39.539847012603289 ], [ 45.378626862397589, 39.539168616232274 ], [ 45.372844077496673, 39.539295984575368 ], [ 45.369061821260509, 39.540786228885544 ], [ 45.367209883913986, 39.540987731500536 ], [ 45.363556948841705, 39.540393500982226 ], [ 45.359428896511332, 39.540210686941371 ], [ 45.357797308652614, 39.539585314815696 ], [ 45.355830851479098, 39.539352228408745 ], [ 45.344003874956925, 39.539663057964695 ], [ 45.34234674362898, 39.540920725662012 ], [ 45.341649033768185, 39.542563837740971 ], [ 45.341488454563752, 39.544172920392612 ], [ 45.34193103048073, 39.548093640884844 ], [ 45.341234073511494, 39.549117371950778 ], [ 45.333788802391233, 39.553817684933087 ], [ 45.329156890657003, 39.558627009207306 ], [ 45.328092822629813, 39.5592821533482 ], [ 45.323684320271745, 39.559403193567206 ], [ 45.317172942372345, 39.560268909037013 ], [ 45.313837395193737, 39.561690921452026 ], [ 45.312269471938372, 39.562760299529188 ], [ 45.309995370257674, 39.565652044174485 ], [ 45.308342573187318, 39.570099799702092 ], [ 45.308613559330382, 39.57150909237415 ], [ 45.308216024762174, 39.573532681946403 ], [ 45.304213918010653, 39.577977311472466 ], [ 45.300074682756886, 39.580432557760638 ], [ 45.298261089181736, 39.585101009126255 ], [ 45.298895350686287, 39.586948699566271 ], [ 45.301377037861144, 39.589116079595826 ], [ 45.302366213809478, 39.590461257833709 ], [ 45.301039718222704, 39.595573086305528 ], [ 45.30144912831328, 39.597481476490131 ], [ 45.303919739649757, 39.601301412441927 ], [ 45.306067183424361, 39.603991265774319 ], [ 45.30827850974589, 39.608376454117533 ], [ 45.308171394180668, 39.609572314658934 ], [ 45.307362547229381, 39.610965671420004 ], [ 45.306327397639627, 39.612033552400597 ], [ 45.305120346982264, 39.612362791850202 ], [ 45.296773818247516, 39.612493079940222 ], [ 45.291383505252874, 39.61387618856822 ], [ 45.288600931075237, 39.613839651582296 ], [ 45.283216217156479, 39.613119012984541 ], [ 45.278310329740783, 39.612821320711539 ], [ 45.256656965781502, 39.612691915790371 ], [ 45.242755673454177, 39.611700083801033 ], [ 45.240674040317501, 39.609530283356442 ], [ 45.239069909567696, 39.608881457827742 ], [ 45.235413493565758, 39.607997665756777 ], [ 45.227166480514271, 39.604203872101806 ], [ 45.225954953129296, 39.603228030301651 ], [ 45.225140428519779, 39.599882407448234 ], [ 45.223314789544823, 39.594841243284627 ], [ 45.223379559535324, 39.593134698383821 ], [ 45.224343785569481, 39.591545980263305 ], [ 45.224814858695879, 39.589512581617164 ], [ 45.224318640688082, 39.588100578425909 ], [ 45.223039595520412, 39.586888906526646 ], [ 45.215342281599838, 39.582523224303046 ], [ 45.211898968943927, 39.581877408951691 ], [ 45.205219011367014, 39.582604992492307 ], [ 45.198854248049962, 39.583346000946989 ], [ 45.18808809041311, 39.586124610439242 ], [ 45.17192725684211, 39.592395217089603 ], [ 45.176065212897861, 39.598528156377377 ], [ 45.179642374640714, 39.603500075694953 ], [ 45.179780614120354, 39.604860603089776 ], [ 45.17874167992715, 39.606595099337362 ], [ 45.174423419406722, 39.609549130265407 ], [ 45.172965306058224, 39.610866443000923 ], [ 45.174477566418936, 39.612150895503753 ], [ 45.175218321851602, 39.613216905840567 ], [ 45.174816407296575, 39.619497190373529 ], [ 45.173508517057726, 39.623687953739484 ], [ 45.173640387038446, 39.626933259699982 ], [ 45.177787154932538, 39.632611411352372 ], [ 45.179515919181412, 39.637988837217449 ], [ 45.181417450283973, 39.641967084498653 ], [ 45.186848894680843, 39.6490629492693 ], [ 45.175408589381135, 39.651903946894379 ], [ 45.172706008031383, 39.662458956520489 ], [ 45.172597017603287, 39.663872061931443 ], [ 45.174268609778181, 39.666489829209191 ], [ 45.175476988445645, 39.668051628915372 ], [ 45.181532674265654, 39.671237759103029 ], [ 45.185846210884023, 39.674926331620931 ], [ 45.186726127419881, 39.676111099088821 ], [ 45.187156833922778, 39.677854293491137 ], [ 45.186879324884771, 39.679267679401342 ], [ 45.184299531095405, 39.683829002191494 ], [ 45.182108820511615, 39.68524539113011 ], [ 45.17726743799038, 39.685903729143035 ], [ 45.173897778558647, 39.686852245450602 ], [ 45.172324496478616, 39.68776756203998 ], [ 45.170796739663857, 39.693311723689476 ], [ 45.170076276570597, 39.694630387793836 ], [ 45.166076431834355, 39.697552920046434 ], [ 45.162605066888311, 39.699188134268525 ], [ 45.161503778850459, 39.700748289910457 ], [ 45.158022529288175, 39.704339750362472 ], [ 45.153425339379091, 39.706160980724398 ], [ 45.151755255387783, 39.708614634530605 ], [ 45.147247266916004, 39.712304926073998 ], [ 45.146876849076399, 39.713619354383823 ], [ 45.146903916638529, 39.715186737177866 ], [ 45.146147102170481, 39.717436740836639 ], [ 45.144122961422696, 39.718623954090639 ], [ 45.138440412440964, 39.724851650347709 ], [ 45.138158882433018, 39.725955037946434 ], [ 45.138660222305703, 39.72782506269418 ], [ 45.138551779120597, 39.729505367533164 ], [ 45.136781069770571, 39.732631075526136 ], [ 45.134956219260793, 39.732902068978106 ], [ 45.133402359707567, 39.734347473536559 ], [ 45.133230689549038, 39.73555801451635 ], [ 45.133890121784319, 39.737455143028768 ], [ 45.13341128086789, 39.739523900952371 ], [ 45.135236051102098, 39.742938740555616 ], [ 45.131035209332637, 39.746868434492995 ], [ 45.125841213315631, 39.750336245764657 ], [ 45.125182892335289, 39.752249835961955 ], [ 45.125090722952031, 39.755613176887273 ], [ 45.123543648025475, 39.756669086836474 ], [ 45.12274396006439, 39.758343701487398 ], [ 45.119834012068509, 39.761248656745735 ], [ 45.118081783528943, 39.762361654998429 ], [ 45.113648220767338, 39.763898544441048 ], [ 45.109357723884628, 39.767241566676219 ], [ 45.10485882114336, 39.770721449248441 ], [ 45.102212620287453, 39.771865006294327 ], [ 45.100762115088692, 39.772018431429075 ], [ 45.102037805976536, 39.774226554693286 ], [ 45.101728681355596, 39.774737649230715 ], [ 45.100658971480584, 39.775271140345041 ], [ 45.094027481563096, 39.777298243937906 ], [ 45.086348437607427, 39.780641879480463 ], [ 45.081657489663534, 39.786131935200828 ], [ 45.080390383580486, 39.786806668246008 ], [ 45.078196917763933, 39.787296557919753 ], [ 45.071343461631038, 39.787222609832156 ], [ 45.0686716393948, 39.788567105011374 ], [ 45.06548120117251, 39.789409756891445 ], [ 45.064016999466396, 39.790475689803763 ], [ 45.061075777835669, 39.794205184834468 ], [ 45.062736877945035, 39.795892419722605 ], [ 45.063051343632111, 39.797941874352141 ], [ 45.064382903795412, 39.798463519193952 ], [ 45.065028396985376, 39.801975690750041 ], [ 45.0652081319502, 39.80682107637508 ], [ 45.067563655350725, 39.808894190325994 ], [ 45.067066812447962, 39.809427750291739 ], [ 45.067350765177423, 39.813083672492596 ], [ 45.06594510113748, 39.815862791154302 ], [ 45.065777322070943, 39.828166063631222 ], [ 45.061157272043459, 39.834590181875917 ], [ 45.06222045338658, 39.834697693082347 ], [ 45.062430286525078, 39.834202226571698 ], [ 45.064545191198725, 39.834660393334623 ], [ 45.067488346184703, 39.833857151475321 ], [ 45.066206281551814, 39.83695609966226 ], [ 45.064770890345535, 39.838632107119437 ], [ 45.069286106843307, 39.839209601062763 ], [ 45.070125092620991, 39.841988386351225 ], [ 45.072309655531647, 39.841743874588929 ], [ 45.075103708396099, 39.843309213462291 ], [ 45.082488742204049, 39.846545906937294 ], [ 45.088805281508421, 39.846170286566739 ], [ 45.099794461759004, 39.848489984352994 ], [ 45.09319929091707, 39.858774149304253 ], [ 45.094541353093085, 39.862624281195664 ], [ 45.097463281966853, 39.866071269782566 ], [ 45.098246689423569, 39.867769519885677 ], [ 45.100548719664886, 39.869594978633799 ], [ 45.103181675227979, 39.874430554447656 ], [ 45.104589001971753, 39.875801854329531 ], [ 45.110881307558316, 39.874524469754896 ], [ 45.112100258299151, 39.873667127310192 ], [ 45.113351888603738, 39.8718777580536 ], [ 45.115991795881143, 39.871626977612202 ], [ 45.118949977309839, 39.872209940336965 ], [ 45.121739731588789, 39.874180493754636 ], [ 45.123109826158, 39.874544405452873 ], [ 45.125611725934284, 39.874375831722126 ], [ 45.12708819117713, 39.874683103955697 ], [ 45.130284798048329, 39.874580747319285 ], [ 45.131297637775432, 39.875716300142443 ], [ 45.133100493521496, 39.876939374894746 ], [ 45.135540521547497, 39.877702583208283 ], [ 45.137067282178037, 39.877640157274975 ], [ 45.140443361820971, 39.87914655138151 ], [ 45.146974814914579, 39.880171363137435 ], [ 45.151964427690999, 39.882123293264122 ], [ 45.156293066582421, 39.882931934929729 ], [ 45.158140437680714, 39.884210310696105 ], [ 45.16315878832058, 39.886498270683795 ], [ 45.162033557135999, 39.888706428046447 ], [ 45.162025506530938, 39.889836715124652 ], [ 45.163645418147524, 39.893161428192322 ], [ 45.163761588181281, 39.895149340272546 ], [ 45.16486383801444, 39.897006388063822 ], [ 45.166034233382483, 39.898171957568621 ], [ 45.166897258024804, 39.899900809760965 ], [ 45.167882042791121, 39.900609686985916 ], [ 45.16835979391869, 39.903144544133582 ], [ 45.169176177352604, 39.903950826548048 ], [ 45.174059494552672, 39.906566142358521 ], [ 45.177840193055204, 39.90778104540712 ], [ 45.180241227266599, 39.91044599782068 ], [ 45.181485762422774, 39.910755205740841 ], [ 45.185720088844853, 39.910882829620007 ], [ 45.187938148953073, 39.913685455190688 ], [ 45.192852340974525, 39.917161953825961 ], [ 45.194477968227602, 39.918663745421348 ], [ 45.195147862376643, 39.919780004480586 ], [ 45.195272762277831, 39.92115597856376 ], [ 45.193993675884371, 39.923151640093963 ], [ 45.193903876390088, 39.924245717417804 ], [ 45.19536743655928, 39.925961917327562 ], [ 45.195480201953117, 39.927435333260227 ], [ 45.194683826143603, 39.928993998069274 ], [ 45.195409877470915, 39.93324635265482 ], [ 45.196361473451361, 39.933791242900035 ], [ 45.19680260351862, 39.934634473653944 ], [ 45.19586898466509, 39.936612901322185 ], [ 45.196681816097808, 39.936643588975599 ], [ 45.202573615982807, 39.934677133113112 ], [ 45.206493346298942, 39.935343703693491 ], [ 45.207923586078238, 39.934809158894382 ], [ 45.20951889863202, 39.934707270032824 ], [ 45.214127801037669, 39.935411775614021 ], [ 45.215005543098549, 39.936281500982595 ], [ 45.215965315752022, 39.938675926170973 ], [ 45.21681694926113, 39.939407066301641 ], [ 45.220195224565799, 39.93964284374745 ], [ 45.223378714294348, 39.945102482259514 ], [ 45.228687245331912, 39.947876381452659 ], [ 45.231064585358141, 39.950646760241014 ], [ 45.234737021842427, 39.953605132072909 ], [ 45.237877659199533, 39.954148796213659 ], [ 45.24040210120134, 39.954256000383893 ], [ 45.242607574768648, 39.951973347344854 ], [ 45.245295376915159, 39.95113242035692 ], [ 45.247575857604694, 39.950812835583079 ], [ 45.251974734121305, 39.951857190705049 ], [ 45.253079678439512, 39.952448604958775 ], [ 45.257227582700104, 39.953299227315938 ], [ 45.258927194617456, 39.953331763631894 ], [ 45.263519057793282, 39.952195108705617 ], [ 45.267975870291188, 39.951797514086856 ], [ 45.28292148632265, 39.953821969609564 ], [ 45.285650390626614, 39.953657844103738 ], [ 45.291767227528105, 39.952187820344101 ], [ 45.295529917343195, 39.951834954843775 ], [ 45.301606660418095, 39.952590968300562 ], [ 45.307829592244204, 39.953914391911304 ], [ 45.310311067470401, 39.954096940382186 ], [ 45.313993761491936, 39.953688581528574 ], [ 45.31761232170831, 39.954257253289583 ], [ 45.32612667662692, 39.953917222273489 ], [ 45.331102636426841, 39.955706513034571 ], [ 45.333406868941871, 39.956061091950474 ], [ 45.343861831203832, 39.956671324954556 ], [ 45.347602477454416, 39.956360905391179 ], [ 45.352428784122097, 39.956502005779669 ], [ 45.356488631596299, 39.961115315130399 ], [ 45.356917699801087, 39.96215325884414 ], [ 45.356952230284826, 39.963931904720084 ], [ 45.355531418550925, 39.966706181677374 ], [ 45.356346386244198, 39.967976579397209 ], [ 45.358288031670547, 39.969509934933434 ], [ 45.360006694615699, 39.969616213255492 ], [ 45.362836415532769, 39.96797202593298 ], [ 45.367664843019774, 39.966570094847107 ], [ 45.370947786448099, 39.96426280669472 ], [ 45.373428050028018, 39.963486521560441 ], [ 45.374617222217985, 39.961616878605213 ], [ 45.376128780064462, 39.960247478813045 ], [ 45.37769306029054, 39.958092906149368 ], [ 45.380248642692699, 39.958108890874215 ], [ 45.38154543156157, 39.959567914401234 ], [ 45.383331801019629, 39.959687845102508 ], [ 45.384155178257458, 39.960670738536457 ], [ 45.386625015252456, 39.960400406993848 ], [ 45.387057429426974, 39.959727905541847 ], [ 45.388255483390623, 39.959461765903093 ], [ 45.389533609334897, 39.958586266029862 ], [ 45.391412214171297, 39.958150040811915 ], [ 45.393717374864764, 39.95841485232868 ], [ 45.395114660084559, 39.958914605020261 ], [ 45.396965673864095, 39.958425957762891 ], [ 45.400494202538916, 39.959410310736878 ], [ 45.402179965576174, 39.960842625667816 ], [ 45.402495345162002, 39.963483824765333 ], [ 45.40445047129522, 39.964118940524713 ], [ 45.405358000908379, 39.966304402383251 ], [ 45.407342342443734, 39.963206120355551 ], [ 45.409652523910033, 39.961941407096788 ], [ 45.410894639999178, 39.96174616273494 ], [ 45.412251683033695, 39.961052171116677 ], [ 45.413739355044399, 39.959444426563145 ], [ 45.415706471235445, 39.958909503270753 ], [ 45.418992221176616, 39.959153007982849 ], [ 45.419673514777436, 39.959919751603998 ], [ 45.421363481532282, 39.958886248223479 ], [ 45.424264762606377, 39.959051070532446 ], [ 45.428613612325776, 39.957024049559884 ], [ 45.431269350024174, 39.956823778762988 ], [ 45.432945070726433, 39.957382953409095 ], [ 45.43418708365283, 39.959165385187411 ], [ 45.435588846988985, 39.962239129126466 ], [ 45.439248162590175, 39.96533458063395 ], [ 45.440879227581441, 39.965243740956367 ], [ 45.444890817865208, 39.963883597686298 ], [ 45.448328939052693, 39.963758072599646 ], [ 45.452619456966858, 39.964525832314017 ], [ 45.456129898323198, 39.964451839400297 ], [ 45.462496562368095, 39.965607272793015 ], [ 45.465267932570846, 39.966924117693218 ], [ 45.468407909759186, 39.968018679729489 ], [ 45.470779267862845, 39.968388633864009 ], [ 45.472593328902228, 39.969185210656384 ], [ 45.478535255522509, 39.968779674854829 ], [ 45.479574086064076, 39.971388692757699 ], [ 45.481571758995052, 39.974405955268253 ], [ 45.483891425161197, 39.975937789054989 ], [ 45.486939357520932, 39.976936204530389 ], [ 45.488228556216292, 39.977676550506679 ], [ 45.489778193739873, 39.979613919207772 ], [ 45.492326624699039, 39.981414378773884 ], [ 45.493127141260693, 39.982352286231468 ], [ 45.49477176454387, 39.983274484716915 ], [ 45.496496122889248, 39.983671580252 ], [ 45.503767506279331, 39.9881107736933 ], [ 45.505941901761744, 39.990565292717974 ], [ 45.506210052892527, 39.991511485180212 ], [ 45.514744229654703, 39.989944595378162 ], [ 45.517214006035488, 39.988715062217913 ], [ 45.520204150637866, 39.988302204214875 ], [ 45.523719606580201, 39.987000072487263 ], [ 45.526259013978375, 39.987978272817656 ], [ 45.528037795723009, 39.988272050271092 ], [ 45.530621610320878, 39.987740866424879 ], [ 45.531527806182829, 39.989150577038444 ], [ 45.533021165989638, 39.990524781569121 ], [ 45.533027635798831, 39.991088994212589 ], [ 45.532072035009016, 39.993046317355912 ], [ 45.530168031207964, 39.994001207761528 ], [ 45.530296960820181, 39.99478834715179 ], [ 45.531280713043444, 39.995865990089008 ], [ 45.533421394107876, 39.999844252832588 ], [ 45.535115816467773, 40.000160130104071 ], [ 45.536164279564879, 40.000956498256656 ], [ 45.537076010858144, 40.005083538719489 ], [ 45.53624472437226, 40.007430681765939 ], [ 45.539319210616789, 40.011312024059457 ], [ 45.544375409987886, 40.011588260265135 ], [ 45.546746866440039, 40.012672028532343 ], [ 45.549079153068199, 40.013248954309447 ], [ 45.555079600861731, 40.013203069255319 ], [ 45.557365492137883, 40.014082827510919 ], [ 45.559510892509273, 40.012232460468248 ], [ 45.561941078360796, 40.011026379737196 ], [ 45.56464575996133, 40.008985510791256 ], [ 45.569284067936195, 40.003519729664561 ], [ 45.574806945488682, 40.002571535073031 ], [ 45.580448375210672, 40.002130127218827 ], [ 45.588345481090506, 40.000796295191918 ], [ 45.592003618217731, 40.001046005836571 ], [ 45.594554617884086, 40.000736361110441 ], [ 45.60017914326891, 40.000921135162002 ], [ 45.600888572578356, 39.999263739178524 ], [ 45.60148130597014, 39.993477490118899 ], [ 45.604004194415467, 39.988385022058395 ], [ 45.610042047053106, 39.987274355036739 ], [ 45.612289846027096, 39.987646173816806 ], [ 45.611368728010881, 39.978730796919599 ], [ 45.611443067679566, 39.974269708105602 ], [ 45.620758854301101, 39.973099448311849 ], [ 45.626889624173721, 39.971741936088392 ], [ 45.630601309151878, 39.972057520809471 ], [ 45.634378458819619, 39.972708336672852 ], [ 45.637944149406508, 39.973635064947715 ], [ 45.643056055607545, 39.974123270626869 ], [ 45.648495688617651, 39.975478118595667 ], [ 45.65068188404495, 39.975713028505723 ], [ 45.657568757999918, 39.976200007290508 ], [ 45.658232577994362, 39.973918224175875 ], [ 45.661265182984003, 39.971119424772517 ], [ 45.663867365839451, 39.970025462632918 ], [ 45.692753497600791, 39.969455080723236 ], [ 45.700629843891299, 39.968778078971248 ], [ 45.712117217064517, 39.958093192093031 ], [ 45.71913665888065, 39.952989126299279 ], [ 45.734299548385636, 39.946556923237196 ], [ 45.745074431715395, 39.94612851484186 ], [ 45.751804971236027, 39.94627988118134 ], [ 45.759373714583539, 39.947361524286912 ], [ 45.774225428300426, 39.947208140248847 ], [ 45.777911266290737, 39.946657119722644 ], [ 45.780232989204791, 39.94602025942195 ], [ 45.784691250025674, 39.944303875027202 ], [ 45.789697502938367, 39.941564967029372 ], [ 45.794055008361845, 39.938537821712082 ], [ 45.798594584571809, 39.935965759839647 ], [ 45.800225246300037, 39.933901533433492 ], [ 45.802612411992342, 39.929845914492368 ], [ 45.804051306734635, 39.924321125661706 ], [ 45.805605230580028, 39.919957769178872 ], [ 45.805417306941102, 39.918451373912873 ], [ 45.804428756997083, 39.916454823746555 ], [ 45.802213649274201, 39.913626613257129 ], [ 45.799666073480942, 39.911059155864386 ], [ 45.797083204147626, 39.90955017144713 ], [ 45.790089820889911, 39.906600938425221 ], [ 45.788445686943824, 39.905065153138551 ], [ 45.788301168398988, 39.90398108255394 ], [ 45.790821705456622, 39.900195908568961 ], [ 45.792533715217985, 39.89615325779868 ], [ 45.803261564008508, 39.891207333039937 ], [ 45.803007719842888, 39.886249385287712 ], [ 45.809285744668003, 39.882776714265759 ], [ 45.812345978247848, 39.876479336065088 ], [ 45.81251716739304, 39.873487446107589 ], [ 45.811628851606329, 39.871677752354543 ] ] ] ] } },
{ "type": "Feature", "id": 5, "properties": { "cadastre_code": "02", "name_hy": "Արագածոտն", "name_en": "Aragatsotn", "name_ru": "Арагацотн", "type": "province", "province_hy": "Արագածոտն", "province_en": "Aragatsotn", "province_ru": "Арагацотн", "name_alt": null }, "geometry": { "type": "MultiPolygon", "coordinates": [ [ [ [ 44.149595289423367, 40.752035503191777 ], [ 44.155727004596564, 40.752096734980341 ], [ 44.157558240657707, 40.755520255237805 ], [ 44.162095435612649, 40.755107832109566 ], [ 44.169182367664881, 40.755336951750806 ], [ 44.170096438757774, 40.753866471952492 ], [ 44.174505853901557, 40.750986176573143 ], [ 44.179601970182944, 40.745676564126128 ], [ 44.183390827940158, 40.741214413974234 ], [ 44.183551178000243, 40.738460955325046 ], [ 44.192044706405895, 40.734566934467189 ], [ 44.194824641899984, 40.73252224290632 ], [ 44.19598228623655, 40.731174443341416 ], [ 44.199181605867075, 40.729009128178305 ], [ 44.204481476903098, 40.729570765975993 ], [ 44.213498712614005, 40.726622130709131 ], [ 44.218494551648121, 40.725429316356504 ], [ 44.223459154193421, 40.725081551567179 ], [ 44.226495317654518, 40.72631334105813 ], [ 44.230657092700085, 40.726696087425495 ], [ 44.237372805287364, 40.727893360988531 ], [ 44.242565889688436, 40.727217361547609 ], [ 44.247115295503562, 40.733050796492492 ], [ 44.248334479347129, 40.735673240284576 ], [ 44.247720919991018, 40.740343318109041 ], [ 44.248099567009689, 40.743040982309651 ], [ 44.248446755915147, 40.74301886142311 ], [ 44.247674138552746, 40.751218222153248 ], [ 44.258720561941054, 40.752504466865147 ], [ 44.260394926083713, 40.753785799102836 ], [ 44.265982989625094, 40.752811128821612 ], [ 44.267680489874728, 40.750918280264621 ], [ 44.277734533924814, 40.750712396848591 ], [ 44.281083854832289, 40.751087202496869 ], [ 44.283592186174573, 40.750387812628269 ], [ 44.288283417620114, 40.744292605259488 ], [ 44.295161996752931, 40.743541488292784 ], [ 44.297149047822188, 40.741034031636083 ], [ 44.299640501826381, 40.739747066633278 ], [ 44.301866422269747, 40.738144170729612 ], [ 44.304419668134642, 40.73920235725214 ], [ 44.310566010996943, 40.739243740179312 ], [ 44.312156211955831, 40.737497268070037 ], [ 44.315325498798828, 40.735526024706864 ], [ 44.319494396485609, 40.729421921801404 ], [ 44.325059477210829, 40.731053769799701 ], [ 44.328377507151032, 40.7334392455423 ], [ 44.340212556314221, 40.73462161840208 ], [ 44.343161708873374, 40.732618497253313 ], [ 44.348265727282055, 40.731875177990212 ], [ 44.351545220966827, 40.732316882387231 ], [ 44.353203690308931, 40.730183551343217 ], [ 44.355518859582901, 40.728899304140782 ], [ 44.357810473986561, 40.728539065482074 ], [ 44.361156740421464, 40.724960614834977 ], [ 44.366484330603029, 40.72479777871429 ], [ 44.373763485321902, 40.722720947486707 ], [ 44.377140416426087, 40.720339839497434 ], [ 44.383876758618676, 40.716947450953384 ], [ 44.391879003230628, 40.713449182748967 ], [ 44.396807346883612, 40.705401952119537 ], [ 44.401705401268153, 40.692883769612969 ], [ 44.398280907795382, 40.689870987011368 ], [ 44.394969198831696, 40.685480861850522 ], [ 44.393800461397717, 40.684781370193548 ], [ 44.395476363020691, 40.679484960543626 ], [ 44.396504428499476, 40.668927744322374 ], [ 44.398264235625163, 40.667465134399343 ], [ 44.401076817467782, 40.663770285202062 ], [ 44.4065559281836, 40.657871024423095 ], [ 44.407153225690777, 40.654731569212025 ], [ 44.403133236211431, 40.652589261506009 ], [ 44.401368330294154, 40.649086863723866 ], [ 44.395294066597188, 40.645135486057455 ], [ 44.396299831117439, 40.644295421298871 ], [ 44.399749259787086, 40.643579561594358 ], [ 44.400452735371857, 40.642016559338863 ], [ 44.401956402455298, 40.640740436233067 ], [ 44.402270682617363, 40.638775532821469 ], [ 44.40537913490634, 40.63582898701506 ], [ 44.412576646086137, 40.634114223791876 ], [ 44.415380781965666, 40.63302063973142 ], [ 44.423379395624252, 40.628341270258993 ], [ 44.422792615712147, 40.627241364171375 ], [ 44.425714408823858, 40.62698175707947 ], [ 44.429537968878925, 40.624149079852579 ], [ 44.433667279558101, 40.621911912360922 ], [ 44.436334053288185, 40.622017820073488 ], [ 44.439348549120687, 40.621067603193147 ], [ 44.442793804762587, 40.618704026398781 ], [ 44.448910720108913, 40.615949110617429 ], [ 44.457006346681816, 40.61373899444596 ], [ 44.4588677781272, 40.612667628489348 ], [ 44.46152749088931, 40.611827477774391 ], [ 44.463618414954517, 40.610411470627184 ], [ 44.465472303977911, 40.610261650643118 ], [ 44.469284109697433, 40.60871673225175 ], [ 44.471454832820335, 40.608381060422559 ], [ 44.474240648299194, 40.606670791910041 ], [ 44.474315785353426, 40.604345880321134 ], [ 44.475031080604865, 40.603072187882461 ], [ 44.476742691818892, 40.602549833911318 ], [ 44.482939135897723, 40.60218301097926 ], [ 44.486682155012495, 40.600277272261536 ], [ 44.494944510994841, 40.597256632588511 ], [ 44.498901947056311, 40.596135458199036 ], [ 44.504557778146015, 40.59968616139269 ], [ 44.506541534169777, 40.600409088393903 ], [ 44.51159117602981, 40.59978359806405 ], [ 44.513303072156496, 40.600448264365113 ], [ 44.515398258554697, 40.600753032142045 ], [ 44.516661743726758, 40.600626839769745 ], [ 44.520418231342575, 40.598642497744635 ], [ 44.522501408856598, 40.598241253049018 ], [ 44.526554803607191, 40.598695448565543 ], [ 44.527371696605059, 40.59843064397829 ], [ 44.529095199385118, 40.596551678882612 ], [ 44.529439186141644, 40.5950429733278 ], [ 44.531582501180722, 40.59314640841216 ], [ 44.535414105238722, 40.588608577045541 ], [ 44.540835356738448, 40.586557254284507 ], [ 44.540627788108388, 40.584747990917755 ], [ 44.539681361993232, 40.582577585679466 ], [ 44.541808943233228, 40.576416037848972 ], [ 44.54127220686734, 40.574819478089289 ], [ 44.537141310550354, 40.571300795040052 ], [ 44.536701975584556, 40.569536657781278 ], [ 44.537456922330222, 40.567466588424267 ], [ 44.536195204504153, 40.563998500252907 ], [ 44.536273161057196, 40.562763775564029 ], [ 44.53896749339691, 40.555270316497236 ], [ 44.539062891617903, 40.552114673097584 ], [ 44.538785339598853, 40.551341350598697 ], [ 44.539525700515988, 40.549580022207167 ], [ 44.542106588046487, 40.547297209052026 ], [ 44.540147933050818, 40.546875414869355 ], [ 44.5363877265101, 40.543568517486726 ], [ 44.534489274608042, 40.543320504363543 ], [ 44.532052486759142, 40.543493228547092 ], [ 44.530502141908563, 40.541724983374685 ], [ 44.527329884009291, 40.539854115474022 ], [ 44.524833604223886, 40.540203980860227 ], [ 44.518005493002953, 40.537795204309738 ], [ 44.517282002990882, 40.536437641058569 ], [ 44.518204781298927, 40.530945787632618 ], [ 44.517442500544178, 40.530351345485784 ], [ 44.517115890826283, 40.529354508441699 ], [ 44.517187330412376, 40.525153625445888 ], [ 44.518712721959417, 40.522160368166027 ], [ 44.521852481883663, 40.51788618011377 ], [ 44.520269108836494, 40.515954403001437 ], [ 44.516315641426139, 40.514243771844292 ], [ 44.513936332883766, 40.512487377335248 ], [ 44.508751037968516, 40.511916298694153 ], [ 44.504584183923591, 40.511028281534067 ], [ 44.502559423904856, 40.50889173339111 ], [ 44.499930230212037, 40.507737430169335 ], [ 44.500414150686851, 40.502382853634792 ], [ 44.502020103628077, 40.500776306618121 ], [ 44.50399517777344, 40.497853124082262 ], [ 44.504405121671631, 40.496369559012365 ], [ 44.502659504300325, 40.491494820835442 ], [ 44.502436372639501, 40.489639135315869 ], [ 44.497342336966391, 40.47773386067454 ], [ 44.500054999942904, 40.472350526035555 ], [ 44.499348704433146, 40.469426103038039 ], [ 44.501371262288885, 40.464362504605802 ], [ 44.501046045297834, 40.463138673276134 ], [ 44.498011602893996, 40.462609525113237 ], [ 44.498860405248259, 40.45849878743158 ], [ 44.498280213903051, 40.45582891426271 ], [ 44.49661722184765, 40.453826541374809 ], [ 44.497219420242878, 40.451212909648717 ], [ 44.49364470624954, 40.449819656360184 ], [ 44.4899370139741, 40.444238382498376 ], [ 44.48995633632331, 40.442088403909217 ], [ 44.484724039720597, 40.442661837324025 ], [ 44.482080063429613, 40.441967472946445 ], [ 44.479656176337684, 40.440181754068227 ], [ 44.482106916377354, 40.436033660528039 ], [ 44.482031920528435, 40.434902258144511 ], [ 44.477779495401208, 40.432808304577442 ], [ 44.475151833761316, 40.432760383980302 ], [ 44.473204253659027, 40.431643872854742 ], [ 44.47195666939006, 40.431440064469399 ], [ 44.470613031653151, 40.429059219089609 ], [ 44.473238970923397, 40.428879430963072 ], [ 44.473094074454238, 40.428269110899897 ], [ 44.474039372674248, 40.42793931808427 ], [ 44.47445527393478, 40.427191967116507 ], [ 44.475313603308514, 40.427132828461566 ], [ 44.47485617625631, 40.425644874117253 ], [ 44.476507161658652, 40.425784739702642 ], [ 44.477376490817086, 40.426890023211548 ], [ 44.478264666201341, 40.427005153193093 ], [ 44.479659302149813, 40.425936750910012 ], [ 44.482387913230895, 40.426616293590683 ], [ 44.482101683613173, 40.425679358989207 ], [ 44.48075985807619, 40.425176246683215 ], [ 44.481130479119003, 40.424635790233978 ], [ 44.482986565832803, 40.425534731695294 ], [ 44.484021389739247, 40.424426296858158 ], [ 44.484435431135729, 40.425611628833131 ], [ 44.484702449742876, 40.424429334377997 ], [ 44.48782532468497, 40.424550374343873 ], [ 44.489042288728996, 40.425364437186495 ], [ 44.490655814833261, 40.427659193182805 ], [ 44.491752832051652, 40.428610195510224 ], [ 44.493783882243321, 40.428211165525262 ], [ 44.490940188115005, 40.422296590151568 ], [ 44.487001827868461, 40.41971986775885 ], [ 44.486750000525234, 40.418592183077898 ], [ 44.487422686069308, 40.418138596894771 ], [ 44.489047707665073, 40.418886028197988 ], [ 44.492387225596453, 40.414918578437074 ], [ 44.487591062278916, 40.412079654563513 ], [ 44.486228755524294, 40.412457236722958 ], [ 44.484215064114956, 40.412011512157022 ], [ 44.48251983274821, 40.411246588055363 ], [ 44.482037281279489, 40.410569927095217 ], [ 44.482675734404168, 40.409810933257667 ], [ 44.484502669916694, 40.409539026655047 ], [ 44.485526616124638, 40.408121642875045 ], [ 44.484486576524539, 40.405781022620083 ], [ 44.472485942241924, 40.405280005996723 ], [ 44.468010312954874, 40.402959085392702 ], [ 44.465305845037371, 40.403119030893038 ], [ 44.460458636989145, 40.402387589776836 ], [ 44.459266146152707, 40.401972157764014 ], [ 44.457728691152731, 40.401912419531399 ], [ 44.45773477755786, 40.40084547316399 ], [ 44.457039444219653, 40.39928895308779 ], [ 44.451890052320657, 40.397531626420275 ], [ 44.447386878970214, 40.392383818690611 ], [ 44.446398829129031, 40.383221519977866 ], [ 44.445716968211087, 40.380524078137491 ], [ 44.444651543554272, 40.37852931262394 ], [ 44.443958080528503, 40.377978096318664 ], [ 44.444112284371776, 40.370716470468686 ], [ 44.443582667298742, 40.366324796847891 ], [ 44.439402455518149, 40.363709445569086 ], [ 44.4380618120138, 40.363945283840081 ], [ 44.437255853130871, 40.362704797487709 ], [ 44.436081618404508, 40.362338856240193 ], [ 44.43512388618862, 40.336055107206171 ], [ 44.435953420495387, 40.334413150858879 ], [ 44.43732820642358, 40.333303552282402 ], [ 44.438208814030084, 40.329212068066084 ], [ 44.43678566436995, 40.329363151072073 ], [ 44.436451339024551, 40.330796202981908 ], [ 44.431152578380861, 40.33094003845747 ], [ 44.42300403750329, 40.330582391198625 ], [ 44.420391570819994, 40.331143198334829 ], [ 44.416353457803858, 40.331525021544977 ], [ 44.411360790936023, 40.331316995654475 ], [ 44.407675937980308, 40.330536417198189 ], [ 44.403056241028679, 40.331566518102036 ], [ 44.401330956368618, 40.330958861058342 ], [ 44.399753584957807, 40.329569711053736 ], [ 44.398474655084406, 40.329298195605773 ], [ 44.393556667714627, 40.333175575540935 ], [ 44.392529930184189, 40.334675441954566 ], [ 44.391645715051141, 40.33501822745157 ], [ 44.390907374580145, 40.33420665758819 ], [ 44.388591258370688, 40.334101433780312 ], [ 44.388737628633486, 40.332328821826188 ], [ 44.388130371738214, 40.331213568759473 ], [ 44.386553532992686, 40.329860406225698 ], [ 44.386221450322196, 40.329125941781371 ], [ 44.383583649336259, 40.328464362493918 ], [ 44.383032696085735, 40.327822993985571 ], [ 44.38293218100641, 40.326642869319997 ], [ 44.381469243384871, 40.325756953650476 ], [ 44.377621456213056, 40.321192808774832 ], [ 44.377373511781776, 40.31872039494197 ], [ 44.37810022613499, 40.318315451644743 ], [ 44.378605502104854, 40.315459842922706 ], [ 44.377569158122171, 40.314003069536611 ], [ 44.377953880519762, 40.313761238401085 ], [ 44.378013667872288, 40.31137369935859 ], [ 44.376511781234946, 40.309373059401132 ], [ 44.376868262669092, 40.308772495844039 ], [ 44.376530146771096, 40.305961293159932 ], [ 44.376695020089542, 40.304955204126003 ], [ 44.378058655026599, 40.303871488324191 ], [ 44.3784228845523, 40.302862070571614 ], [ 44.378111752599949, 40.301765018147556 ], [ 44.376850052732962, 40.30101465696616 ], [ 44.37716835824606, 40.300499359678525 ], [ 44.378468972260357, 40.300235564588455 ], [ 44.38192411463109, 40.300595742213744 ], [ 44.383271400265649, 40.299193612484316 ], [ 44.383783881674169, 40.297326516520592 ], [ 44.383368403632794, 40.295889086242568 ], [ 44.381738567527535, 40.295374877190625 ], [ 44.383121582826163, 40.290405181153169 ], [ 44.397261352810609, 40.29590993926157 ], [ 44.397540487582255, 40.295344615720182 ], [ 44.401437222807523, 40.292883863644633 ], [ 44.402694704032825, 40.294137589762336 ], [ 44.405849879827642, 40.295990866764612 ], [ 44.409677686076215, 40.299676435419833 ], [ 44.414863172216045, 40.301018839609561 ], [ 44.419449930704452, 40.29282880962073 ], [ 44.423165513302976, 40.287389972779053 ], [ 44.425649899159033, 40.28563722533805 ], [ 44.425721422550751, 40.28413363607342 ], [ 44.428419005693328, 40.28315546072335 ], [ 44.422028128959994, 40.278829932468291 ], [ 44.418338605885502, 40.275031801999816 ], [ 44.416011491759711, 40.275695566894754 ], [ 44.410258034022846, 40.273770105527277 ], [ 44.409335406717979, 40.271728396029815 ], [ 44.409674349816328, 40.268612804606079 ], [ 44.40826590120485, 40.268068985548183 ], [ 44.40680981956671, 40.267009993198094 ], [ 44.405428124221217, 40.267521799780731 ], [ 44.403997440413669, 40.26719871878467 ], [ 44.401795473707949, 40.26779543241836 ], [ 44.399378311004959, 40.266857838281204 ], [ 44.399834202009544, 40.265751276876081 ], [ 44.39595749481834, 40.260720615096773 ], [ 44.392449451253945, 40.259260421405209 ], [ 44.387374091143002, 40.255583055736288 ], [ 44.386723536230512, 40.253236745565232 ], [ 44.389453658963255, 40.253215175519777 ], [ 44.391111421833166, 40.248469214745036 ], [ 44.391971873103493, 40.24714073109589 ], [ 44.391392704812787, 40.246003274281648 ], [ 44.391948670184924, 40.245446160634977 ], [ 44.391483213335853, 40.24479917508922 ], [ 44.390903078830746, 40.242261022911627 ], [ 44.391778649781244, 40.241545410815831 ], [ 44.392920865193538, 40.242263066968007 ], [ 44.394229212534043, 40.241335083664559 ], [ 44.395926072486795, 40.240923189592046 ], [ 44.399366663511259, 40.238247512936574 ], [ 44.399344531135348, 40.237731197635178 ], [ 44.400327684973547, 40.236393964748324 ], [ 44.402711298642799, 40.234645700438499 ], [ 44.40307734826451, 40.233508814952216 ], [ 44.402616384948224, 40.23190621812526 ], [ 44.403520525818145, 40.229994803430081 ], [ 44.402842509183323, 40.229074982454598 ], [ 44.401449793368215, 40.228091171032361 ], [ 44.400080695163581, 40.227804070485469 ], [ 44.399158544064662, 40.228033838945258 ], [ 44.396329518281782, 40.226573484256512 ], [ 44.396735147817232, 40.225436472597941 ], [ 44.397740772517025, 40.224631000349554 ], [ 44.398706361936682, 40.223918054617968 ], [ 44.394781768530486, 40.217281355547122 ], [ 44.393596652051201, 40.217763053893279 ], [ 44.388245626121076, 40.21675062427898 ], [ 44.385243575805895, 40.217207646251595 ], [ 44.380247250109988, 40.217283096996717 ], [ 44.375354103575134, 40.216830871625312 ], [ 44.371924240403601, 40.215861706314598 ], [ 44.369258921564665, 40.215550586086195 ], [ 44.367907283649878, 40.219954597755766 ], [ 44.366044922099263, 40.221606248603209 ], [ 44.363947528559791, 40.224222860576965 ], [ 44.361982048425396, 40.228343874097597 ], [ 44.361512389719145, 40.230566609334858 ], [ 44.35993971106101, 40.231415571920216 ], [ 44.358938010557509, 40.228825974486206 ], [ 44.355478356547231, 40.229686978581078 ], [ 44.35171133306747, 40.229981220881321 ], [ 44.339419772036742, 40.22991066850237 ], [ 44.334868833382714, 40.230839551163662 ], [ 44.330771644981681, 40.227853952085454 ], [ 44.326790884873176, 40.226317004711952 ], [ 44.326553747268647, 40.224399208018419 ], [ 44.324131796469779, 40.222959056245799 ], [ 44.319430660596275, 40.227764546939909 ], [ 44.318458221822979, 40.229260889940434 ], [ 44.316886551076841, 40.22998827975978 ], [ 44.316886899212882, 40.230552154364716 ], [ 44.301027235756521, 40.237253362989087 ], [ 44.29110555851021, 40.249776432682502 ], [ 44.286912249452847, 40.253093832647863 ], [ 44.284779926669863, 40.251555474747079 ], [ 44.282920785551639, 40.251045566338007 ], [ 44.281176098737298, 40.250944797716393 ], [ 44.279117561192223, 40.250128625193582 ], [ 44.278624677195147, 40.249406068267497 ], [ 44.276509618871749, 40.250326949323657 ], [ 44.275304186942364, 40.249256168451993 ], [ 44.274081048829721, 40.248844406949409 ], [ 44.27156673959086, 40.248546211459718 ], [ 44.267025549923844, 40.248793758256717 ], [ 44.266137020988964, 40.252571178249084 ], [ 44.267054344370635, 40.253506101071501 ], [ 44.266464141360792, 40.255648911827507 ], [ 44.266983063504384, 40.257038528032098 ], [ 44.266930240518114, 40.259718867879222 ], [ 44.267447203789288, 40.260893889833383 ], [ 44.266650039517579, 40.263218442449407 ], [ 44.264557414288667, 40.264562354734927 ], [ 44.263298441529471, 40.26485328951037 ], [ 44.259753370357515, 40.263839143722855 ], [ 44.259090553721308, 40.262831681775047 ], [ 44.257607334447947, 40.261589753479782 ], [ 44.252972304913236, 40.262063670596774 ], [ 44.24628606939212, 40.260290355205072 ], [ 44.241699199981745, 40.262374928466627 ], [ 44.241518174036074, 40.260375046722437 ], [ 44.242403124717434, 40.259242061373428 ], [ 44.244042348772723, 40.258608616644672 ], [ 44.244688665788608, 40.258017129721487 ], [ 44.240026612833958, 40.255425858954354 ], [ 44.234642027236134, 40.254321084641134 ], [ 44.228306196400652, 40.250165127755935 ], [ 44.222405459503264, 40.245361919699207 ], [ 44.217906805390072, 40.244059376573475 ], [ 44.216250608263074, 40.244235936278926 ], [ 44.180163905398921, 40.226247451052018 ], [ 44.172920475709937, 40.225618504829903 ], [ 44.173234918925914, 40.224198314408923 ], [ 44.173019323882116, 40.222224604418507 ], [ 44.169828035706459, 40.218469423283089 ], [ 44.169677666074989, 40.217218356926985 ], [ 44.170457494328915, 40.216368409890045 ], [ 44.170628643000583, 40.213893074102742 ], [ 44.173203635337828, 40.213060203153127 ], [ 44.168085752741, 40.206409313390715 ], [ 44.165975550748492, 40.205451409511547 ], [ 44.163933778946671, 40.204005758119777 ], [ 44.16352210596704, 40.203388704382476 ], [ 44.16189001968722, 40.203357846634425 ], [ 44.161298794707129, 40.202462166523155 ], [ 44.158982215060362, 40.201297374855386 ], [ 44.158583744132471, 40.200760198600257 ], [ 44.155136508618796, 40.198649970130731 ], [ 44.15418864712958, 40.1986543870715 ], [ 44.15175217861448, 40.197807224979229 ], [ 44.151283625436299, 40.196768134717104 ], [ 44.158208927032447, 40.193358712764521 ], [ 44.148435451703826, 40.193597292519279 ], [ 44.147344724722707, 40.194600175253854 ], [ 44.14568077096331, 40.194247611630622 ], [ 44.144928477836253, 40.19334782811417 ], [ 44.139709429817493, 40.192999362361633 ], [ 44.137191231589632, 40.191921549105096 ], [ 44.133686118569528, 40.191720659382526 ], [ 44.127785333977059, 40.189566739649713 ], [ 44.124961810235376, 40.189377660138504 ], [ 44.121588603014374, 40.187611463170938 ], [ 44.121672706649989, 40.184766398210002 ], [ 44.119889314370489, 40.184948114307311 ], [ 44.11755990985133, 40.185867542006164 ], [ 44.116348847704124, 40.183284809685773 ], [ 44.117816457676525, 40.181653149229291 ], [ 44.11643397816259, 40.17821197900718 ], [ 44.115225519769794, 40.177508320843486 ], [ 44.114031240486305, 40.172798597968594 ], [ 44.11101082097445, 40.174072584339442 ], [ 44.107460695385321, 40.17310894202577 ], [ 44.106748839597671, 40.172517477077712 ], [ 44.105984487129589, 40.171018095467559 ], [ 44.104892491142451, 40.170385388440117 ], [ 44.104126296462276, 40.170542768582969 ], [ 44.10329468617374, 40.169542522024074 ], [ 44.10241338372284, 40.170360732836841 ], [ 44.100727222822933, 40.170718165819281 ], [ 44.098325488803255, 40.170174636152723 ], [ 44.098562584228567, 40.171826010865104 ], [ 44.096814026625822, 40.174120141507856 ], [ 44.087464255002551, 40.178523353424843 ], [ 44.084351697927183, 40.178905744256262 ], [ 44.082472999166164, 40.17594161615483 ], [ 44.082690063697747, 40.172957761658701 ], [ 44.08010301038442, 40.172213398531561 ], [ 44.0744598850739, 40.172125851135029 ], [ 44.068525754524423, 40.172690371255719 ], [ 44.059583451603004, 40.174236402222135 ], [ 44.059950256818958, 40.177864159520887 ], [ 44.06162327925027, 40.18251884349079 ], [ 44.06481282160248, 40.189369370012543 ], [ 44.06496242560857, 40.191266173615233 ], [ 44.062503997267505, 40.194313455058712 ], [ 44.061987596174518, 40.195874141174428 ], [ 44.046934214598096, 40.196376182217158 ], [ 44.034748847100111, 40.195899927201452 ], [ 44.031311421855868, 40.196468676610728 ], [ 44.030953682055191, 40.196903905351697 ], [ 44.031573511789539, 40.197823361744469 ], [ 44.030524933259791, 40.199137903661963 ], [ 44.029757821655302, 40.198873388115558 ], [ 44.029423397255215, 40.199480725286328 ], [ 44.028453777878973, 40.199612372878427 ], [ 44.02653224264116, 40.198694024137417 ], [ 44.025927353931415, 40.197576402268787 ], [ 44.024297194186119, 40.197205321523512 ], [ 44.022686758770853, 40.197661701272494 ], [ 44.0215366319757, 40.196905911455211 ], [ 44.020566971586291, 40.196812265723082 ], [ 44.019816819361054, 40.195982186059254 ], [ 44.018070075806662, 40.196042829255632 ], [ 44.016320903973302, 40.195336426645135 ], [ 44.015723871227841, 40.193877504649393 ], [ 44.013983860441165, 40.194076861885371 ], [ 44.012820675168371, 40.194964292641338 ], [ 44.012670287133332, 40.196068055859193 ], [ 44.011471017262409, 40.196168074991988 ], [ 44.009508193206216, 40.195407874956288 ], [ 44.007863963682958, 40.195476353825249 ], [ 44.006688683747512, 40.194839346896657 ], [ 44.002480003431224, 40.194409849542119 ], [ 44.000625830017292, 40.193795540282537 ], [ 44.000441035354903, 40.194658968062924 ], [ 43.998426475479533, 40.194950455296386 ], [ 43.997375964749338, 40.194653118114353 ], [ 43.997494920087405, 40.196162276267458 ], [ 43.994291887408352, 40.196821415353945 ], [ 43.994001582905199, 40.196179822593798 ], [ 43.993011267466407, 40.195862360786272 ], [ 43.99239453615057, 40.196847180547152 ], [ 43.991349292653382, 40.196468909348319 ], [ 43.990221217803239, 40.196714611529941 ], [ 43.98854118464579, 40.19556610955955 ], [ 43.987951009833651, 40.194719850713959 ], [ 43.987807609545158, 40.192879552182163 ], [ 43.986180022124906, 40.192140815951156 ], [ 43.983430314608107, 40.190070225646551 ], [ 43.980627762569895, 40.190704720231231 ], [ 43.978908331448629, 40.190396870902191 ], [ 43.976951542221407, 40.191030079270433 ], [ 43.973905712796189, 40.190060549747699 ], [ 43.970142804036577, 40.19170436767137 ], [ 43.969812426744163, 40.192277913126368 ], [ 43.966676909008669, 40.192352049409749 ], [ 43.964992834710721, 40.192062765868371 ], [ 43.964087419793728, 40.192356998400108 ], [ 43.960814063749936, 40.192448293504832 ], [ 43.958999636083753, 40.193452051603998 ], [ 43.957633506787964, 40.193705072172733 ], [ 43.956002447792905, 40.192890969293174 ], [ 43.952872125387067, 40.192611012891106 ], [ 43.952218542439297, 40.192263144089686 ], [ 43.949943138537549, 40.201218056266441 ], [ 43.948752212048461, 40.204108845592344 ], [ 43.946784269501705, 40.206426111181244 ], [ 43.944406219188302, 40.207232061047726 ], [ 43.942778990519294, 40.208470787697493 ], [ 43.940343209961618, 40.208903294629778 ], [ 43.937957172506053, 40.211188655839429 ], [ 43.934083399959654, 40.213426952749387 ], [ 43.931092839824217, 40.216033502448951 ], [ 43.921615239063577, 40.22684951242843 ], [ 43.910343910743805, 40.238626639997563 ], [ 43.900429698650846, 40.247895093648545 ], [ 43.89534335146832, 40.251260821510762 ], [ 43.891055874396237, 40.253232831213658 ], [ 43.878403041050241, 40.262101527110445 ], [ 43.874279852956313, 40.272412480041446 ], [ 43.868431305310494, 40.270476009915264 ], [ 43.864863551632773, 40.27128080987648 ], [ 43.853732439356037, 40.270954780808189 ], [ 43.853562356191965, 40.270326363949195 ], [ 43.851991136627973, 40.269841348110909 ], [ 43.851156346689919, 40.270853214729875 ], [ 43.850134767661878, 40.270834555629911 ], [ 43.848288803795405, 40.271479842251686 ], [ 43.845562227994719, 40.271888225716836 ], [ 43.843945228212291, 40.271077564686451 ], [ 43.84075222313821, 40.27191330864671 ], [ 43.840067636709705, 40.271210200748349 ], [ 43.839138466993283, 40.271238136812535 ], [ 43.83603666880628, 40.272135307141482 ], [ 43.834035218370076, 40.272384753122026 ], [ 43.832492607707294, 40.272069789575561 ], [ 43.83181761447657, 40.27154122768475 ], [ 43.826966371735288, 40.274325204626784 ], [ 43.824171416410472, 40.272714846909537 ], [ 43.825161527638834, 40.271636449991419 ], [ 43.826872156459622, 40.270845726940237 ], [ 43.826549635231068, 40.269662647469382 ], [ 43.827667332146966, 40.268531839661115 ], [ 43.826980126490014, 40.264962228363387 ], [ 43.827720075168664, 40.263484703870361 ], [ 43.827342813091306, 40.262495756651276 ], [ 43.827422753503953, 40.260442644663321 ], [ 43.826621145629879, 40.260114298115731 ], [ 43.822378017383294, 40.25998505620943 ], [ 43.820906986249469, 40.260600591850533 ], [ 43.820658761103701, 40.25947439710783 ], [ 43.819089269169602, 40.25949860373774 ], [ 43.818151408175574, 40.26036647225505 ], [ 43.817005395067547, 40.26487102724014 ], [ 43.817531319002264, 40.266092998206346 ], [ 43.818208111788778, 40.26665363140998 ], [ 43.817673942840671, 40.268292373178909 ], [ 43.816474855740609, 40.26858395285155 ], [ 43.816587461037486, 40.269928068415126 ], [ 43.814628744740197, 40.272645541675651 ], [ 43.814626958841664, 40.274565653513172 ], [ 43.816610300060354, 40.274878662129133 ], [ 43.817280862184582, 40.275620458204017 ], [ 43.818795213647817, 40.275936741714133 ], [ 43.819185337646097, 40.27649384907685 ], [ 43.817102153623885, 40.2770486161034 ], [ 43.815365532402126, 40.276940219200632 ], [ 43.814196959520807, 40.277366793162201 ], [ 43.811699311812198, 40.277554433019546 ], [ 43.80803854159435, 40.280034709365999 ], [ 43.807238449077936, 40.280138122691504 ], [ 43.806674098529065, 40.281021900684259 ], [ 43.804523278910885, 40.281167858734896 ], [ 43.802908314023369, 40.281990181582145 ], [ 43.801535927428205, 40.278540611012254 ], [ 43.800579408625893, 40.277711667281373 ], [ 43.798157756834762, 40.270846085378949 ], [ 43.795658779896968, 40.269358546566558 ], [ 43.790196923105654, 40.258563412117923 ], [ 43.777854055056082, 40.260549007153109 ], [ 43.776840635704183, 40.259645787143242 ], [ 43.772109186681192, 40.25863975663102 ], [ 43.766256304997725, 40.256926567718004 ], [ 43.763340378986918, 40.253344960354575 ], [ 43.760979641802145, 40.25220934619783 ], [ 43.759070165305573, 40.249492592675473 ], [ 43.755771059201024, 40.25128597759975 ], [ 43.752837272822553, 40.25096768770743 ], [ 43.752098192402542, 40.251340137301952 ], [ 43.752182822156136, 40.25254071999975 ], [ 43.750592462501828, 40.253533352719053 ], [ 43.750788849839559, 40.254273401746737 ], [ 43.749465554540933, 40.255372754871246 ], [ 43.749932440267578, 40.256660156349234 ], [ 43.752627893058722, 40.256750247520557 ], [ 43.752068389131786, 40.257936751276702 ], [ 43.753642482983985, 40.258343789673148 ], [ 43.752959130298095, 40.259327114375154 ], [ 43.753860232836736, 40.259743129356664 ], [ 43.753607856066637, 40.261304781686626 ], [ 43.752901671541281, 40.262148287556748 ], [ 43.753666896044521, 40.26406278828906 ], [ 43.75201593614657, 40.264688313352899 ], [ 43.749637037905302, 40.268193584120702 ], [ 43.749139112366734, 40.269497490478422 ], [ 43.747766611430748, 40.270718579502763 ], [ 43.746389278064527, 40.271087557538344 ], [ 43.745228384566261, 40.272044059114066 ], [ 43.745109920799777, 40.273510303790253 ], [ 43.744004112001306, 40.274870070729612 ], [ 43.742680679471064, 40.275275569525519 ], [ 43.741932388181105, 40.276214078976217 ], [ 43.740473117080278, 40.276074025485549 ], [ 43.739204511419658, 40.277110992525103 ], [ 43.73878016284042, 40.278669833325814 ], [ 43.735974764245775, 40.281413552728054 ], [ 43.734167008148717, 40.280547613419365 ], [ 43.728786517099486, 40.275778884372706 ], [ 43.721165762639806, 40.272389924973815 ], [ 43.720985970796676, 40.270201432756011 ], [ 43.722439900846098, 40.264265037572308 ], [ 43.721409531130881, 40.259571654447875 ], [ 43.715206668240818, 40.256215973713672 ], [ 43.714912019387334, 40.25476733543239 ], [ 43.711575555350542, 40.254435753899465 ], [ 43.709493088894476, 40.253211587116702 ], [ 43.692834151135337, 40.250171973453192 ], [ 43.680818067627222, 40.249707487414689 ], [ 43.682307499628664, 40.250227127759132 ], [ 43.682350728130025, 40.250923122338392 ], [ 43.681718343899782, 40.251483215816208 ], [ 43.678944913491492, 40.252784060755971 ], [ 43.67928293597916, 40.253949889021555 ], [ 43.679980552452861, 40.254544680974242 ], [ 43.681873575476295, 40.254935751618525 ], [ 43.682883623174746, 40.255512351253422 ], [ 43.68315375395067, 40.256210928208155 ], [ 43.682430373422726, 40.256941661744577 ], [ 43.681518144986214, 40.257170346708001 ], [ 43.679420189196719, 40.257102947083624 ], [ 43.678278513467653, 40.257459393361053 ], [ 43.677056465859053, 40.260180838438608 ], [ 43.670810437036721, 40.266216598906453 ], [ 43.668581280116349, 40.267038602872582 ], [ 43.663662977750889, 40.269549647242052 ], [ 43.659220107329553, 40.270389342116694 ], [ 43.657637547265651, 40.270066706623062 ], [ 43.655308462563568, 40.268757328335141 ], [ 43.651856788536897, 40.2682607300057 ], [ 43.649995680650683, 40.269108397389196 ], [ 43.649115267349522, 40.270576052925179 ], [ 43.648557126960725, 40.270819477933408 ], [ 43.644668965365881, 40.270154557061062 ], [ 43.642835651359107, 40.271024168265761 ], [ 43.641939517969845, 40.271850421366835 ], [ 43.641138082944188, 40.27290599003603 ], [ 43.640611386790752, 40.274410335141688 ], [ 43.640283789464235, 40.278014376781755 ], [ 43.639756568552144, 40.278834080507586 ], [ 43.637912409161416, 40.280354981915721 ], [ 43.63361021484576, 40.281352171333658 ], [ 43.632361758135517, 40.282750142717759 ], [ 43.632711766547793, 40.283688853740955 ], [ 43.634605691838551, 40.286936342098301 ], [ 43.63685422506201, 40.290779488743603 ], [ 43.635640706974556, 40.294472754794057 ], [ 43.629121684191048, 40.297594356376955 ], [ 43.627242021412954, 40.298989660801993 ], [ 43.626406459725402, 40.300397339554479 ], [ 43.628129107847165, 40.303027308497072 ], [ 43.627856968304215, 40.303849978610444 ], [ 43.623984948306671, 40.305803516347439 ], [ 43.622972325082728, 40.3065356342751 ], [ 43.621350900842167, 40.311350667476553 ], [ 43.620196070016121, 40.312293196247992 ], [ 43.614671226244539, 40.314509226759178 ], [ 43.613406636838661, 40.316645747579862 ], [ 43.612846893477325, 40.319136663884002 ], [ 43.611068382815041, 40.321441736205195 ], [ 43.608260215149762, 40.324061415281662 ], [ 43.607236261269698, 40.325357633299184 ], [ 43.605007289806601, 40.327511674666788 ], [ 43.601450912228444, 40.329540579021405 ], [ 43.599817122269606, 40.332755819544388 ], [ 43.598979056244993, 40.334235954198093 ], [ 43.597266616794485, 40.336650537000899 ], [ 43.59580506530542, 40.338413868844469 ], [ 43.595128296014799, 40.340385118014169 ], [ 43.593718348355438, 40.34262831289557 ], [ 43.592155995433494, 40.344000274331108 ], [ 43.592155994323186, 40.34400027427904 ], [ 43.589928565731995, 40.346884218224098 ], [ 43.591550040720811, 40.348866792398432 ], [ 43.592968019424305, 40.351501136334868 ], [ 43.596024469277779, 40.35531851679989 ], [ 43.595795252935261, 40.357205844856409 ], [ 43.593514320610254, 40.35950440869842 ], [ 43.597028098517519, 40.361909740152555 ], [ 43.598649018014271, 40.366609719372498 ], [ 43.598649018699895, 40.366609719591168 ], [ 43.598649018754678, 40.366609719751878 ], [ 43.600198476718099, 40.368538905629215 ], [ 43.6007946761341, 40.37014694795981 ], [ 43.600435509218471, 40.371255803716437 ], [ 43.600289454678062, 40.372134258008508 ], [ 43.600831299251254, 40.372727632299942 ], [ 43.602045726826191, 40.373090066561353 ], [ 43.60337829525276, 40.373236576541686 ], [ 43.604902118826224, 40.373754855556861 ], [ 43.605875418178385, 40.37478809009118 ], [ 43.606303563703996, 40.37607555191471 ], [ 43.606254101776194, 40.377096448079556 ], [ 43.60612208979579, 40.377985945443896 ], [ 43.606160588920964, 40.379433869741284 ], [ 43.606694477245298, 40.381117529962872 ], [ 43.606845702099463, 40.38205390881059 ], [ 43.607928776607544, 40.383284053042964 ], [ 43.608852581640612, 40.383968923947094 ], [ 43.610006851107009, 40.384504421922259 ], [ 43.610899599781867, 40.385319306210818 ], [ 43.611371049420185, 40.385890050926719 ], [ 43.611715803379077, 40.387998490509787 ], [ 43.611772041956364, 40.38941186604314 ], [ 43.612092963164301, 40.390393742728421 ], [ 43.61270877459939, 40.390857545770267 ], [ 43.61398889457606, 40.390807700644551 ], [ 43.615387134400635, 40.390541917813991 ], [ 43.616663689110808, 40.390665871101675 ], [ 43.617336814712921, 40.391108601656647 ], [ 43.617568570134409, 40.392285001269549 ], [ 43.618004151101488, 40.393224765089251 ], [ 43.618818954057097, 40.395081880281225 ], [ 43.618966820174656, 40.39619207258022 ], [ 43.618948610976986, 40.397082942070206 ], [ 43.6189299568099, 40.397995539934463 ], [ 43.618291375712083, 40.398639922953016 ], [ 43.617107891176175, 40.399516856322407 ], [ 43.616531015464425, 40.399922895579508 ], [ 43.616203249481728, 40.400657921698482 ], [ 43.616204966187965, 40.401961970842692 ], [ 43.616605304302091, 40.403445500135369 ], [ 43.615994025459266, 40.406637548510844 ], [ 43.614842010459455, 40.408324006433851 ], [ 43.614759312312522, 40.40958357459801 ], [ 43.614553546012935, 40.41129807650897 ], [ 43.614498818002993, 40.412579712877481 ], [ 43.614193148678261, 40.413619268965967 ], [ 43.61406204786168, 40.414465313654993 ], [ 43.61401020536875, 40.415605714264565 ], [ 43.61434264392755, 40.416033508618561 ], [ 43.61624156699208, 40.415894828846383 ], [ 43.618072178578217, 40.416345668580696 ], [ 43.618307635936091, 40.418071653265628 ], [ 43.618158068845041, 40.420703201543482 ], [ 43.623283975961371, 40.420584755511307 ], [ 43.625551754384894, 40.42089093432903 ], [ 43.626433636186022, 40.421558785610081 ], [ 43.625992221151201, 40.422985318807932 ], [ 43.627768791322048, 40.425437842103548 ], [ 43.628354772647867, 40.427295460002028 ], [ 43.625997622798373, 40.428618286198017 ], [ 43.625434451836796, 40.429270195232604 ], [ 43.625073452440539, 40.430965643082644 ], [ 43.625794202353234, 40.433389984506483 ], [ 43.625734511489874, 40.434568717157134 ], [ 43.623398666122945, 40.437772417114303 ], [ 43.623034055646364, 40.439531559664253 ], [ 43.624852130510817, 40.441992560361804 ], [ 43.632068096865403, 40.440823304237803 ], [ 43.632424138604186, 40.441718480052607 ], [ 43.636898566222072, 40.443387701935229 ], [ 43.641540736684249, 40.444043045997354 ], [ 43.643960673587884, 40.444981626520786 ], [ 43.647142404614819, 40.449917934830104 ], [ 43.65720214644017, 40.450263104551915 ], [ 43.66366210301566, 40.451648180024101 ], [ 43.673576355762997, 40.451014851769756 ], [ 43.679479956103954, 40.452026871389862 ], [ 43.686636063406155, 40.452633348717647 ], [ 43.687319497443404, 40.455289419447723 ], [ 43.687975904691605, 40.464462080238597 ], [ 43.688767271689869, 40.469242943571949 ], [ 43.690071422159129, 40.474164998116819 ], [ 43.69104436488054, 40.485658782542146 ], [ 43.69040472628933, 40.488882273792015 ], [ 43.692908658131152, 40.490081995551378 ], [ 43.695573029473707, 40.489851507619164 ], [ 43.698273287582076, 40.490681861664918 ], [ 43.703774268651372, 40.493824319223101 ], [ 43.712092134330213, 40.496195884060583 ], [ 43.713969620661338, 40.493419435814047 ], [ 43.715577037230361, 40.493649395001441 ], [ 43.729259680956282, 40.491694948841619 ], [ 43.733481374273225, 40.489947875982814 ], [ 43.744221286886358, 40.494606339769859 ], [ 43.747410797271407, 40.497925822976697 ], [ 43.744053798030308, 40.498924955885329 ], [ 43.742831671605792, 40.50246866760699 ], [ 43.74673815597734, 40.503006373386683 ], [ 43.74613210647049, 40.505143000934964 ], [ 43.745141114014039, 40.505780612902761 ], [ 43.745224134084737, 40.509554624970015 ], [ 43.748749607920331, 40.507764811908594 ], [ 43.750978311814592, 40.509094654402134 ], [ 43.754862817704677, 40.506887415841845 ], [ 43.760323831725792, 40.503167378528616 ], [ 43.765856210894881, 40.500912131701362 ], [ 43.76853596872914, 40.499433104041792 ], [ 43.770018147323448, 40.49985218367592 ], [ 43.770907182670022, 40.498613514278652 ], [ 43.775472385663548, 40.498014511099797 ], [ 43.776063565790274, 40.497082870061298 ], [ 43.77723133426214, 40.497584208666623 ], [ 43.777886348607439, 40.496081651029044 ], [ 43.782389600637956, 40.495129927149968 ], [ 43.784399488240119, 40.492908817193275 ], [ 43.791007381892179, 40.490798919496108 ], [ 43.793361306126585, 40.487103943192892 ], [ 43.802513353728131, 40.484323889976615 ], [ 43.811191147705522, 40.480133651104893 ], [ 43.814314848567797, 40.479306404096107 ], [ 43.816857716779936, 40.479187994785889 ], [ 43.822363777040259, 40.489791908133824 ], [ 43.826377018918421, 40.495582199594232 ], [ 43.827435888017718, 40.497882170757038 ], [ 43.832149209731497, 40.498847928868905 ], [ 43.834101232541762, 40.499885217360834 ], [ 43.8368420552111, 40.500345574466145 ], [ 43.83810265985791, 40.501123689993584 ], [ 43.842390351184953, 40.498059961053222 ], [ 43.846941660876439, 40.494044159874562 ], [ 43.862878057824538, 40.490509971248542 ], [ 43.865364054637588, 40.491371884272496 ], [ 43.865862197378071, 40.491138408380699 ], [ 43.868016995217218, 40.49135764873364 ], [ 43.870898435079546, 40.491151703840181 ], [ 43.871749858781072, 40.492429742628083 ], [ 43.8732346084726, 40.492516270159676 ], [ 43.873320278528638, 40.491625597868385 ], [ 43.875020105161319, 40.489426895096983 ], [ 43.874895734776445, 40.488399099278801 ], [ 43.879812057414156, 40.483624333546885 ], [ 43.891933581797602, 40.485901972081955 ], [ 43.918014451056294, 40.486383250367325 ], [ 43.920982777352869, 40.484029364127807 ], [ 43.922540412360576, 40.482245929694464 ], [ 43.925647780781148, 40.483233866486074 ], [ 43.925234208177223, 40.483367120012311 ], [ 43.924694724815552, 40.49071066427075 ], [ 43.923757509922631, 40.497001088057857 ], [ 43.937049746494964, 40.503739250988055 ], [ 43.945541135558372, 40.507462397353009 ], [ 43.951474804669232, 40.509020252658487 ], [ 43.95648602214154, 40.509975138015236 ], [ 43.958249678201938, 40.509821593643181 ], [ 43.96488030015513, 40.511516707810642 ], [ 43.970344127382916, 40.511628770561757 ], [ 43.984256648978601, 40.510480164724285 ], [ 43.995568910079605, 40.505942508244274 ], [ 43.993478877728059, 40.491848496179827 ], [ 44.009606437709735, 40.488688420196887 ], [ 44.007223912680082, 40.481469038075609 ], [ 44.00344593744115, 40.476960933079376 ], [ 43.998551865216058, 40.472208901402396 ], [ 44.005480066868806, 40.471021911496905 ], [ 44.007749057389347, 40.471147522450082 ], [ 44.011523422312955, 40.470464827689561 ], [ 44.015815736215799, 40.468794548879281 ], [ 44.024382258062133, 40.472596781416783 ], [ 44.042182837953874, 40.482704644220085 ], [ 44.046224685722756, 40.48251474972794 ], [ 44.049003959132939, 40.48390438214409 ], [ 44.054810967960108, 40.484913973899147 ], [ 44.061249638752514, 40.48478147116176 ], [ 44.065608813168787, 40.482977412912746 ], [ 44.074420085976328, 40.482988674093846 ], [ 44.086952573846318, 40.480529991350856 ], [ 44.090156117394557, 40.480204953199689 ], [ 44.0976866887491, 40.481358525461047 ], [ 44.104105854521315, 40.484418355490433 ], [ 44.109598605272993, 40.487697497832741 ], [ 44.11439932505057, 40.489246416646402 ], [ 44.116424059325702, 40.49020574918444 ], [ 44.119256244018359, 40.490256628536159 ], [ 44.12223796453636, 40.49072045370589 ], [ 44.126244530015612, 40.492131638347971 ], [ 44.134225924460289, 40.493662932094907 ], [ 44.143982428235361, 40.496065627087077 ], [ 44.145967862969712, 40.498175141270558 ], [ 44.147653115380791, 40.49925815745398 ], [ 44.14987409558762, 40.502121886787023 ], [ 44.151922234090691, 40.503148134328313 ], [ 44.155285070826665, 40.505731512421292 ], [ 44.157575659514229, 40.50663137737201 ], [ 44.160512172001141, 40.509940647517773 ], [ 44.164113748534419, 40.511551820521255 ], [ 44.171968447290595, 40.516910488121631 ], [ 44.167575067452091, 40.517828491178449 ], [ 44.161889783344222, 40.519690977094427 ], [ 44.156952088227918, 40.52014396622797 ], [ 44.151617526840369, 40.521691812506624 ], [ 44.14736551367443, 40.523793517188018 ], [ 44.145799399872431, 40.52492988902214 ], [ 44.152239457825367, 40.53179210794741 ], [ 44.155649286024413, 40.534679322524731 ], [ 44.155749741241564, 40.535736114527253 ], [ 44.154664427322203, 40.536503912088591 ], [ 44.153191186736812, 40.538741491247343 ], [ 44.15181340205028, 40.542126946185746 ], [ 44.152201875730285, 40.545770137290404 ], [ 44.150907540199498, 40.548802657034898 ], [ 44.150823590544697, 40.550214932149068 ], [ 44.151465975319049, 40.552447114394866 ], [ 44.150943859862089, 40.554151709150688 ], [ 44.150970046487501, 40.555817079858258 ], [ 44.151732215149565, 40.557545535477658 ], [ 44.151144249399252, 40.558478328485002 ], [ 44.15271960856716, 40.561640046797081 ], [ 44.153605763803355, 40.562533197943267 ], [ 44.153635385916878, 40.563182190968028 ], [ 44.156463552416078, 40.566648577130763 ], [ 44.156461593505689, 40.567556848310659 ], [ 44.15827154374567, 40.57012908472678 ], [ 44.15759663847647, 40.571212659876721 ], [ 44.160092034456838, 40.574135886492861 ], [ 44.160092875075414, 40.577091410256322 ], [ 44.161055052384434, 40.580241334002039 ], [ 44.160879018361015, 40.581458295939356 ], [ 44.161430231209202, 40.582716585280878 ], [ 44.163973232665363, 40.585731369209626 ], [ 44.164554416511173, 40.587672572341283 ], [ 44.165700128222205, 40.588532029125993 ], [ 44.166542320296557, 40.590490540128556 ], [ 44.167126264568857, 40.590701475839943 ], [ 44.168222693212648, 40.592158803679723 ], [ 44.168196328799382, 40.593102830126128 ], [ 44.167281748185353, 40.593689034619835 ], [ 44.167198338673529, 40.59434558889005 ], [ 44.169093420652132, 40.596760845909593 ], [ 44.170134105484024, 40.597416888826714 ], [ 44.16976324878982, 40.598832645941677 ], [ 44.17031706269092, 40.600193804753061 ], [ 44.133601644791945, 40.602480186227922 ], [ 44.126119250589355, 40.60318301348714 ], [ 44.11199187900246, 40.602718194135406 ], [ 44.110344874840138, 40.609744416166215 ], [ 44.106135047768227, 40.620581328616808 ], [ 44.105993666901441, 40.62419649538144 ], [ 44.107592770016318, 40.62971011729892 ], [ 44.102625079358717, 40.63593546417728 ], [ 44.101134405249809, 40.637141273473894 ], [ 44.100538280052739, 40.638761162926151 ], [ 44.09664220248515, 40.64219302939668 ], [ 44.093305852305427, 40.647153606982243 ], [ 44.09300419269249, 40.652557840202782 ], [ 44.091378123050085, 40.65320150951532 ], [ 44.090410695547007, 40.653247300363198 ], [ 44.088872494520743, 40.652437033319664 ], [ 44.087983360859752, 40.652435948065012 ], [ 44.087641058509313, 40.651626199383401 ], [ 44.086422434757523, 40.651017201071355 ], [ 44.084575407523609, 40.652073677962015 ], [ 44.083117235469778, 40.651664510839623 ], [ 44.078873691500803, 40.652491204366441 ], [ 44.077829075987154, 40.653067378926224 ], [ 44.076313008306272, 40.652208396498978 ], [ 44.074615079626319, 40.652556800492547 ], [ 44.072830009653636, 40.65236598193632 ], [ 44.071521017635838, 40.653143398192668 ], [ 44.064507215641697, 40.652479721786307 ], [ 44.063666439029006, 40.656780954550122 ], [ 44.058994399937063, 40.65725302980205 ], [ 44.056986935390938, 40.657879003275447 ], [ 44.059136438349476, 40.662241106257284 ], [ 44.066274065669909, 40.670284363286093 ], [ 44.067729277338735, 40.671081094271514 ], [ 44.075329734462436, 40.678974058936205 ], [ 44.077567275393889, 40.680379187277531 ], [ 44.079025274416068, 40.682412792902561 ], [ 44.080733807453029, 40.683810543292253 ], [ 44.082007874168291, 40.686390688550667 ], [ 44.084721064934158, 40.687982692017734 ], [ 44.089496275385024, 40.693018059553232 ], [ 44.096106219249229, 40.696721628439057 ], [ 44.099620427405441, 40.699773843562667 ], [ 44.105599148967883, 40.702814234585745 ], [ 44.118337313546959, 40.706676508644541 ], [ 44.127449806441092, 40.703878587825294 ], [ 44.136581031138356, 40.701587061363512 ], [ 44.137245630425745, 40.70448525909574 ], [ 44.135979953727663, 40.709396077556299 ], [ 44.135036549066996, 40.716183213919592 ], [ 44.14031986227964, 40.72353032099759 ], [ 44.143269632314549, 40.726690963961786 ], [ 44.144687606082833, 40.729326638554916 ], [ 44.142536323320513, 40.737661797980756 ], [ 44.143749875743787, 40.739500597548897 ], [ 44.148192058577123, 40.743606784875738 ], [ 44.149595289423367, 40.752035503191777 ] ] ] ] } },
{ "type": "Feature", "id": 6, "properties": { "cadastre_code": "06", "name_hy": "Լոռի", "name_en": "Lori", "name_ru": "Лори", "type": "province", "province_hy": "Լոռի", "province_en": "Lori", "province_ru": "Лори", "name_alt": null }, "geometry": { "type": "MultiPolygon", "coordinates": [ [ [ [ 44.401705401268153, 40.692883769612969 ], [ 44.396807346883612, 40.705401952119537 ], [ 44.391879003230628, 40.713449182748967 ], [ 44.383876758618676, 40.716947450953384 ], [ 44.377140416426087, 40.720339839497434 ], [ 44.373763485321902, 40.722720947486707 ], [ 44.366484330603029, 40.72479777871429 ], [ 44.361156740421464, 40.724960614834977 ], [ 44.357810473986561, 40.728539065482074 ], [ 44.355518859582901, 40.728899304140782 ], [ 44.353203690308931, 40.730183551343217 ], [ 44.351545220966827, 40.732316882387231 ], [ 44.348265727282055, 40.731875177990212 ], [ 44.343161708873374, 40.732618497253313 ], [ 44.340212556314221, 40.73462161840208 ], [ 44.328377507151032, 40.7334392455423 ], [ 44.325059477210829, 40.731053769799701 ], [ 44.319494396485609, 40.729421921801404 ], [ 44.315325498798828, 40.735526024706864 ], [ 44.312156211955831, 40.737497268070037 ], [ 44.310566010996943, 40.739243740179312 ], [ 44.304419668134642, 40.73920235725214 ], [ 44.301866422269747, 40.738144170729612 ], [ 44.299640501826381, 40.739747066633278 ], [ 44.297149047822188, 40.741034031636083 ], [ 44.295161996752931, 40.743541488292784 ], [ 44.288283417620114, 40.744292605259488 ], [ 44.283592186174573, 40.750387812628269 ], [ 44.281083854832289, 40.751087202496869 ], [ 44.277734533924814, 40.750712396848591 ], [ 44.267680489874728, 40.750918280264621 ], [ 44.265982989625094, 40.752811128821612 ], [ 44.260394926083713, 40.753785799102836 ], [ 44.258720561941054, 40.752504466865147 ], [ 44.247674138552746, 40.751218222153248 ], [ 44.248446755915147, 40.74301886142311 ], [ 44.248099567009689, 40.743040982309651 ], [ 44.247720919991018, 40.740343318109041 ], [ 44.248334479347129, 40.735673240284576 ], [ 44.247115295503562, 40.733050796492492 ], [ 44.242565889688436, 40.727217361547609 ], [ 44.237372805287364, 40.727893360988531 ], [ 44.230657092700085, 40.726696087425495 ], [ 44.226495317654518, 40.72631334105813 ], [ 44.223459154193421, 40.725081551567179 ], [ 44.218494551648121, 40.725429316356504 ], [ 44.213498712614005, 40.726622130709131 ], [ 44.204481476903098, 40.729570765975993 ], [ 44.199181605867075, 40.729009128178305 ], [ 44.19598228623655, 40.731174443341416 ], [ 44.194824641899984, 40.73252224290632 ], [ 44.192044706405895, 40.734566934467189 ], [ 44.183551178000243, 40.738460955325046 ], [ 44.183390827940158, 40.741214413974234 ], [ 44.179601970182944, 40.745676564126128 ], [ 44.174505853901557, 40.750986176573143 ], [ 44.170096438757774, 40.753866471952492 ], [ 44.169182367664881, 40.755336951750806 ], [ 44.162095435612649, 40.755107832109566 ], [ 44.157558240657707, 40.755520255237805 ], [ 44.155727004596564, 40.752096734980341 ], [ 44.149595289423367, 40.752035503191777 ], [ 44.14554501321102, 40.752301468530831 ], [ 44.142850558206987, 40.753398008949624 ], [ 44.140964596014193, 40.755884028868415 ], [ 44.138336978472466, 40.757234051003842 ], [ 44.134956941534085, 40.757355476574645 ], [ 44.131245528296077, 40.76132484351146 ], [ 44.129689513240066, 40.76381169241732 ], [ 44.126176970184076, 40.763263835325887 ], [ 44.121054356809488, 40.761588627641061 ], [ 44.117595941030203, 40.759304714465735 ], [ 44.110784508803341, 40.757293039783789 ], [ 44.105890937292912, 40.752645132832008 ], [ 44.107819811015368, 40.751302724468019 ], [ 44.105584560058695, 40.749580503860727 ], [ 44.100922931156127, 40.749616749335814 ], [ 44.099019406261249, 40.75032179557455 ], [ 44.095063140663129, 40.750611811515107 ], [ 44.094196199343202, 40.750453648532115 ], [ 44.09061016348344, 40.751786525631751 ], [ 44.089946463021029, 40.752699322047334 ], [ 44.08319264128172, 40.77390627095572 ], [ 44.083851042250281, 40.779457896759325 ], [ 44.078432141728804, 40.781904471739765 ], [ 44.072947480589555, 40.782619313218404 ], [ 44.069347819389044, 40.784140506914454 ], [ 44.065778202202189, 40.788378474750992 ], [ 44.064170249580854, 40.795413919758971 ], [ 44.060720664230544, 40.793947952741355 ], [ 44.059940281612732, 40.792765894912208 ], [ 44.057277161609214, 40.791241739547075 ], [ 44.056655587172521, 40.789960404632104 ], [ 44.054261063564269, 40.789136035796595 ], [ 44.052608514831199, 40.79055624262044 ], [ 44.049589366948986, 40.791214608786618 ], [ 44.046804184822747, 40.790803489313582 ], [ 44.045019863473613, 40.789218284375821 ], [ 44.043680523647886, 40.787038754014141 ], [ 44.042382793081103, 40.785738502982262 ], [ 44.041180676450765, 40.783282941427878 ], [ 44.040000347046274, 40.782499064777866 ], [ 44.036562065665436, 40.783521156568163 ], [ 44.034940877576503, 40.787231614914482 ], [ 44.034136759770888, 40.787711787356265 ], [ 44.031855618114868, 40.790305190369772 ], [ 44.027575392496736, 40.789990472509643 ], [ 44.023472736707113, 40.790170270923753 ], [ 44.019494006067404, 40.792659733857867 ], [ 44.015069878420313, 40.797467386859438 ], [ 44.012847928359584, 40.799186938244176 ], [ 44.008712623219807, 40.804417551433183 ], [ 44.008359673279188, 40.807667909368519 ], [ 44.006971588321569, 40.813336051033893 ], [ 44.00881366536251, 40.813695573898997 ], [ 44.008801968289461, 40.816866074056279 ], [ 44.007810233988167, 40.819679657805573 ], [ 44.002872409264235, 40.82748524584337 ], [ 44.00026766596757, 40.829337011569763 ], [ 43.996053055844946, 40.833694465178993 ], [ 43.993943884176652, 40.835013477922161 ], [ 43.991702801349973, 40.838309259189245 ], [ 43.993365417272464, 40.840654310416603 ], [ 43.991579611331005, 40.844539743210369 ], [ 43.991437611052469, 40.845900094896322 ], [ 43.995084662432902, 40.844843058051346 ], [ 43.994773340013836, 40.850264716957035 ], [ 43.99034662892155, 40.855889246233914 ], [ 43.99170262182249, 40.858653375863561 ], [ 43.991686632170676, 40.860659304851296 ], [ 43.993019361424352, 40.861728794180465 ], [ 43.994621167942093, 40.862181257664929 ], [ 43.995167682196112, 40.863249349126484 ], [ 43.994607489935582, 40.864516072815192 ], [ 43.998974848321978, 40.864233284384909 ], [ 44.000794271292996, 40.866085008305042 ], [ 44.005730417514407, 40.872378397848252 ], [ 44.011408111838456, 40.876387406824811 ], [ 44.009671729128591, 40.880453010965233 ], [ 44.012334291680496, 40.883649926721951 ], [ 44.013823974885014, 40.886925377598097 ], [ 44.017305461714912, 40.891230658653654 ], [ 44.019391636872264, 40.892649018532907 ], [ 44.02203740533129, 40.892084630470798 ], [ 44.025507567207335, 40.890716909173989 ], [ 44.029075807821577, 40.891155905347979 ], [ 44.03112910807905, 40.890866488050179 ], [ 44.03325722356098, 40.889547822138987 ], [ 44.035274092595735, 40.889360254000024 ], [ 44.038294400379414, 40.890797727376579 ], [ 44.042543944889786, 40.891444590575354 ], [ 44.044829272398204, 40.892661352613558 ], [ 44.05442630785295, 40.893011023691834 ], [ 44.058149152512229, 40.891642643993798 ], [ 44.059177752870312, 40.890583120742562 ], [ 44.062479485543399, 40.888320714376739 ], [ 44.064851291222013, 40.888597010116484 ], [ 44.065339871751377, 40.889824706797064 ], [ 44.066162101248544, 40.890462591537641 ], [ 44.066309640399218, 40.891511688633265 ], [ 44.068676996040971, 40.895199938560751 ], [ 44.069070414374686, 40.896356677091987 ], [ 44.069723459223127, 40.89657104149402 ], [ 44.073409963423444, 40.895193501339783 ], [ 44.073662295169981, 40.894671172652636 ], [ 44.07587083856945, 40.894102602859682 ], [ 44.076236831241587, 40.895980770380163 ], [ 44.078610004841217, 40.897408800928702 ], [ 44.080943353194591, 40.897845347352039 ], [ 44.079963596539898, 40.898157596361827 ], [ 44.077561454200648, 40.900865979932249 ], [ 44.075706736997553, 40.906720814367887 ], [ 44.077121871478802, 40.90975676499702 ], [ 44.078390045243786, 40.91529930818696 ], [ 44.084361410692999, 40.918504975212429 ], [ 44.083808096474023, 40.925627691730469 ], [ 44.09170909134798, 40.930494125175315 ], [ 44.094537349446426, 40.930109245182386 ], [ 44.103018892938387, 40.931841157717301 ], [ 44.105240349393092, 40.938594940649757 ], [ 44.109435573201637, 40.940368384527495 ], [ 44.111530859376252, 40.94465542956717 ], [ 44.111422921960603, 40.947729377085516 ], [ 44.107358392189909, 40.951427624139882 ], [ 44.108623536839872, 40.952295476921051 ], [ 44.112096662308609, 40.95324823811935 ], [ 44.112520182987645, 40.956486920507515 ], [ 44.116693628441588, 40.961353284008624 ], [ 44.116457597687557, 40.964301051394429 ], [ 44.113400218478233, 40.968054255241086 ], [ 44.113910953039692, 40.971341287143538 ], [ 44.113227982509727, 40.971312536905202 ], [ 44.109078047846097, 40.972534300498928 ], [ 44.104319648919635, 40.974867221556018 ], [ 44.100284159410194, 40.974956871136989 ], [ 44.097734022509265, 40.975315903892209 ], [ 44.093377491354623, 40.973765962239796 ], [ 44.08694155969058, 40.974553939342435 ], [ 44.082358485809607, 40.977506915075743 ], [ 44.079419473484577, 40.977141035993924 ], [ 44.074567152992358, 40.979526417095798 ], [ 44.067187450342011, 40.979335113444172 ], [ 44.062644526070997, 40.982231040364631 ], [ 44.060595024088876, 40.982014138887479 ], [ 44.058688172295049, 40.980146248071151 ], [ 44.055811070158214, 40.980460361397775 ], [ 44.051083385715096, 40.982009880014132 ], [ 44.044744543608481, 40.981948458315401 ], [ 44.042716216266548, 40.983675321551232 ], [ 44.038923122658971, 40.984248013816718 ], [ 44.032254033631496, 40.98577661779872 ], [ 44.038268900755831, 40.990472871635525 ], [ 44.036438493998709, 40.991064033291259 ], [ 44.035673097311374, 40.992472345376704 ], [ 44.035811952026279, 40.992940245470052 ], [ 44.034587623193111, 40.995854795537063 ], [ 44.034456033419239, 40.997510773733616 ], [ 44.035364626867675, 40.998766692820446 ], [ 44.036730543060585, 41.002465458014214 ], [ 44.037581687455408, 41.003728245160538 ], [ 44.037582399263748, 41.008908882358739 ], [ 44.037221981660835, 41.010274335759583 ], [ 44.03786671643855, 41.011640665947297 ], [ 44.037758797471817, 41.013216824677386 ], [ 44.040019218960929, 41.012885673902815 ], [ 44.041269101725767, 41.012201837215748 ], [ 44.043448832339493, 41.011696126299114 ], [ 44.045335197229264, 41.012957366901524 ], [ 44.045559824116204, 41.013660968056541 ], [ 44.046782439936294, 41.01440791827644 ], [ 44.049329777631534, 41.014323679513495 ], [ 44.05051108066808, 41.0147269017139 ], [ 44.052772473598843, 41.016602625375342 ], [ 44.056057305990301, 41.018604496688809 ], [ 44.05726424445561, 41.02000034372486 ], [ 44.057732056086252, 41.02145044810139 ], [ 44.05917676959406, 41.021992197219518 ], [ 44.059537055082473, 41.023021531492709 ], [ 44.058531009847137, 41.02307094598379 ], [ 44.056885860509027, 41.024338163206266 ], [ 44.055814982677774, 41.024294304579314 ], [ 44.054174145200925, 41.025022659222749 ], [ 44.052875515616286, 41.025177386708108 ], [ 44.051467299510755, 41.024672075285515 ], [ 44.048866217991097, 41.024557891094837 ], [ 44.046031949976665, 41.02547928717766 ], [ 44.046008205741899, 41.026436473661747 ], [ 44.043554648806015, 41.026636645226688 ], [ 44.04251078203967, 41.027008925416929 ], [ 44.040715275780798, 41.028352369126239 ], [ 44.040023251958324, 41.029319008350875 ], [ 44.038568983188611, 41.029933445970315 ], [ 44.034342970339175, 41.033031043668757 ], [ 44.025341113422797, 41.040274506541373 ], [ 44.013494117854442, 41.05180764366132 ], [ 44.016899255006479, 41.058881515338847 ], [ 44.007319740465775, 41.063890250695998 ], [ 44.003375244484602, 41.065465427189274 ], [ 43.999031205056525, 41.067662547093754 ], [ 43.995237704278338, 41.07062621018671 ], [ 43.989617987695063, 41.07130371776379 ], [ 43.984769079927553, 41.075185451607979 ], [ 43.983761748400767, 41.077680061702495 ], [ 43.9800994129372, 41.075377661340738 ], [ 43.97967847481884, 41.075970531633359 ], [ 43.97806793447694, 41.07582656257182 ], [ 43.975927470022448, 41.076314502571826 ], [ 43.974813005160172, 41.076265684064275 ], [ 43.971975005944799, 41.077526977054909 ], [ 43.97060729935999, 41.078768340937792 ], [ 43.966149182723782, 41.081699193989806 ], [ 43.964414859048979, 41.084520898683571 ], [ 43.963033885250745, 41.085933176640353 ], [ 43.954609987522787, 41.089722628408985 ], [ 43.950025231172354, 41.094748692016609 ], [ 43.949115858564483, 41.096774247482735 ], [ 43.95023872885448, 41.101668442762985 ], [ 43.954240581594284, 41.105632077929137 ], [ 43.954370033280341, 41.106181967844208 ], [ 43.951418400494042, 41.110334076420656 ], [ 43.951417733361289, 41.111333070782273 ], [ 43.952041609253271, 41.112627116292202 ], [ 43.953074721751079, 41.113346653837596 ], [ 43.953882015426316, 41.115985470495232 ], [ 43.953817757017333, 41.117241411668253 ], [ 43.951491919254487, 41.119903084620397 ], [ 43.954210854914443, 41.122756953797897 ], [ 43.955777851581416, 41.125600097457109 ], [ 43.961519553536625, 41.128111026342722 ], [ 43.96009474415149, 41.13097171440478 ], [ 43.959418528293, 41.133444392556385 ], [ 43.957000902044136, 41.136506008427347 ], [ 43.956178698572167, 41.13904129950668 ], [ 43.954596889729039, 41.140591950514654 ], [ 43.955394742748844, 41.142437406408114 ], [ 43.955441757142616, 41.144403070782701 ], [ 43.956620921734086, 41.147812717241415 ], [ 43.956762893078597, 41.149326617973124 ], [ 43.957916777090198, 41.151572556434161 ], [ 43.957792248170769, 41.154247938844286 ], [ 43.959232372094256, 41.156400386500671 ], [ 43.957928088948243, 41.158550864001612 ], [ 43.957635708154505, 41.159612590937442 ], [ 43.95781416542485, 41.161234958762861 ], [ 43.954527074643288, 41.165442752157077 ], [ 43.9569054383892, 41.165426870758068 ], [ 43.959735551941144, 41.165040622085151 ], [ 43.96201778226488, 41.164836567923139 ], [ 43.963502698245293, 41.164924816286749 ], [ 43.964927482325294, 41.165686422217853 ], [ 43.965358597888624, 41.166626288852058 ], [ 43.965689479362325, 41.167068938389761 ], [ 43.966232045618476, 41.167794762671683 ], [ 43.967656335874388, 41.168593769320182 ], [ 43.969926943887209, 41.169138250420602 ], [ 43.971619565974741, 41.16928999179504 ], [ 43.973637764200248, 41.169470887272588 ], [ 43.974871019749422, 41.169818824909214 ], [ 43.975853668843079, 41.170351721661184 ], [ 43.976430684889451, 41.171480043536718 ], [ 43.976511711021395, 41.17264139558673 ], [ 43.976565005920044, 41.172837728059001 ], [ 43.976746030007767, 41.173504591995929 ], [ 43.977925760856451, 41.174114099799546 ], [ 43.979950088524063, 41.174581318692532 ], [ 43.981726722083472, 41.175046312294334 ], [ 43.983706190727588, 41.175213550251044 ], [ 43.985535302259066, 41.175491750498161 ], [ 43.987206569693605, 41.176367569543267 ], [ 43.988284516990383, 41.176951913108269 ], [ 43.988284517122693, 41.176951913179991 ], [ 43.98917228412688, 41.177433146770667 ], [ 43.991529272810148, 41.178839074585881 ], [ 43.993593082795229, 41.179980314117174 ], [ 43.995073242993605, 41.180405072738886 ], [ 43.996900836582398, 41.180795397342301 ], [ 43.997988065309215, 41.18099205877099 ], [ 43.998980189596992, 41.180925803182681 ], [ 44.000160036806193, 41.180985957195681 ], [ 44.002439458311216, 41.18168974432777 ], [ 44.005613265785804, 41.183125473059086 ], [ 44.008361786504246, 41.184517216321225 ], [ 44.011647211119104, 41.185631844542442 ], [ 44.014668880563072, 41.186583175552222 ], [ 44.017112635761634, 41.187006419919939 ], [ 44.019768248261421, 41.187511889523542 ], [ 44.022900826138269, 41.188182291130936 ], [ 44.02465175019934, 41.188639733829135 ], [ 44.027147718055389, 41.189143681215555 ], [ 44.029273289277377, 41.189483505800538 ], [ 44.031351554686395, 41.18942052619353 ], [ 44.033220924206574, 41.189074097943518 ], [ 44.03471215244339, 41.189086602522714 ], [ 44.035666668734947, 41.189376254256338 ], [ 44.036514676313061, 41.189665007946829 ], [ 44.037738447925044, 41.189755709942752 ], [ 44.039016070294906, 41.189806611504224 ], [ 44.040289584441872, 41.190139123240421 ], [ 44.041623407202238, 41.18998928016002 ], [ 44.043436557577543, 41.189843402207117 ], [ 44.044975805707388, 41.190218304126148 ], [ 44.046146341708223, 41.190308475315035 ], [ 44.046893723653753, 41.190193951873418 ], [ 44.047800296367782, 41.190120974044625 ], [ 44.049238295508076, 41.190132851322083 ], [ 44.051100627788664, 41.190268916470188 ], [ 44.054663803216748, 41.190660343229588 ], [ 44.056947624364476, 41.191121666733935 ], [ 44.058325474206484, 41.191615779969737 ], [ 44.059115167827521, 41.192266022018444 ], [ 44.060225024573121, 41.192878634941742 ], [ 44.060400273819887, 41.193005452183073 ], [ 44.061068590418643, 41.19348906543253 ], [ 44.062074831253973, 41.193899630649163 ], [ 44.063401806166709, 41.194232322411665 ], [ 44.064887442290896, 41.194646759185453 ], [ 44.067276862969301, 41.195189209991661 ], [ 44.06945554582154, 41.195568960416047 ], [ 44.071051190835412, 41.195742785688054 ], [ 44.072378252558259, 41.196075374797772 ], [ 44.073869089428662, 41.196127606298568 ], [ 44.075728253873415, 41.196504669877072 ], [ 44.077530224411205, 41.197162903084262 ], [ 44.078693603886506, 41.197775765032468 ], [ 44.079535152274403, 41.198546992323294 ], [ 44.080273000041039, 41.199116201183202 ], [ 44.081438688861539, 41.199568108346192 ], [ 44.08255337249485, 41.1998586483327 ], [ 44.083274050095156, 41.200110522972984 ], [ 44.08361367704439, 41.200229219339022 ], [ 44.084616240457635, 41.200921216974301 ], [ 44.084831873736995, 41.20128665321225 ], [ 44.085188751730215, 41.201891448811516 ], [ 44.085712488409897, 41.202539396084333 ], [ 44.086613043931202, 41.202908671907238 ], [ 44.087836024654074, 41.203079308424137 ], [ 44.088848718239639, 41.203047086113642 ], [ 44.088864316743248, 41.202906349206025 ], [ 44.088917593133317, 41.202425660031565 ], [ 44.089031398228329, 41.201398821543208 ], [ 44.089190610374935, 41.193755073155096 ], [ 44.089218657783931, 41.191730825882999 ], [ 44.089219040307874, 41.191703216801372 ], [ 44.089230068686796, 41.191665225583307 ], [ 44.089498721052422, 41.190739741459161 ], [ 44.089985861378267, 41.19018027366716 ], [ 44.09074040254113, 41.189542440598544 ], [ 44.091703519525538, 41.189228142885334 ], [ 44.093142627424363, 41.189159004946745 ], [ 44.095058847954803, 41.189254547594807 ], [ 44.097611427469047, 41.189556228259228 ], [ 44.100536848443369, 41.189860764088849 ], [ 44.103785700075683, 41.189886082905318 ], [ 44.107200889757337, 41.189429756707504 ], [ 44.111421448174056, 41.188496699157 ], [ 44.115743535971241, 41.187926400350186 ], [ 44.118628663740488, 41.187264479633988 ], [ 44.121670819643192, 41.186804868008245 ], [ 44.124499368222367, 41.186383790072142 ], [ 44.126467217018401, 41.186599912444123 ], [ 44.129176425952288, 41.187143504211157 ], [ 44.131646814566359, 41.187624875016652 ], [ 44.134841792404288, 41.187689148977249 ], [ 44.136863505540994, 41.187865261459137 ], [ 44.138825646132126, 41.18852373667093 ], [ 44.142068163544117, 41.189030772402852 ], [ 44.14520630428877, 41.189375995231337 ], [ 44.147492313304916, 41.189714828720156 ], [ 44.149466070623646, 41.189487994411444 ], [ 44.153574878905786, 41.188914698779534 ], [ 44.154190283456487, 41.188867615651986 ], [ 44.15549429930298, 41.188767837418418 ], [ 44.156669625715203, 41.188494786619053 ], [ 44.158639712974349, 41.188549427872736 ], [ 44.160130980859925, 41.188560308426034 ], [ 44.161408184533514, 41.188650086032233 ], [ 44.162414480813943, 41.189100013419321 ], [ 44.163150392765274, 41.18986986533865 ], [ 44.163926788543073, 41.19164593108416 ], [ 44.16467648192026, 41.192796604084911 ], [ 44.167114101803449, 41.196537695432831 ], [ 44.171073531624032, 41.203607722524751 ], [ 44.174816648375561, 41.210997952788141 ], [ 44.177248153750241, 41.216809456439421 ], [ 44.180029983216997, 41.224474292202544 ], [ 44.182610289014121, 41.231252413571141 ], [ 44.182954306993544, 41.233588587315666 ], [ 44.182990577642393, 41.234956893961311 ], [ 44.182701547054904, 41.236765498083713 ], [ 44.181990607789409, 41.238208973127364 ], [ 44.180744112979276, 41.23984982092005 ], [ 44.180067898198814, 41.241071473063563 ], [ 44.179619525002252, 41.241881477897643 ], [ 44.179435195898627, 41.242214469649923 ], [ 44.178994172890043, 41.243378190460227 ], [ 44.178712543395903, 41.244583283946355 ], [ 44.178377094164276, 41.245828229053565 ], [ 44.178362987565848, 41.24695475485737 ], [ 44.178352407375527, 41.247799650190615 ], [ 44.178352098972383, 41.24782427709269 ], [ 44.178352028731169, 41.247829886055491 ], [ 44.178346865089395, 41.248242213417811 ], [ 44.1791025855809, 41.247857973703333 ], [ 44.179206985376943, 41.247804891756303 ], [ 44.180063792521374, 41.247369242339481 ], [ 44.183507022379509, 41.244858790250447 ], [ 44.18587143898106, 41.243346532349825 ], [ 44.188123665325257, 41.242276037598579 ], [ 44.190853557491671, 41.241369802075909 ], [ 44.192298676981167, 41.240897103129257 ], [ 44.194019675802458, 41.239661820316762 ], [ 44.194579941009266, 41.239398173946014 ], [ 44.195374217771395, 41.239024399393095 ], [ 44.1957889795369, 41.238829214917239 ], [ 44.198970231240388, 41.237498420762627 ], [ 44.199232946539546, 41.237401538207251 ], [ 44.202263209872918, 41.236283991612595 ], [ 44.205790796361697, 41.235493573362199 ], [ 44.2078745280389, 41.235085434829784 ], [ 44.209119886702808, 41.234580973244853 ], [ 44.209850602694523, 41.234206462817866 ], [ 44.21018397372638, 41.2340355987455 ], [ 44.210688637880118, 41.233776937519963 ], [ 44.211812583723528, 41.233392324524658 ], [ 44.213092790274025, 41.233310544700622 ], [ 44.214385862947957, 41.233167727234552 ], [ 44.214894076822823, 41.233111591805944 ], [ 44.21520119906419, 41.233150347262573 ], [ 44.217169262940956, 41.233398674828749 ], [ 44.219700955910554, 41.233882450232919 ], [ 44.220280314540027, 41.23399314973377 ], [ 44.222629070480899, 41.234823819899056 ], [ 44.222640976678015, 41.234831446862756 ], [ 44.224771601191442, 41.236196250570494 ], [ 44.225644272909854, 41.236775495462979 ], [ 44.227198666879126, 41.237178242751298 ], [ 44.229001793441022, 41.236828193666085 ], [ 44.230285586331419, 41.236444470646397 ], [ 44.231526562372693, 41.236301868096582 ], [ 44.232921790632524, 41.236643120191196 ], [ 44.234112933218007, 41.237345131620188 ], [ 44.235341615254583, 41.238258622753548 ], [ 44.236254033684538, 41.238868228108323 ], [ 44.236849112767551, 41.23926448059332 ], [ 44.237613220236817, 41.238877231281919 ], [ 44.238476899825692, 41.238236619764386 ], [ 44.238702023833461, 41.238069636823901 ], [ 44.23931506522581, 41.237835903202658 ], [ 44.239946857957761, 41.237595015085894 ], [ 44.241591425976047, 41.237123012551692 ], [ 44.242873413225702, 41.236890025286186 ], [ 44.243078530534198, 41.236834507062746 ], [ 44.24363536945706, 41.236683787528769 ], [ 44.24431980517695, 41.236265792191482 ], [ 44.244850583000598, 41.23530358891216 ], [ 44.245500919006524, 41.234372344310145 ], [ 44.245634196807927, 41.234235554717614 ], [ 44.246026811983363, 41.233832590095147 ], [ 44.247549247482475, 41.233540768144323 ], [ 44.248830453508354, 41.233368063874323 ], [ 44.249915236296815, 41.232892289396645 ], [ 44.250664936151651, 41.232308204909756 ], [ 44.251528587904701, 41.231635322354002 ], [ 44.252206517978856, 41.230830048772248 ], [ 44.253676251453982, 41.229084155319356 ], [ 44.254935076777073, 41.227823513726165 ], [ 44.258406624610267, 41.224346630416193 ], [ 44.263094654337124, 41.219759522766303 ], [ 44.265744248163806, 41.217408158296266 ], [ 44.266704976570892, 41.216555508867657 ], [ 44.266808457613003, 41.216463667301468 ], [ 44.268946296203858, 41.214696765315963 ], [ 44.270236130000654, 41.213709077881141 ], [ 44.272004449948291, 41.212814931954696 ], [ 44.273006800700387, 41.212519482942682 ], [ 44.274807350300385, 41.212319586707387 ], [ 44.276690133209577, 41.211908933974293 ], [ 44.278494630656887, 41.211346870054285 ], [ 44.280300088466099, 41.210694251615067 ], [ 44.282868025514482, 41.209744574828733 ], [ 44.284353401195524, 41.209120076737349 ], [ 44.285435887718968, 41.208794840009439 ], [ 44.286035260863983, 41.208798555833162 ], [ 44.286629719834764, 41.209254905252251 ], [ 44.287336534819573, 41.210406036140959 ], [ 44.288164889141399, 41.211407023073356 ], [ 44.289236621845923, 41.212077552228187 ], [ 44.291462679377432, 41.213177663132498 ], [ 44.294527357649372, 41.214343225785719 ], [ 44.296480955362142, 41.214777660162113 ], [ 44.300594145830146, 41.215074303926741 ], [ 44.305828234640011, 41.215196491816272 ], [ 44.310546001784374, 41.215013576337029 ], [ 44.314029961995629, 41.214340282910122 ], [ 44.316516699552949, 41.213479904974903 ], [ 44.31804619354044, 41.212432744758196 ], [ 44.318936266337381, 41.211357108431116 ], [ 44.319343524182749, 41.210864930696616 ], [ 44.319462632881056, 41.210720984205672 ], [ 44.321201161797823, 41.208769681338012 ], [ 44.323618861987775, 41.206822340670698 ], [ 44.325749294384316, 41.205597535303667 ], [ 44.327274750050748, 41.204912361608073 ], [ 44.329318060763171, 41.204381072223455 ], [ 44.331116075164474, 41.204391524252863 ], [ 44.333673559225311, 41.204376163409762 ], [ 44.336032178237375, 41.204269068789046 ], [ 44.33863568819033, 41.203650306364842 ], [ 44.342118465089193, 41.203006330505815 ], [ 44.344257830872415, 41.202732225451243 ], [ 44.344598994613769, 41.202688510142629 ], [ 44.34567687811932, 41.202785170121537 ], [ 44.34568609622616, 41.20279145289993 ], [ 44.346391268142767, 41.203272070677144 ], [ 44.346578393071759, 41.203721707853774 ], [ 44.346781523883614, 41.20420979787955 ], [ 44.346609999618522, 41.205385762078983 ], [ 44.346080054733171, 41.206438981564183 ], [ 44.345181749034104, 41.208365263218823 ], [ 44.344988533536196, 41.20897652180237 ], [ 44.34468660070133, 41.20993169563846 ], [ 44.344636708218218, 41.210927281370978 ], [ 44.344987023278051, 41.211864786144567 ], [ 44.346044932717859, 41.213983243920495 ], [ 44.346275997707529, 41.214859711049726 ], [ 44.346143795236856, 41.216096251565538 ], [ 44.345799405966901, 41.217001737598935 ], [ 44.34565131346347, 41.217391101866056 ], [ 44.344715586634322, 41.219045564141275 ], [ 44.34471002826681, 41.219063800558267 ], [ 44.344385024897214, 41.220130083721216 ], [ 44.34437357882998, 41.221276774539326 ], [ 44.344435741514395, 41.223057617043068 ], [ 44.344414656546029, 41.225169940766975 ], [ 44.344885249011554, 41.226077951351627 ], [ 44.345398832854869, 41.226684425723903 ], [ 44.346432936779841, 41.227203319497811 ], [ 44.348187119325118, 41.227665922830134 ], [ 44.350896743944681, 41.228526198119148 ], [ 44.35189094949655, 41.229044817012657 ], [ 44.352840737949784, 41.230015844047465 ], [ 44.35370912582168, 41.231137295942382 ], [ 44.354462370597119, 41.231775250610589 ], [ 44.354939375836345, 41.232049521586902 ], [ 44.355738833503885, 41.232053995655896 ], [ 44.35677990406456, 41.231878746525084 ], [ 44.359028400061625, 41.230865234237477 ], [ 44.360033294136819, 41.23029744279826 ], [ 44.360637574371118, 41.229817954404581 ], [ 44.36093871088454, 41.229053667619091 ], [ 44.361088418977623, 41.228673700255946 ], [ 44.36124844222708, 41.228467804774731 ], [ 44.361695610149631, 41.227892443644926 ], [ 44.362341583096963, 41.227232110308023 ], [ 44.363147715436313, 41.226542480286916 ], [ 44.363831584925194, 41.226093591941911 ], [ 44.365473535589551, 41.225770690306504 ], [ 44.367913400100377, 41.225603035089598 ], [ 44.36975169028215, 41.225643283840284 ], [ 44.370952209895137, 41.225498954907508 ], [ 44.371955188127345, 41.225112115980707 ], [ 44.3730409723007, 41.224423940243589 ], [ 44.373805838552158, 41.223854720473163 ], [ 44.374487308428861, 41.223647178412861 ], [ 44.375647527705475, 41.223532760361564 ], [ 44.377006721957819, 41.22350993945166 ], [ 44.378407312386159, 41.223336436906052 ], [ 44.379730525980243, 41.222890902189569 ], [ 44.381057417041134, 41.222053058877151 ], [ 44.381900416857967, 41.221665272003825 ], [ 44.383020622060492, 41.22155056474864 ], [ 44.384579325855469, 41.221558900262444 ], [ 44.385777482344871, 41.221655827896747 ], [ 44.386696719454065, 41.221660723850746 ], [ 44.387738108491845, 41.221424839747826 ], [ 44.388984094287046, 41.220677008502413 ], [ 44.390716078826031, 41.219237645247105 ], [ 44.392691960697917, 41.217346871512859 ], [ 44.39530185986311, 41.216032772469752 ], [ 44.397954106861093, 41.214447235444517 ], [ 44.400250428051585, 41.212437292444882 ], [ 44.401577672200482, 41.211508678008975 ], [ 44.402944290591044, 41.210640609268268 ], [ 44.404951320524923, 41.209655120015256 ], [ 44.406678578680584, 41.208668156219744 ], [ 44.407804504028448, 41.207889323108731 ], [ 44.408612365769223, 41.20692777911561 ], [ 44.409944527692787, 41.205425711818187 ], [ 44.411079010451992, 41.203681196549951 ], [ 44.411154154724343, 41.203555797270504 ], [ 44.411728031195906, 41.20259810585015 ], [ 44.411920776187699, 41.202261319878588 ], [ 44.412277295790382, 41.201638358165496 ], [ 44.412296310421567, 41.201605132731032 ], [ 44.413183129937295, 41.200734492721011 ], [ 44.413374259595955, 41.200673774338455 ], [ 44.41430507656262, 41.200378064714585 ], [ 44.416465812877711, 41.200026890364299 ], [ 44.418785808386971, 41.1997368364691 ], [ 44.420828235396698, 41.199203915917494 ], [ 44.42334900824428, 41.198794066014408 ], [ 44.425268872933366, 41.198562233413284 ], [ 44.42727231006932, 41.197908291997237 ], [ 44.430160413431324, 41.19659477845525 ], [ 44.435133380550958, 41.194416268527824 ], [ 44.437781990550818, 41.193041032187494 ], [ 44.440104732772369, 41.192388423865609 ], [ 44.441624092996385, 41.192244905694402 ], [ 44.443022319409828, 41.192251671802182 ], [ 44.444502231180323, 41.192047568447883 ], [ 44.445864065882404, 41.191631631448885 ], [ 44.44754395221694, 41.191398272749858 ], [ 44.449180087440297, 41.191617350712079 ], [ 44.450294875726414, 41.192075343855194 ], [ 44.451452147299335, 41.192231748296585 ], [ 44.453091578246905, 41.192058470608288 ], [ 44.45421516898616, 41.191460237494475 ], [ 44.456060558907765, 41.190533443330281 ], [ 44.458149810395135, 41.189094738910356 ], [ 44.460281642065979, 41.187324237741329 ], [ 44.460849055559429, 41.186331017036004 ], [ 44.46118123011626, 41.184793489042171 ], [ 44.461749103184211, 41.183739910853674 ], [ 44.462757569418919, 41.182537492576948 ], [ 44.46408308223571, 41.181638321758946 ], [ 44.466044212769262, 41.181164574452929 ], [ 44.467922987473251, 41.18099219510421 ], [ 44.470397247469649, 41.181275192678925 ], [ 44.47207218457558, 41.181614837054937 ], [ 44.473749312210728, 41.181682862606124 ], [ 44.475027492380605, 41.181688691242243 ], [ 44.475983964317479, 41.181964646933345 ], [ 44.477017453302615, 41.182603081015138 ], [ 44.477252080049141, 41.183237884480178 ], [ 44.47743303010666, 41.183640610883593 ], [ 44.477568732788669, 41.183942630337803 ], [ 44.477779202736208, 41.184299809770394 ], [ 44.47882463971613, 41.184869573501757 ], [ 44.479784400910582, 41.185362879413553 ], [ 44.480860612784355, 41.185682848537823 ], [ 44.481556695155177, 41.18599234247062 ], [ 44.482835912007523, 41.186106755634214 ], [ 44.485250530349006, 41.186334896312061 ], [ 44.486801169192184, 41.186689528154709 ], [ 44.488552342089186, 41.187153689062484 ], [ 44.490535188142701, 41.1874232632101 ], [ 44.491740852081776, 41.187754569421692 ], [ 44.494050503173362, 41.188296155289628 ], [ 44.49545074209982, 41.188856276050991 ], [ 44.497383969381737, 41.189877133010086 ], [ 44.499461284663766, 41.190810416980497 ], [ 44.502704890925763, 41.191426518727759 ], [ 44.505469240472216, 41.192239607067577 ], [ 44.507655427358834, 41.192799738370894 ], [ 44.509189194000136, 41.193777525213143 ], [ 44.510323367662096, 41.194458485375101 ], [ 44.51119623572729, 41.195276998403088 ], [ 44.511209608081259, 41.19561263758974 ], [ 44.511210144536015, 41.195626102264868 ], [ 44.511229907046157, 41.196122125347728 ], [ 44.510903331427038, 41.197056260163542 ], [ 44.510965057204224, 41.197247304997418 ], [ 44.511137663989032, 41.197781526921126 ], [ 44.511930231034349, 41.198660048614435 ], [ 44.512858809039066, 41.200178329566207 ], [ 44.51311454003519, 41.200596451552791 ], [ 44.513280539444544, 41.201127649153008 ], [ 44.513590696619104, 41.202120127744259 ], [ 44.513700024179357, 41.202469960076627 ], [ 44.514405635360959, 41.20431379346654 ], [ 44.515711994963368, 41.205979079931168 ], [ 44.516159702830144, 41.206488417391 ], [ 44.517416016957846, 41.207917619082799 ], [ 44.519595696543469, 41.210401319156972 ], [ 44.519894191451812, 41.210725890609559 ], [ 44.519916529607421, 41.2107501800687 ], [ 44.520626535688073, 41.211522195667293 ], [ 44.521740847832611, 41.212160563649299 ], [ 44.522458078690299, 41.212384065881906 ], [ 44.523016783307781, 41.212558164298585 ], [ 44.523801430014984, 41.212730969967993 ], [ 44.524413278138688, 41.212865715225 ], [ 44.526792468687276, 41.213495192827558 ], [ 44.528652519996449, 41.215409509514387 ], [ 44.529327769713348, 41.216704521291483 ], [ 44.529872610433948, 41.218289751958459 ], [ 44.529733606873201, 41.219775268770469 ], [ 44.528954659171113, 41.220999718074367 ], [ 44.528987936216517, 41.222324407428644 ], [ 44.529535130858577, 41.223586586201073 ], [ 44.530469061875593, 41.224624197527518 ], [ 44.530560482625177, 41.224683694664847 ], [ 44.531079071172542, 41.225205626130609 ], [ 44.532273441905637, 41.225874393365523 ], [ 44.533589036779979, 41.226362571662847 ], [ 44.535146612408461, 41.226549932130951 ], [ 44.537147492946104, 41.226226028684337 ], [ 44.539191710895949, 41.225419417178216 ], [ 44.540553861800412, 41.224972186950403 ], [ 44.542232806747869, 41.224948690042126 ], [ 44.54386989566494, 41.225196603891746 ], [ 44.545186399672666, 41.225563941972226 ], [ 44.546385300419495, 41.225598844595311 ], [ 44.5473056562086, 41.225451575089053 ], [ 44.547790076216451, 41.224759384094021 ], [ 44.547755716278999, 41.223944445010396 ], [ 44.547399110391019, 41.223490376930791 ], [ 44.546689027380452, 41.223487585943943 ], [ 44.54620004008742, 41.223485661429613 ], [ 44.545080908537102, 41.223481249272908 ], [ 44.544002792229556, 41.223326099059882 ], [ 44.543406406180665, 41.222871068843574 ], [ 44.543329994729469, 41.222754154745239 ], [ 44.543010918084391, 41.222265943326384 ], [ 44.54285629306947, 41.221510882289046 ], [ 44.542427997077461, 41.219879573863551 ], [ 44.542321235058928, 41.219754117605135 ], [ 44.541912637027053, 41.219273967917225 ], [ 44.541076714813563, 41.218787795033542 ], [ 44.539800123171787, 41.218450748264885 ], [ 44.538861003165657, 41.218054606141713 ], [ 44.538688834605189, 41.217981980189101 ], [ 44.538644502832177, 41.217963279626815 ], [ 44.537767806275475, 41.217597632712007 ], [ 44.537683076165479, 41.21726866178372 ], [ 44.537651095842811, 41.217144494949885 ], [ 44.537933821650242, 41.216723137701401 ], [ 44.539054743586782, 41.216456024047453 ], [ 44.540214140831196, 41.216400299136275 ], [ 44.540258328122718, 41.215796916416757 ], [ 44.539925028374903, 41.215560728609489 ], [ 44.539701576076794, 41.215402381039652 ], [ 44.538105559377058, 41.215033860911063 ], [ 44.538080634837485, 41.215021800611893 ], [ 44.536910686400958, 41.214455683696627 ], [ 44.536468480878369, 41.213988111338075 ], [ 44.536394993463944, 41.213910407556533 ], [ 44.536398833867324, 41.213867665652586 ], [ 44.536438361820942, 41.21342773448302 ], [ 44.5371593927253, 41.213189208589036 ], [ 44.538240082305848, 41.212952119976919 ], [ 44.540237365030436, 41.213080815825514 ], [ 44.542116029517388, 41.213027940139909 ], [ 44.542997096597503, 41.212759834800408 ], [ 44.543080168046977, 41.212307493879514 ], [ 44.543053991266511, 41.212285019278767 ], [ 44.542444554075615, 41.211761768710005 ], [ 44.541828003918667, 41.211215904408832 ], [ 44.541451615130292, 41.210882661528274 ], [ 44.541098704317818, 41.209915561601377 ], [ 44.541106500165661, 41.20879900658116 ], [ 44.541313038613417, 41.207834133112542 ], [ 44.541320198022156, 41.20680810969499 ], [ 44.541089019002335, 41.206406659410668 ], [ 44.540727984040352, 41.205779699127817 ], [ 44.539005476733315, 41.204902479145332 ], [ 44.538936215431086, 41.204867205466783 ], [ 44.538674920972817, 41.204780323291004 ], [ 44.536823351178896, 41.204164640257183 ], [ 44.535030614400107, 41.203402971002646 ], [ 44.53379473781073, 41.20300566424465 ], [ 44.532839427551153, 41.202488769856323 ], [ 44.532767743186277, 41.202065380211245 ], [ 44.532762733155998, 41.20203578924864 ], [ 44.533204818869471, 41.201675443517047 ], [ 44.534166960801571, 41.201226666196007 ], [ 44.534929957294032, 41.200686543005695 ], [ 44.535494869694084, 41.199904191969992 ], [ 44.535220734209467, 41.199118457614389 ], [ 44.534880781780736, 41.19890469206652 ], [ 44.534544505741223, 41.19869323591567 ], [ 44.533986648007087, 41.198479735948958 ], [ 44.533510201428079, 41.198055315479934 ], [ 44.533436431925544, 41.197963676186625 ], [ 44.533193357956087, 41.197661718279463 ], [ 44.53331600247067, 41.197269901039434 ], [ 44.533996485494441, 41.197091586223735 ], [ 44.534955355592025, 41.19709545854365 ], [ 44.535994130944907, 41.197099644845238 ], [ 44.536953849741465, 41.196982791906642 ], [ 44.538474175500475, 41.196687108612238 ], [ 44.540757166857574, 41.19588142065664 ], [ 44.542476581283701, 41.195677011964719 ], [ 44.543360184273062, 41.195680515915768 ], [ 44.543834951425161, 41.195682395817528 ], [ 44.544871407620306, 41.19601845082974 ], [ 44.545025509501734, 41.196136072111379 ], [ 44.545507307026185, 41.196503809472453 ], [ 44.546023773484393, 41.196928337363055 ], [ 44.546621402716106, 41.197172113924573 ], [ 44.547341178749576, 41.197084408705855 ], [ 44.547425030952752, 41.196511355260277 ], [ 44.547270206357531, 41.195786473357053 ], [ 44.546318641583973, 41.194726499953113 ], [ 44.545167562015585, 41.19363555340712 ], [ 44.544054169027461, 41.192876702573784 ], [ 44.543578533338057, 41.192331614377579 ], [ 44.543182806583609, 41.19178684206058 ], [ 44.543426694698432, 41.191184245631945 ], [ 44.543987659232563, 41.19094504196466 ], [ 44.544587315458465, 41.190887056381847 ], [ 44.545386923878908, 41.190799678851647 ], [ 44.546248369244871, 41.191293048602958 ], [ 44.546341956367279, 41.19134664728616 ], [ 44.546365136353664, 41.191366594038463 ], [ 44.54852633240619, 41.193226264487194 ], [ 44.551425104898691, 41.195586153371998 ], [ 44.551506166992262, 41.195652142489607 ], [ 44.551594059272027, 41.195763226587331 ], [ 44.552536092147562, 41.196953802517363 ], [ 44.553321825488553, 41.198918423823798 ], [ 44.553832834179246, 41.20015770313811 ], [ 44.55510424216618, 41.201218848835516 ], [ 44.555698477124075, 41.201975592136158 ], [ 44.556411169283301, 41.202944034327864 ], [ 44.557525892012109, 41.203551879698281 ], [ 44.558062401156846, 41.203766754399183 ], [ 44.558075349524415, 41.203771940239456 ], [ 44.558362757405348, 41.203887046934092 ], [ 44.558668097318041, 41.203879677105412 ], [ 44.558833315858031, 41.203875688974193 ], [ 44.559441802095492, 41.203860998967684 ], [ 44.56056302285441, 41.203503142386296 ], [ 44.561207568988259, 41.202720968190775 ], [ 44.562328157588297, 41.202453626572265 ], [ 44.563047371646846, 41.202456354937574 ], [ 44.563685872168627, 41.202579485929562 ], [ 44.564484598452673, 41.202642862977186 ], [ 44.565763205737063, 41.202647686677672 ], [ 44.566402507703714, 41.202650093648487 ], [ 44.566921940909083, 41.202652046362601 ], [ 44.567453766429573, 41.20279605921759 ], [ 44.567600010259063, 41.202835659994591 ], [ 44.567837171315652, 41.203228863469008 ], [ 44.567990653359786, 41.204195136861699 ], [ 44.567864829408897, 41.205100005749415 ], [ 44.567698450890923, 41.20609525673914 ], [ 44.567798733569873, 41.206564009033393 ], [ 44.567853523264233, 41.206820110209648 ], [ 44.568488510258511, 41.207486406234374 ], [ 44.569285521210155, 41.207821344646462 ], [ 44.570284512400306, 41.207825073030655 ], [ 44.571407709667348, 41.207165339194184 ], [ 44.572456068771366, 41.205720687612448 ], [ 44.573344357151122, 41.204305611372121 ], [ 44.574426334271678, 41.203826763288717 ], [ 44.575264460004398, 41.203980744031114 ], [ 44.575582725163557, 41.204185168939389 ], [ 44.576020536642325, 41.204466376134825 ], [ 44.576255419116833, 41.205221690608838 ], [ 44.57576754825385, 41.206517551159934 ], [ 44.575483550919927, 41.207180422423292 ], [ 44.575480716040943, 41.20721583852476 ], [ 44.575440082595925, 41.207723467102078 ], [ 44.575877886662482, 41.207996680491085 ], [ 44.576557784005644, 41.207908646044075 ], [ 44.577640573764626, 41.207309058276877 ], [ 44.578921979045404, 41.206891254069689 ], [ 44.579721259798298, 41.206843888521476 ], [ 44.579881382866283, 41.206834398918673 ], [ 44.580438690102909, 41.207168386428982 ], [ 44.580593715333116, 41.207923401702772 ], [ 44.580069804134389, 41.208615588367095 ], [ 44.578746673215491, 41.209304855415496 ], [ 44.577704984637514, 41.209723534934625 ], [ 44.576423710952021, 41.210111147619322 ], [ 44.575942425652187, 41.210380980960636 ], [ 44.575660360577054, 41.210742079280926 ], [ 44.575657633073838, 41.211164560192138 ], [ 44.575784028997148, 41.211345646210283 ], [ 44.575974406741928, 41.211618396121729 ], [ 44.576770148425055, 41.212164525165257 ], [ 44.578365154507232, 41.212713574213772 ], [ 44.579243752625025, 41.212807318622453 ], [ 44.581324119370549, 41.212452758236445 ], [ 44.582365828591215, 41.212034045373557 ], [ 44.582690698882622, 41.211220415735959 ], [ 44.582817670644737, 41.210104289112635 ], [ 44.582902570346036, 41.209319968115196 ], [ 44.583463740788048, 41.209050394565594 ], [ 44.584062382596954, 41.20917326927993 ], [ 44.584071513649448, 41.209180231078619 ], [ 44.584658929748251, 41.209628090777343 ], [ 44.585131983996448, 41.21065584636645 ], [ 44.585255330119629, 41.210802926496036 ], [ 44.58576661160032, 41.211412579278438 ], [ 44.587082320485862, 41.21190014727086 ], [ 44.588319446674774, 41.212176173836163 ], [ 44.589917376485737, 41.212272405200764 ], [ 44.591513809437807, 41.212610030949065 ], [ 44.592632014908425, 41.212734700184583 ], [ 44.593511381765445, 41.212707626646186 ], [ 44.594192983524323, 41.212347891432898 ], [ 44.594036116370006, 41.211864491163894 ], [ 44.593396475455293, 41.211539208431041 ], [ 44.592362943512491, 41.21101360220127 ], [ 44.591903512493083, 41.210744605735314 ], [ 44.591683770408821, 41.210615945507769 ], [ 44.587903510081517, 41.208402437262201 ], [ 44.586781281376126, 41.207896208194924 ], [ 44.586150207815933, 41.207611527352782 ], [ 44.585672492984941, 41.207290135760445 ], [ 44.585473749448454, 41.207156425817388 ], [ 44.585422156690932, 41.207045666799225 ], [ 44.58527661835172, 41.206733223848282 ], [ 44.585080251109815, 41.206189312315665 ], [ 44.585083869470431, 41.205615943781062 ], [ 44.585208504608914, 41.204861940910234 ], [ 44.585812245786926, 41.204170016559836 ], [ 44.585975496706396, 41.203627398224107 ], [ 44.58590280370754, 41.202480372237602 ], [ 44.585432839803353, 41.20096977950967 ], [ 44.584486111324026, 41.199034975251628 ], [ 44.584016012968632, 41.197554553676113 ], [ 44.583782977061148, 41.196497480711216 ], [ 44.584066846129268, 41.195834587143288 ], [ 44.584630371374793, 41.195172701750458 ], [ 44.585550789302097, 41.194934588809957 ], [ 44.585642159040333, 41.194970895270686 ], [ 44.586547119348282, 41.195330482057798 ], [ 44.587013568222211, 41.195836239131175 ], [ 44.587301096011792, 41.196147992411895 ], [ 44.588018351219439, 41.196452338591996 ], [ 44.588657595931117, 41.196454621746298 ], [ 44.589418394575397, 41.196185730364697 ], [ 44.589661310784436, 41.195673568252886 ], [ 44.589704274735347, 41.195190872581186 ], [ 44.590146381237204, 41.194769950932567 ], [ 44.590862175555579, 41.194744044059163 ], [ 44.590905651271449, 41.194742470390672 ], [ 44.591382635589184, 41.195136476788576 ], [ 44.591683555935312, 41.195351580603386 ], [ 44.592019059579968, 41.195591402657193 ], [ 44.592456103973987, 41.195985263972211 ], [ 44.593055951254613, 41.195896847572598 ], [ 44.593219494949182, 41.195293864389072 ], [ 44.593426157064037, 41.194178003296855 ], [ 44.593670899380307, 41.193364057918657 ], [ 44.593953349830905, 41.192912381602461 ], [ 44.594633441065412, 41.192763884114868 ], [ 44.595429668017239, 41.193219352776154 ], [ 44.595757759064988, 41.193814929248134 ], [ 44.596062209712592, 41.194307982250272 ], [ 44.596368487695528, 41.196481878367997 ], [ 44.597076915592837, 41.198234684909735 ], [ 44.597866952628316, 41.199716169119881 ], [ 44.59829650005053, 41.201347281948408 ], [ 44.598488540850632, 41.20261543058642 ], [ 44.599355082373997, 41.204670552115473 ], [ 44.599943800439924, 41.206422923988391 ], [ 44.600128177631099, 41.208958517989537 ], [ 44.600587819019708, 41.209918542633446 ], [ 44.601852923999338, 41.212176211937688 ], [ 44.602322736239742, 41.213787327434318 ], [ 44.602633199786084, 41.215317416316033 ], [ 44.60353420350966, 41.216125265274556 ], [ 44.60449045420804, 41.21661139790406 ], [ 44.605338452973754, 41.21737881419628 ], [ 44.606024195436675, 41.218548041623208 ], [ 44.606711886916017, 41.219395373506323 ], [ 44.607826876477326, 41.220083205535431 ], [ 44.608249356360474, 41.220728439288742 ], [ 44.608191988606762, 41.221412277898736 ], [ 44.60811973344542, 41.221479846137676 ], [ 44.607334528043225, 41.222214106200951 ], [ 44.606957877564717, 41.222816382209068 ], [ 44.606951137743096, 41.223943002030786 ], [ 44.606466683537228, 41.224746095136815 ], [ 44.606087356628038, 41.225790967115529 ], [ 44.605865008032254, 41.227319222167779 ], [ 44.605320208179471, 41.229288983205784 ], [ 44.604833272497785, 41.230494431747317 ], [ 44.604720140056294, 41.231580448482525 ], [ 44.604983489560993, 41.232104435162839 ], [ 44.605993764687362, 41.232510265241338 ], [ 44.607696472552675, 41.23299892008005 ], [ 44.609291409497537, 41.233688369808675 ], [ 44.60977117947661, 41.23413510302732 ], [ 44.610245569335099, 41.234576818653693 ], [ 44.610663632625631, 41.235986532544501 ], [ 44.610729610653401, 41.23630435982826 ], [ 44.610729995499042, 41.236306213685658 ], [ 44.610730635452896, 41.236309296436012 ], [ 44.61092275706639, 41.237234760984258 ], [ 44.610918704292658, 41.237918779147137 ], [ 44.610009667107164, 41.238398552832152 ], [ 44.609102292413048, 41.238596664289055 ], [ 44.607716369747806, 41.238591956414233 ], [ 44.606862530278661, 41.238749995473668 ], [ 44.606859881642549, 41.23919259546166 ], [ 44.607708196808069, 41.239959992712372 ], [ 44.60850394699019, 41.240606492744192 ], [ 44.610846326072405, 41.2411375080749 ], [ 44.613138755814354, 41.241104987775202 ], [ 44.615484254477074, 41.241112836155907 ], [ 44.618045088240265, 41.2407592164978 ], [ 44.620284195842224, 41.240726377924013 ], [ 44.621939709873097, 41.240208736822005 ], [ 44.623486278689803, 41.240093086723505 ], [ 44.625033302148992, 41.239896944010312 ], [ 44.626155015449548, 41.239498215766197 ], [ 44.62738309934074, 41.239140058837904 ], [ 44.628716412295127, 41.239023649030187 ], [ 44.630636757783989, 41.238788395190596 ], [ 44.631972089445675, 41.238309820944394 ], [ 44.633042901549047, 41.237468253411762 ], [ 44.633898904245093, 41.236907654747583 ], [ 44.634913908060874, 41.236508501540669 ], [ 44.637315217922286, 41.236033235415057 ], [ 44.639024224497049, 41.235435042182779 ], [ 44.640198859763288, 41.235076579700852 ], [ 44.641371504235678, 41.235080234273049 ], [ 44.642651192350691, 41.235003733045154 ], [ 44.644572459133563, 41.234567063541135 ], [ 44.646653822102394, 41.234090616145963 ], [ 44.648360754424736, 41.233854412127144 ], [ 44.649693282369306, 41.233858469168261 ], [ 44.65059854529531, 41.234022165568142 ], [ 44.651822554311515, 41.234388003104328 ], [ 44.652566010091135, 41.234913330899076 ], [ 44.652657832856299, 41.234943365473072 ], [ 44.653310964762987, 41.235156997373771 ], [ 44.653566345929598, 41.235149003685315 ], [ 44.654483824206025, 41.235120280998778 ], [ 44.655604646291359, 41.23484197408888 ], [ 44.656670895303122, 41.234804917419659 ], [ 44.657309049956588, 41.235088476717671 ], [ 44.658265976175379, 41.235574164746112 ], [ 44.659596247828524, 41.236020709240414 ], [ 44.661033973176039, 41.236306606103014 ], [ 44.662097966280776, 41.236712102149909 ], [ 44.662415306070947, 41.237195877851647 ], [ 44.663211563404687, 41.237842002084541 ], [ 44.663690067358914, 41.238084822610475 ], [ 44.66443612634977, 41.238127233657764 ], [ 44.665663978306377, 41.237768666551453 ], [ 44.666944914291378, 41.237450476120145 ], [ 44.667638073076326, 41.237412240000459 ], [ 44.668543429489034, 41.237575795572049 ], [ 44.669394880306456, 41.237859900708763 ], [ 44.670620882521376, 41.237863409731652 ], [ 44.672381536386581, 41.23754652914446 ], [ 44.673236205161523, 41.237186819715447 ], [ 44.674036563915394, 41.237028136864645 ], [ 44.674729114766436, 41.237110567793856 ], [ 44.675525295092079, 41.237796843922467 ], [ 44.676907846323488, 41.238484759481878 ], [ 44.678078388022897, 41.238930642987093 ], [ 44.678930290759816, 41.239134204573404 ], [ 44.679836485055191, 41.239136725107898 ], [ 44.680637438362147, 41.238857284848784 ], [ 44.681385078638513, 41.238577693293387 ], [ 44.682235430525843, 41.239103125127087 ], [ 44.684414773229378, 41.240396701896422 ], [ 44.685372364664161, 41.240801690198353 ], [ 44.686756618845095, 41.241167594877957 ], [ 44.687876070611118, 41.241170630313853 ], [ 44.688411052287044, 41.240769705187155 ], [ 44.688413724189175, 41.240206392471137 ], [ 44.687404921759843, 41.239358680002731 ], [ 44.686235270616734, 41.238711707061519 ], [ 44.68501542391418, 41.237420790382288 ], [ 44.683849120877795, 41.236089769485147 ], [ 44.683162389430649, 41.234800292449243 ], [ 44.682422774573844, 41.233430190842903 ], [ 44.682059404163731, 41.23141732669859 ], [ 44.681325312314542, 41.228920589693928 ], [ 44.680852475007136, 41.22751097654141 ], [ 44.680857751544252, 41.226424584163588 ], [ 44.681132232133528, 41.224775614135069 ], [ 44.682097557179553, 41.223530922983741 ], [ 44.683382595203057, 41.22228710203089 ], [ 44.684506746385139, 41.221244013018278 ], [ 44.685736480218949, 41.220402386491394 ], [ 44.686858836814551, 41.219721405682165 ], [ 44.688140846632017, 41.219081082693968 ], [ 44.689952305609431, 41.219166443288181 ], [ 44.691443652534019, 41.219331391786291 ], [ 44.692883410287465, 41.219134049595183 ], [ 44.694270432459419, 41.218815836613388 ], [ 44.695390622726173, 41.218577376883367 ], [ 44.696884011417303, 41.218299650977364 ], [ 44.697631348447949, 41.218019950988676 ], [ 44.69763412440566, 41.217416398734976 ], [ 44.696837402905054, 41.216850983559752 ], [ 44.695880087447669, 41.216446088975424 ], [ 44.695350385093583, 41.215760655450246 ], [ 44.695353368487389, 41.215116864459034 ], [ 44.695728419464473, 41.214675243687594 ], [ 44.696144275640748, 41.214676340367895 ], [ 44.696847421596317, 41.214678191261712 ], [ 44.697804901344504, 41.215042841022438 ], [ 44.698198208145939, 41.215150072001151 ], [ 44.698549984242533, 41.215245978634016 ], [ 44.699239965946177, 41.215247780313888 ], [ 44.700095285870418, 41.215250007986015 ], [ 44.700948049351361, 41.215211983832326 ], [ 44.701533285026969, 41.215414687832038 ], [ 44.701530545101349, 41.216018241412769 ], [ 44.701419769062539, 41.216943414256754 ], [ 44.701150221375599, 41.217626751090975 ], [ 44.70157287334046, 41.21843259320849 ], [ 44.70178620757514, 41.218583972768876 ], [ 44.701855547694343, 41.218633175497722 ], [ 44.702369656121974, 41.21899797567162 ], [ 44.703434354020914, 41.219242142704992 ], [ 44.704500506336466, 41.2191644061636 ], [ 44.705195435293973, 41.218683335218508 ], [ 44.705890172625239, 41.218242498646887 ], [ 44.706210745066514, 41.218113213181361 ], [ 44.706584183750138, 41.217962605216705 ], [ 44.706794645649147, 41.218566700824368 ], [ 44.706791811656032, 41.219202011446534 ], [ 44.706790517376007, 41.219492149971906 ], [ 44.707480958336667, 41.220016988903225 ], [ 44.708546046898611, 41.220180635070541 ], [ 44.710037645061142, 41.220305107933044 ], [ 44.712009388957497, 41.220310048684524 ], [ 44.713374564810664, 41.220423929855556 ], [ 44.713500996885891, 41.220434475814152 ], [ 44.714085267908096, 41.220878537242669 ], [ 44.714934084391494, 41.221765860088091 ], [ 44.715091063752411, 41.222287249158164 ], [ 44.715249301766363, 41.222812810137597 ], [ 44.715946918596224, 41.223242053094005 ], [ 44.717745552932136, 41.223246469451219 ], [ 44.719703550555394, 41.223371956650929 ], [ 44.721420457326332, 41.223798609368025 ], [ 44.723334571474055, 41.224859446728068 ], [ 44.724331432862122, 41.225435216423143 ], [ 44.725289475710795, 41.225739281320365 ], [ 44.726168465547616, 41.225831906696271 ], [ 44.727088305371119, 41.225713374992274 ], [ 44.728050108958826, 41.22511208698036 ], [ 44.728453307792421, 41.224268053136569 ], [ 44.728457171771446, 41.223332544032935 ], [ 44.727700621784294, 41.222636665592411 ], [ 44.727195471459638, 41.222005637485324 ], [ 44.727143933346404, 41.221941255846318 ], [ 44.727106218732146, 41.221397961722893 ], [ 44.727108724040761, 41.220794408263288 ], [ 44.727109465288734, 41.220615859141404 ], [ 44.727110603273168, 41.220341742451993 ], [ 44.726966692340703, 41.22020895237047 ], [ 44.726553185079666, 41.219827395272262 ], [ 44.725674906709052, 41.219583885280869 ], [ 44.724637775018515, 41.219098565014747 ], [ 44.723641767802576, 41.218341732010749 ], [ 44.723166487652939, 41.217314539374939 ], [ 44.723057493634585, 41.216980833684872 ], [ 44.722890286375673, 41.216468890435799 ], [ 44.722772807605921, 41.215895226018503 ], [ 44.722894610620308, 41.215442847647495 ], [ 44.72333612963628, 41.214991236756077 ], [ 44.724097103300117, 41.214600745492582 ], [ 44.724897905892689, 41.214240521650261 ], [ 44.72525846586219, 41.21403013480446 ], [ 44.725460427394331, 41.213517589200052 ], [ 44.725502785793033, 41.21294430639734 ], [ 44.725106431691486, 41.21215873214561 ], [ 44.725098851606681, 41.212152365289256 ], [ 44.724349790898451, 41.211523186731533 ], [ 44.723952952886599, 41.210858321066723 ], [ 44.723196467791652, 41.210192590072801 ], [ 44.722998310397543, 41.20979979903688 ], [ 44.722965989708435, 41.209599359383368 ], [ 44.722920421696564, 41.209316763199467 ], [ 44.723001996748771, 41.208924643907771 ], [ 44.723443596836034, 41.208442854895232 ], [ 44.724284921799565, 41.207931840868433 ], [ 44.725126485073126, 41.207360466478036 ], [ 44.725607388620965, 41.207029652363353 ], [ 44.726008998294247, 41.20654775804153 ], [ 44.726011512383877, 41.205944201274015 ], [ 44.7256549007705, 41.205219079982506 ], [ 44.725337121005722, 41.204765651945216 ], [ 44.725259220866356, 41.20428261633058 ], [ 44.725540061764789, 41.204011682322509 ], [ 44.72638106095782, 41.203561009232786 ], [ 44.727459418012465, 41.203684274882207 ], [ 44.727487690538474, 41.203702457439441 ], [ 44.728096698424338, 41.204094116957648 ], [ 44.728495579505797, 41.204350637388394 ], [ 44.729213335595873, 41.204714461273319 ], [ 44.730132627294864, 41.204656259873616 ], [ 44.731891779172678, 41.204418937026006 ], [ 44.732730714983362, 41.204400447837898 ], [ 44.733130606891407, 41.204391632521713 ], [ 44.734007612914489, 41.204906685973214 ], [ 44.734044155197573, 41.205751757705741 ], [ 44.734000170104828, 41.206747532895868 ], [ 44.733996387330521, 41.207683045128078 ], [ 44.734233343841524, 41.208377686919277 ], [ 44.734989556274044, 41.209133879842398 ], [ 44.73504362684006, 41.209174962004219 ], [ 44.736224599272028, 41.210072231394221 ], [ 44.737578360326545, 41.211312619964239 ], [ 44.738651590147533, 41.212763604686444 ], [ 44.739486875301552, 41.213761371099892 ], [ 44.740404139958024, 41.214246287953507 ], [ 44.741362332672615, 41.214489864428508 ], [ 44.742481453175643, 41.21446219059812 ], [ 44.743202108285715, 41.214131838370825 ], [ 44.743404990343691, 41.213347659996202 ], [ 44.743407697701102, 41.212653570947786 ], [ 44.74305239030344, 41.211536191679372 ], [ 44.742855526733933, 41.210781300464355 ], [ 44.742897966509034, 41.210147655448552 ], [ 44.743179701767183, 41.209635255484621 ], [ 44.743702518470549, 41.209562430176454 ], [ 44.743819436838962, 41.209546143784536 ], [ 44.744417451798554, 41.209909608051333 ], [ 44.745249982741619, 41.211631600636551 ], [ 44.746038865600887, 41.21431918781952 ], [ 44.746272714070969, 41.215858783249764 ], [ 44.746274114253708, 41.215880051718244 ], [ 44.746348222124794, 41.217005714962156 ], [ 44.746863713666919, 41.218063079747992 ], [ 44.747937836825407, 41.219363087350828 ], [ 44.749294080126646, 41.220060138700028 ], [ 44.751410663628668, 41.220517389535047 ], [ 44.754486403233727, 41.221006825874476 ], [ 44.757323825730204, 41.221103364130371 ], [ 44.759322359162567, 41.221077373023874 ], [ 44.760761882062098, 41.220899299808465 ], [ 44.762041742121092, 41.220660522355274 ], [ 44.762841107264819, 41.220662168682267 ], [ 44.763599527211674, 41.220935327483076 ], [ 44.764157027855276, 41.221509852018578 ], [ 44.764674785300592, 41.222023935289393 ], [ 44.765273890399989, 41.22214586813201 ], [ 44.765873964007781, 41.221996197812103 ], [ 44.76643513822232, 41.221544664327908 ], [ 44.767316693793369, 41.220912707526892 ], [ 44.767579066758387, 41.220609706739886 ], [ 44.767838412889212, 41.22031019812259 ], [ 44.768679757858749, 41.219738505188474 ], [ 44.769200290506987, 41.219467945684876 ], [ 44.770200004770174, 41.219319051203364 ], [ 44.770638698787614, 41.219591527048976 ], [ 44.771115789846263, 41.220316747141588 ], [ 44.77119735529611, 41.220576358088259 ], [ 44.771352975344236, 41.221071668190099 ], [ 44.771949363444421, 41.22197818978912 ], [ 44.772507572450927, 41.222371606936136 ], [ 44.773146665038801, 41.222493576911532 ], [ 44.773906496907074, 41.222374356644643 ], [ 44.774667981020563, 41.221772286018918 ], [ 44.775309030766863, 41.221320865503408 ], [ 44.775949968703657, 41.220899620272903 ], [ 44.776509935555282, 41.2207799937459 ], [ 44.777069287902997, 41.220841431674216 ], [ 44.777103510292072, 41.220863076842413 ], [ 44.777547887186827, 41.221144136605822 ], [ 44.777708102885391, 41.221326597740543 ], [ 44.777946043786294, 41.221597573685948 ], [ 44.779065171269316, 41.221599722647838 ], [ 44.779945091476144, 41.221420335521024 ], [ 44.780624659669833, 41.221391452111639 ], [ 44.78202306538558, 41.221544992365338 ], [ 44.782821743557299, 41.221757745261051 ], [ 44.78426042672362, 41.221820799672436 ], [ 44.785539827270796, 41.221702473030042 ], [ 44.787459213263297, 41.221434422297953 ], [ 44.791537842813469, 41.22086848103126 ], [ 44.792776863608196, 41.220870712804185 ], [ 44.793459106888378, 41.221101122617085 ], [ 44.793854876380038, 41.22123478081037 ], [ 44.794292831851664, 41.221778767300762 ], [ 44.794370222771526, 41.222593711761498 ], [ 44.793887846920946, 41.223468013714218 ], [ 44.792883750618302, 41.22500529482712 ], [ 44.792281327745492, 41.225909552772436 ], [ 44.791798612378813, 41.226874378478968 ], [ 44.791796223940302, 41.22762882420227 ], [ 44.792032861432375, 41.228220898923972 ], [ 44.79207383676259, 41.228323419401896 ], [ 44.792831231592501, 41.2289886971461 ], [ 44.793429125728203, 41.229532972943815 ], [ 44.793947648564334, 41.22989603638473 ], [ 44.794826416983824, 41.230108849073922 ], [ 44.795666433418866, 41.229929271915424 ], [ 44.796507380990803, 41.229447909460319 ], [ 44.797229046938291, 41.228755085414321 ], [ 44.799673112745161, 41.226888318712703 ], [ 44.801837152433528, 41.22505119701065 ], [ 44.803081312010548, 41.223363356568846 ], [ 44.804126552128601, 41.221343207214524 ], [ 44.80501006777866, 41.219926334802182 ], [ 44.806053414162648, 41.218509724537256 ], [ 44.806616765731697, 41.217213013255623 ], [ 44.807179565621553, 41.21609736655742 ], [ 44.807540755370759, 41.215584942388205 ], [ 44.808141113157859, 41.215284161689908 ], [ 44.808820520595354, 41.215285288896993 ], [ 44.809698616317441, 41.215679055122401 ], [ 44.810457000705902, 41.216012262067245 ], [ 44.811095842285972, 41.216224555892744 ], [ 44.811696104367002, 41.215953933877536 ], [ 44.812856733148742, 41.215382439140818 ], [ 44.81449896196434, 41.214087432208096 ], [ 44.815499084177823, 41.213726897981189 ], [ 44.816338500818844, 41.213667881452892 ], [ 44.81693796082736, 41.21366883323028 ], [ 44.818295740929202, 41.214033115490103 ], [ 44.81933249307933, 41.214879728803417 ], [ 44.820650100203309, 41.215334454968136 ], [ 44.82264868034656, 41.21521683091423 ], [ 44.826886245644388, 41.21474041433197 ], [ 44.830483851928633, 41.214443971955859 ], [ 44.833560439506151, 41.214720052231357 ], [ 44.835957348570744, 41.21511579805199 ], [ 44.837994004039665, 41.215752412854123 ], [ 44.839111633249765, 41.216327359283426 ], [ 44.84042940709984, 41.216781859333125 ], [ 44.841308660148563, 41.216783070718236 ], [ 44.84254811266117, 41.216573520698546 ], [ 44.843668161021007, 41.216152550238725 ], [ 44.844869406088954, 41.215188471457218 ], [ 44.846231320378266, 41.213862457258003 ], [ 44.847033338848512, 41.212686576538275 ], [ 44.847635585604465, 41.21148024937014 ], [ 44.847838119474936, 41.210303570533306 ], [ 44.848039391560597, 41.209670094112411 ], [ 44.848599758484234, 41.209278514431091 ], [ 44.849559178089621, 41.209128877601117 ], [ 44.85039795617184, 41.209311036403733 ], [ 44.852156263091977, 41.209313300805505 ], [ 44.853515759282033, 41.208952895891123 ], [ 44.855515413392617, 41.208231140291623 ], [ 44.856435763408108, 41.207658902744313 ], [ 44.857275717568967, 41.207297806280103 ], [ 44.858394866533104, 41.207178471014508 ], [ 44.859913355437115, 41.207180322730608 ], [ 44.861392136376537, 41.20706139433122 ], [ 44.862271891731169, 41.206760665881994 ], [ 44.863271829636865, 41.206309181008699 ], [ 44.864072082805002, 41.205797097081188 ], [ 44.864952178883335, 41.205315279510586 ], [ 44.866591236250514, 41.204955045617886 ], [ 44.868429343631945, 41.204957153034378 ], [ 44.87054740176135, 41.204838833774197 ], [ 44.875143068269971, 41.204632643459824 ], [ 44.877101213431018, 41.204544208487292 ], [ 44.879179560543982, 41.204274796466215 ], [ 44.881457140078425, 41.204307333577425 ], [ 44.883095439030505, 41.204309001966116 ], [ 44.884253759330107, 41.204581770529835 ], [ 44.885810946815596, 41.205277416446272 ], [ 44.888285446649036, 41.20703016745648 ], [ 44.890800238362871, 41.208662188919938 ], [ 44.89234640886761, 41.20961601141137 ], [ 44.893130408716061, 41.209658612739737 ], [ 44.894567281459508, 41.210701081574101 ], [ 44.896193367407669, 41.211279273152698 ], [ 44.897819458439415, 41.211640651040561 ], [ 44.898111542039992, 41.21182222855716 ], [ 44.899507132642938, 41.211718073756209 ], [ 44.900386321131762, 41.211718833999718 ], [ 44.900921873647619, 41.211883597489127 ], [ 44.902078812402387, 41.208748459377546 ], [ 44.903421709251788, 41.207837067501124 ], [ 44.904378763317226, 41.206426483757966 ], [ 44.904204386726477, 41.204349120197236 ], [ 44.904820820691015, 41.203502709924429 ], [ 44.902849862985676, 41.200153573813296 ], [ 44.902241477995794, 41.198327717120186 ], [ 44.902232693224526, 41.19555331574464 ], [ 44.902838472743944, 41.193448228267357 ], [ 44.902025802529522, 41.192437116271293 ], [ 44.898964511217834, 41.193456494111636 ], [ 44.897400681874267, 41.19198970787032 ], [ 44.892931768188213, 41.19079295823046 ], [ 44.891104029008275, 41.189938624323609 ], [ 44.890822335460101, 41.189128390950451 ], [ 44.892059380906666, 41.187751084856416 ], [ 44.890927431434221, 41.187122341182771 ], [ 44.888659063579368, 41.187585163889473 ], [ 44.884431714204226, 41.186509298070291 ], [ 44.880919986168088, 41.183156292181863 ], [ 44.880972528393663, 41.181953891510013 ], [ 44.879900068344156, 41.180722136242522 ], [ 44.878393709422866, 41.180573804380593 ], [ 44.8736850584108, 41.181489530820187 ], [ 44.869143658585287, 41.183221411741464 ], [ 44.866041201717081, 41.183381993330428 ], [ 44.865136707517813, 41.183084555842022 ], [ 44.860041880361152, 41.178111378376308 ], [ 44.861496900744953, 41.178322365989771 ], [ 44.864199709499296, 41.179472345495761 ], [ 44.866674200240645, 41.179905404724217 ], [ 44.86946493986035, 41.179448118657618 ], [ 44.870895883504041, 41.17862644710371 ], [ 44.871345691888081, 41.17651842252603 ], [ 44.86932471830896, 41.176165228444454 ], [ 44.868433184356, 41.175309404949523 ], [ 44.868914344574179, 41.171583534899447 ], [ 44.86823336056068, 41.168846302443043 ], [ 44.868094671192317, 41.16292663300267 ], [ 44.868794610843153, 41.159403555833151 ], [ 44.86879069061969, 41.157133563371723 ], [ 44.867609794634269, 41.155279028455439 ], [ 44.869671705958957, 41.152315113960121 ], [ 44.869926941585263, 41.150521038242054 ], [ 44.868743808044137, 41.148365254385247 ], [ 44.86879165867601, 41.14661768271953 ], [ 44.865807712068396, 41.142646257309941 ], [ 44.866255654119968, 41.140785495010761 ], [ 44.867009379095016, 41.128844187886699 ], [ 44.874814023100704, 41.123312001221201 ], [ 44.879069839295944, 41.120918760270378 ], [ 44.877534423454343, 41.117370311840844 ], [ 44.885783093427946, 41.113804978847689 ], [ 44.886969330554237, 41.118198332291939 ], [ 44.888204739844099, 41.118746507996605 ], [ 44.889684384666239, 41.117517255303454 ], [ 44.890856246138377, 41.114923314128085 ], [ 44.892734552804491, 41.112366164781115 ], [ 44.894579718623802, 41.111574223140792 ], [ 44.901834587583359, 41.110495866183989 ], [ 44.91260665883906, 41.109882787811458 ], [ 44.913648194194991, 41.109640307346233 ], [ 44.915163889436748, 41.108711302663146 ], [ 44.917665579193383, 41.106466479724162 ], [ 44.920977079054708, 41.101805709517393 ], [ 44.919351428965101, 41.099972926629327 ], [ 44.920813329964169, 41.098021531923422 ], [ 44.925567306035063, 41.094672748524118 ], [ 44.925745695109306, 41.092075998405534 ], [ 44.926977844137845, 41.090316678305349 ], [ 44.927965984090456, 41.087678694347225 ], [ 44.92743768031918, 41.085565244893424 ], [ 44.927665208847152, 41.085164713436747 ], [ 44.930107493070061, 41.084164532936263 ], [ 44.932902707522153, 41.081784514970209 ], [ 44.935647368294745, 41.080970422046946 ], [ 44.937805551723038, 41.077894232441551 ], [ 44.938744065171406, 41.077336371260536 ], [ 44.936717888688158, 41.074359067390716 ], [ 44.934651775606895, 41.073039470804538 ], [ 44.932742187443289, 41.073294240142161 ], [ 44.931964601020653, 41.073011181653669 ], [ 44.928791350366637, 41.069155803338766 ], [ 44.927101969799665, 41.067651105867 ], [ 44.919150561604447, 41.064585597617096 ], [ 44.916317536598676, 41.06293065916875 ], [ 44.915654997136969, 41.061838280458907 ], [ 44.914558000639659, 41.061053969409812 ], [ 44.910166115829924, 41.060356516613759 ], [ 44.908621087109125, 41.059614445324009 ], [ 44.908902659830503, 41.056697326472232 ], [ 44.908004036684545, 41.054876109097535 ], [ 44.905899405562614, 41.052251044870033 ], [ 44.903744761274041, 41.052138338450263 ], [ 44.902244925278808, 41.051491982906278 ], [ 44.901214040181117, 41.05148460540066 ], [ 44.899428752132671, 41.052072749419025 ], [ 44.896252360925871, 41.051426454224647 ], [ 44.893515743419542, 41.049314669313333 ], [ 44.889367221726246, 41.048876599038799 ], [ 44.887481462734755, 41.047896806954114 ], [ 44.885134546428453, 41.048637207331772 ], [ 44.8830524966952, 41.04861939350797 ], [ 44.88191388868929, 41.047919039693085 ], [ 44.879961461951353, 41.045407164396892 ], [ 44.878017763536292, 41.04187287895617 ], [ 44.864962433406177, 41.044510508718062 ], [ 44.862236116406251, 41.040095054754666 ], [ 44.855486147185914, 41.037754620593709 ], [ 44.855112063278021, 41.040230373498474 ], [ 44.854288429658659, 41.041598051864106 ], [ 44.851179818327616, 41.043593075077908 ], [ 44.847595915685005, 41.045317261171604 ], [ 44.838127423055042, 41.051247172014818 ], [ 44.835815655012361, 41.047525181426664 ], [ 44.835036954352489, 41.044984804212831 ], [ 44.8337679724171, 41.043551244193729 ], [ 44.833545640994146, 41.042101217965353 ], [ 44.827310137254145, 41.038877406273258 ], [ 44.822687800474426, 41.042812266867102 ], [ 44.818622439198741, 41.045409091922217 ], [ 44.815629069002739, 41.046493637182287 ], [ 44.814096773429803, 41.047976274205936 ], [ 44.811881186346142, 41.048703846115217 ], [ 44.810423366471241, 41.046897849059924 ], [ 44.807965638503944, 41.04581593608048 ], [ 44.804926178718169, 41.045611829716563 ], [ 44.802169063335725, 41.046053752837963 ], [ 44.800454571837399, 41.04349170687486 ], [ 44.80018098436954, 41.041539049494837 ], [ 44.797949788422763, 41.038930188998307 ], [ 44.795013819787727, 41.038020937192861 ], [ 44.794166175558509, 41.037150866085518 ], [ 44.793314381271287, 41.03493432994717 ], [ 44.790675742054304, 41.034438927057472 ], [ 44.789857688270466, 41.033525006182174 ], [ 44.789952094516337, 41.03160267027598 ], [ 44.788895077887382, 41.029679112009319 ], [ 44.784186550991464, 41.026615600776218 ], [ 44.781067218738286, 41.026363382806288 ], [ 44.78171359284061, 41.025654362620095 ], [ 44.781895978930571, 41.022813446013636 ], [ 44.778455241682089, 41.01967936958345 ], [ 44.776922067818688, 41.01777415112857 ], [ 44.7829953626376, 41.013607162702705 ], [ 44.783223794927608, 41.012326985672964 ], [ 44.784933579755503, 41.010915328478021 ], [ 44.786806924779945, 41.008186748019824 ], [ 44.787301019478342, 41.008085625855095 ], [ 44.790363289724468, 41.005251102234269 ], [ 44.79124703355312, 40.995190096291502 ], [ 44.794454637121127, 40.995560474156989 ], [ 44.795187348267753, 40.99511337947245 ], [ 44.796963631657242, 40.995140272816514 ], [ 44.797403751424874, 40.995457256603025 ], [ 44.799431988077103, 40.995432757066666 ], [ 44.800583476493536, 40.995952872562611 ], [ 44.804144347979111, 40.9966343764901 ], [ 44.80677521651377, 40.996166990592599 ], [ 44.809017030704346, 40.996711571554421 ], [ 44.808275965329003, 40.995787749593831 ], [ 44.807996168265412, 40.994379091889847 ], [ 44.809144773465725, 40.992625870351553 ], [ 44.808708558406835, 40.989681420783242 ], [ 44.809143890360858, 40.988522940131197 ], [ 44.808980356036088, 40.987615475610077 ], [ 44.808046123407429, 40.986917830496708 ], [ 44.807956554030739, 40.985438198530318 ], [ 44.807239892178224, 40.984303003009117 ], [ 44.80547188810754, 40.982888848060703 ], [ 44.80396177072906, 40.980433499534193 ], [ 44.801056393455596, 40.977950536357383 ], [ 44.801190255447466, 40.976436637409527 ], [ 44.80601762582446, 40.973538675936638 ], [ 44.80849344122047, 40.969548722995782 ], [ 44.809198351593722, 40.967461862473954 ], [ 44.811557763016168, 40.969141124747473 ], [ 44.814079199747681, 40.969197219529633 ], [ 44.821754141166849, 40.970838752251048 ], [ 44.828343798063273, 40.97278396004517 ], [ 44.829146788698509, 40.970878517793047 ], [ 44.831729048878167, 40.968646168322209 ], [ 44.833111110356121, 40.966990488898723 ], [ 44.835832314477983, 40.97325669659412 ], [ 44.844446063688103, 40.974288419161503 ], [ 44.848362580468354, 40.972413794253612 ], [ 44.85173326985462, 40.969074775560827 ], [ 44.854709493339222, 40.96428841065336 ], [ 44.85861354031892, 40.962758279290441 ], [ 44.85933685024208, 40.96189486987609 ], [ 44.863821181870676, 40.961681708993609 ], [ 44.865688964944198, 40.961159044313348 ], [ 44.870011084364101, 40.960578651828129 ], [ 44.872883626602821, 40.951337663989058 ], [ 44.87338728151056, 40.948178715413256 ], [ 44.875196865749643, 40.946106326438219 ], [ 44.873640774564478, 40.943625926250157 ], [ 44.873969659379398, 40.942415086314135 ], [ 44.875294513766669, 40.941667766225699 ], [ 44.878711247137147, 40.941153028506541 ], [ 44.883507393987422, 40.941513167071491 ], [ 44.890401712956894, 40.941447576206563 ], [ 44.891164234299936, 40.940509823996692 ], [ 44.892230977502244, 40.939933803900146 ], [ 44.893136251572727, 40.938748852064194 ], [ 44.893634696791324, 40.937347489502862 ], [ 44.894963971317488, 40.936001614064537 ], [ 44.89517041164315, 40.933477844752716 ], [ 44.896486075764372, 40.932094974631084 ], [ 44.896981668338256, 40.930931080378528 ], [ 44.902410536710036, 40.926054980816446 ], [ 44.903808652411854, 40.925489010066826 ], [ 44.904169955067474, 40.924880843262102 ], [ 44.905726360454707, 40.924086510493936 ], [ 44.904777131846672, 40.923402214876134 ], [ 44.903590921071746, 40.92342869329925 ], [ 44.901518973117831, 40.922575584550323 ], [ 44.898218757804479, 40.92233338568132 ], [ 44.897152090084759, 40.921767481598287 ], [ 44.894424149337389, 40.921655169260603 ], [ 44.893600837677148, 40.922163271604909 ], [ 44.893006138465111, 40.921536163183269 ], [ 44.892206469263648, 40.921727666720848 ], [ 44.890768693980611, 40.921082889958207 ], [ 44.886361477294408, 40.91685715493211 ], [ 44.882557689116553, 40.914099120639548 ], [ 44.881560549376346, 40.912641316347937 ], [ 44.880321554384494, 40.911840895559862 ], [ 44.879686390488303, 40.910496628645546 ], [ 44.878236193708595, 40.909093280000072 ], [ 44.875972803516639, 40.908158724037996 ], [ 44.870554902219418, 40.907966022361819 ], [ 44.866256391663129, 40.90875420854367 ], [ 44.863790759476203, 40.909810802762053 ], [ 44.862055358865426, 40.907652803355099 ], [ 44.86068727694817, 40.906844911932048 ], [ 44.85911937045276, 40.906530455888493 ], [ 44.860851452081917, 40.901729611866543 ], [ 44.864004321636934, 40.898396732565672 ], [ 44.866142924726468, 40.894653412349754 ], [ 44.863417546736464, 40.892102462697274 ], [ 44.861694967970983, 40.891122393558405 ], [ 44.861369474946073, 40.889765972850618 ], [ 44.861906284774449, 40.883786868583115 ], [ 44.864266131000527, 40.881818720547166 ], [ 44.865734650169934, 40.879471873302101 ], [ 44.864374889958832, 40.878232821418919 ], [ 44.864017179570439, 40.877095821883884 ], [ 44.86433943725919, 40.876479321076339 ], [ 44.863773489426229, 40.874782168349832 ], [ 44.864367409072216, 40.872763005192027 ], [ 44.863613807318288, 40.871516688584528 ], [ 44.865458646187541, 40.867101983652503 ], [ 44.865025174303355, 40.863908284155066 ], [ 44.865367219458655, 40.860462117571785 ], [ 44.86252839504084, 40.855460746574472 ], [ 44.861785892027441, 40.855215345597543 ], [ 44.859627216126221, 40.855300388977511 ], [ 44.858601193753834, 40.854894385231617 ], [ 44.857408566256822, 40.853578684010387 ], [ 44.856210171284033, 40.854571267369259 ], [ 44.854994819103013, 40.854866626670756 ], [ 44.856010005541783, 40.852349187333942 ], [ 44.855821464613371, 40.850998199481985 ], [ 44.859440551066314, 40.846318731320906 ], [ 44.85770722778409, 40.845056061867588 ], [ 44.85756190744371, 40.84418906380283 ], [ 44.858685185075316, 40.842780943222586 ], [ 44.85677185944089, 40.842103684958559 ], [ 44.856771733549337, 40.840319125500102 ], [ 44.857152674578117, 40.839385548171585 ], [ 44.856544900219532, 40.838639437441614 ], [ 44.851577417237451, 40.836978038951898 ], [ 44.847844650622754, 40.832063396211659 ], [ 44.845115111349571, 40.82735397706417 ], [ 44.842554228872388, 40.823861643909055 ], [ 44.838035195217905, 40.820926868616574 ], [ 44.833684291652418, 40.82005189893475 ], [ 44.834519002558757, 40.819364807847734 ], [ 44.834540838018981, 40.818633193458787 ], [ 44.831470234367949, 40.818653151142875 ], [ 44.829805301957052, 40.818073077949677 ], [ 44.827063965815647, 40.81845482406672 ], [ 44.825031585292855, 40.817152371135435 ], [ 44.822403232468645, 40.818494942540156 ], [ 44.820841333460301, 40.818795564943215 ], [ 44.814933092298773, 40.819028167448927 ], [ 44.808429269061293, 40.814571858196381 ], [ 44.805736401674842, 40.815242437400265 ], [ 44.802759800049628, 40.81554598143304 ], [ 44.801838033850046, 40.814635654811369 ], [ 44.797860708510662, 40.81496945321004 ], [ 44.79454012974476, 40.814276306582236 ], [ 44.79197318141938, 40.813273302849673 ], [ 44.789981788610191, 40.810840250577677 ], [ 44.788274651393586, 40.807148741990481 ], [ 44.785901999018229, 40.805338855931289 ], [ 44.782245343552624, 40.803683497516808 ], [ 44.778824668597295, 40.803611028656043 ], [ 44.77720437030279, 40.803092284269518 ], [ 44.775063985580687, 40.802947026719195 ], [ 44.77417361841043, 40.802583887946462 ], [ 44.76555869186118, 40.801152443789327 ], [ 44.76482386441689, 40.79819691286459 ], [ 44.764759727072381, 40.796194740451035 ], [ 44.763637961872689, 40.79647262041594 ], [ 44.763052603008937, 40.797156346601952 ], [ 44.759151843975836, 40.797761955863777 ], [ 44.756161824915417, 40.796688816915768 ], [ 44.75321712133578, 40.796858719142683 ], [ 44.751136485011529, 40.7949971705143 ], [ 44.746716513309529, 40.794012783859593 ], [ 44.743526907874958, 40.791498600832099 ], [ 44.736634200174855, 40.789173110057057 ], [ 44.735310774511625, 40.78780172903388 ], [ 44.736657159156977, 40.786243503975591 ], [ 44.737955795970898, 40.783788764669438 ], [ 44.738683708021824, 40.781483235849961 ], [ 44.738644168079993, 40.775880021402145 ], [ 44.741201458207037, 40.772902992629817 ], [ 44.741782834779656, 40.768677467074191 ], [ 44.744250930526484, 40.765470765301828 ], [ 44.748580645414101, 40.763719834155864 ], [ 44.755359361240117, 40.754616960549761 ], [ 44.758200824460083, 40.756044033140618 ], [ 44.760902870628726, 40.753818820785533 ], [ 44.76198648008026, 40.748842282881171 ], [ 44.759909640889369, 40.744886202221352 ], [ 44.770614453663292, 40.741723261464635 ], [ 44.774709317498754, 40.73837601378802 ], [ 44.774238550020847, 40.736535532526503 ], [ 44.776583989337581, 40.736849539983133 ], [ 44.780737084542928, 40.737984459642249 ], [ 44.782504317199518, 40.736511526438107 ], [ 44.784339014302645, 40.734112520228386 ], [ 44.784700237561367, 40.733071616157112 ], [ 44.785947320388523, 40.732185809277027 ], [ 44.788558058041552, 40.731520625687594 ], [ 44.792473569055751, 40.729462940014926 ], [ 44.792869402628341, 40.728293479915386 ], [ 44.792694326590961, 40.726880015092519 ], [ 44.794815653119819, 40.725287387562858 ], [ 44.795763849788628, 40.722350193108987 ], [ 44.797282095053092, 40.719747295106906 ], [ 44.798659156337557, 40.718964202153437 ], [ 44.798335878861721, 40.717258566302547 ], [ 44.79940291250297, 40.713531495784082 ], [ 44.799095465200935, 40.712506156826571 ], [ 44.795324208337227, 40.710624494161728 ], [ 44.794783138187384, 40.709764435674302 ], [ 44.792901310978955, 40.708353163551905 ], [ 44.789357872909292, 40.707454737551579 ], [ 44.788464877515018, 40.706364639951161 ], [ 44.784555958156872, 40.703595359349755 ], [ 44.781452240275485, 40.701906435186501 ], [ 44.778402924922737, 40.701555400007408 ], [ 44.771655647089567, 40.697430529650319 ], [ 44.767027474827216, 40.68878591876237 ], [ 44.766188447422458, 40.686239935322035 ], [ 44.766309988499785, 40.683101060921807 ], [ 44.76734602491252, 40.677930250722177 ], [ 44.762263647955841, 40.67094195996755 ], [ 44.760555416445506, 40.670118123712783 ], [ 44.756048195431767, 40.672431205673561 ], [ 44.75289270849575, 40.67534495087753 ], [ 44.750418533953415, 40.675646801569904 ], [ 44.742985267793593, 40.678630191572154 ], [ 44.733907968368101, 40.677271664543589 ], [ 44.728623811323942, 40.67831576125824 ], [ 44.725010906626586, 40.674424229252402 ], [ 44.720265383143548, 40.670025708617665 ], [ 44.71294896700693, 40.673425206375882 ], [ 44.712056139059101, 40.675896783661457 ], [ 44.701213902193828, 40.678529536363577 ], [ 44.700370869608271, 40.679022656309805 ], [ 44.698951785072154, 40.679093297287864 ], [ 44.697489037721752, 40.677966729523781 ], [ 44.695813487988836, 40.6776302853917 ], [ 44.693409084497681, 40.677690334720388 ], [ 44.691719724465848, 40.676821937741103 ], [ 44.689076705767576, 40.676084363103179 ], [ 44.687690159439413, 40.676154405863628 ], [ 44.68539749792415, 40.677322601351158 ], [ 44.684538168696193, 40.676910530710117 ], [ 44.683150140079206, 40.677240842131773 ], [ 44.681206426346378, 40.678470521746867 ], [ 44.678972937620884, 40.680687282789528 ], [ 44.675514666325235, 40.681593840208571 ], [ 44.673200431471145, 40.682746642658984 ], [ 44.672419008592122, 40.682579642007425 ], [ 44.671327018978168, 40.677199156420009 ], [ 44.664528188057005, 40.670297701818299 ], [ 44.665687295432612, 40.66781073302753 ], [ 44.664212208570603, 40.667489514402412 ], [ 44.66035167275885, 40.668504803863591 ], [ 44.654732790005042, 40.666461986540128 ], [ 44.649502524707323, 40.662538008242805 ], [ 44.642242572125959, 40.6645869156009 ], [ 44.637466191625954, 40.659988413321443 ], [ 44.630758505093759, 40.658148517981928 ], [ 44.631111130248456, 40.661970594396614 ], [ 44.630438174690468, 40.6636074174763 ], [ 44.631029360456871, 40.66472873860711 ], [ 44.632099296780218, 40.665446847935968 ], [ 44.632657775321348, 40.666468406248292 ], [ 44.632577421346319, 40.667875927927369 ], [ 44.630777675196946, 40.669406892539087 ], [ 44.630239692306894, 40.671055107338461 ], [ 44.629069400197082, 40.672200421635409 ], [ 44.626822014146498, 40.673157085733507 ], [ 44.623602307426083, 40.673257387552837 ], [ 44.621201930035454, 40.673797114000749 ], [ 44.600226108381463, 40.673860762779803 ], [ 44.598949260389958, 40.674495698471894 ], [ 44.597454149263378, 40.674320662960668 ], [ 44.595255577377735, 40.674597482182321 ], [ 44.593190211501849, 40.682072581080213 ], [ 44.591684053986555, 40.683483050320007 ], [ 44.59073780218246, 40.686375992068932 ], [ 44.594016112365679, 40.694683904611139 ], [ 44.599432609088367, 40.695480955069534 ], [ 44.597180326191186, 40.697898105357687 ], [ 44.597419559271543, 40.70064885919075 ], [ 44.596178320369674, 40.703022425705491 ], [ 44.596079877796484, 40.704125966421103 ], [ 44.596483219115179, 40.7057900686765 ], [ 44.594350345384576, 40.704825993262588 ], [ 44.591156360371947, 40.70458514029356 ], [ 44.587598468884778, 40.706236967492799 ], [ 44.585036218810409, 40.708299129786631 ], [ 44.580750475977098, 40.709135213832333 ], [ 44.577609695521105, 40.710441474827654 ], [ 44.569030664434209, 40.709127778769442 ], [ 44.563222027302572, 40.708811778067151 ], [ 44.559345755159278, 40.711763453603744 ], [ 44.554052654042167, 40.711743575705412 ], [ 44.551004684313767, 40.709493038306938 ], [ 44.545354194514928, 40.703554810981593 ], [ 44.538749196793255, 40.699550381591436 ], [ 44.533473264860177, 40.697937024671333 ], [ 44.530574871141418, 40.698267383829204 ], [ 44.523328357160004, 40.702681469040144 ], [ 44.520168758751765, 40.705167174677534 ], [ 44.515282153732116, 40.706592560605571 ], [ 44.498973734540726, 40.707524131581707 ], [ 44.495226171932345, 40.715239244027167 ], [ 44.486228914254006, 40.710692381992935 ], [ 44.483124534232502, 40.711297464246265 ], [ 44.477428236579954, 40.709971879581133 ], [ 44.472362599714131, 40.708368276379858 ], [ 44.471599631547704, 40.706776411940098 ], [ 44.468646594846675, 40.705436166121423 ], [ 44.464838560520981, 40.704441012628941 ], [ 44.457187524052848, 40.705783385975302 ], [ 44.453555348577567, 40.706763973522762 ], [ 44.447837017112988, 40.705270420084318 ], [ 44.444205415056345, 40.703597122222384 ], [ 44.437267113394327, 40.702994708762496 ], [ 44.432227965322916, 40.701269248906286 ], [ 44.42758871620871, 40.695847892174775 ], [ 44.423665079580516, 40.693846221001508 ], [ 44.4220560827615, 40.693424897867935 ], [ 44.419047700353147, 40.693861820452568 ], [ 44.413514822722057, 40.69630682693365 ], [ 44.410964474814271, 40.696758779111661 ], [ 44.407828424593468, 40.696251964816156 ], [ 44.40463744157033, 40.69340261307962 ], [ 44.403707313269507, 40.69301036384995 ], [ 44.401705401268153, 40.692883769612969 ] ] ] ] } },
{ "type": "Feature", "id": 7, "properties": { "cadastre_code": "07", "name_hy": "Կոտայք", "name_en": "Kotayk", "name_ru": "Котайк", "type": "province", "province_hy": "Կոտայք", "province_en": "Kotayk", "province_ru": "Котайк", "name_alt": null }, "geometry": { "type": "MultiPolygon", "coordinates": [ [ [ [ 44.397740772517025, 40.224631000349554 ], [ 44.396735147817232, 40.225436472597941 ], [ 44.396329518281782, 40.226573484256512 ], [ 44.399158544064662, 40.228033838945258 ], [ 44.400080695163581, 40.227804070485469 ], [ 44.401449793368215, 40.228091171032361 ], [ 44.402842509183323, 40.229074982454598 ], [ 44.403520525818145, 40.229994803430081 ], [ 44.402616384948224, 40.23190621812526 ], [ 44.40307734826451, 40.233508814952216 ], [ 44.402711298642799, 40.234645700438499 ], [ 44.400327684973547, 40.236393964748324 ], [ 44.399344531135348, 40.237731197635178 ], [ 44.399366663511259, 40.238247512936574 ], [ 44.395926072486795, 40.240923189592046 ], [ 44.394229212534043, 40.241335083664559 ], [ 44.392920865193538, 40.242263066968007 ], [ 44.391778649781244, 40.241545410815831 ], [ 44.390903078830746, 40.242261022911627 ], [ 44.391483213335853, 40.24479917508922 ], [ 44.391948670184924, 40.245446160634977 ], [ 44.391392704812787, 40.246003274281648 ], [ 44.391971873103493, 40.24714073109589 ], [ 44.391111421833166, 40.248469214745036 ], [ 44.389453658963255, 40.253215175519777 ], [ 44.386723536230512, 40.253236745565232 ], [ 44.387374091143002, 40.255583055736288 ], [ 44.392449451253945, 40.259260421405209 ], [ 44.39595749481834, 40.260720615096773 ], [ 44.399834202009544, 40.265751276876081 ], [ 44.399378311004959, 40.266857838281204 ], [ 44.401795473707949, 40.26779543241836 ], [ 44.403997440413669, 40.26719871878467 ], [ 44.405428124221217, 40.267521799780731 ], [ 44.40680981956671, 40.267009993198094 ], [ 44.40826590120485, 40.268068985548183 ], [ 44.409674349816328, 40.268612804606079 ], [ 44.409335406717979, 40.271728396029815 ], [ 44.410258034022846, 40.273770105527277 ], [ 44.416011491759711, 40.275695566894754 ], [ 44.418338605885502, 40.275031801999816 ], [ 44.422028128959994, 40.278829932468291 ], [ 44.428419005693328, 40.28315546072335 ], [ 44.425721422550751, 40.28413363607342 ], [ 44.425649899159033, 40.28563722533805 ], [ 44.423165513302976, 40.287389972779053 ], [ 44.419449930704452, 40.29282880962073 ], [ 44.414863172216045, 40.301018839609561 ], [ 44.409677686076215, 40.299676435419833 ], [ 44.405849879827642, 40.295990866764612 ], [ 44.402694704032825, 40.294137589762336 ], [ 44.401437222807523, 40.292883863644633 ], [ 44.397540487582255, 40.295344615720182 ], [ 44.397261352810609, 40.29590993926157 ], [ 44.383121582826163, 40.290405181153169 ], [ 44.381738567527535, 40.295374877190625 ], [ 44.383368403632794, 40.295889086242568 ], [ 44.383783881674169, 40.297326516520592 ], [ 44.383271400265649, 40.299193612484316 ], [ 44.38192411463109, 40.300595742213744 ], [ 44.378468972260357, 40.300235564588455 ], [ 44.37716835824606, 40.300499359678525 ], [ 44.376850052732962, 40.30101465696616 ], [ 44.378111752599949, 40.301765018147556 ], [ 44.3784228845523, 40.302862070571614 ], [ 44.378058655026599, 40.303871488324191 ], [ 44.376695020089542, 40.304955204126003 ], [ 44.376530146771096, 40.305961293159932 ], [ 44.376868262669092, 40.308772495844039 ], [ 44.376511781234946, 40.309373059401132 ], [ 44.378013667872288, 40.31137369935859 ], [ 44.377953880519762, 40.313761238401085 ], [ 44.377569158122171, 40.314003069536611 ], [ 44.378605502104854, 40.315459842922706 ], [ 44.37810022613499, 40.318315451644743 ], [ 44.377373511781776, 40.31872039494197 ], [ 44.377621456213056, 40.321192808774832 ], [ 44.381469243384871, 40.325756953650476 ], [ 44.38293218100641, 40.326642869319997 ], [ 44.383032696085735, 40.327822993985571 ], [ 44.383583649336259, 40.328464362493918 ], [ 44.386221450322196, 40.329125941781371 ], [ 44.386553532992686, 40.329860406225698 ], [ 44.388130371738214, 40.331213568759473 ], [ 44.388737628633486, 40.332328821826188 ], [ 44.388591258370688, 40.334101433780312 ], [ 44.390907374580145, 40.33420665758819 ], [ 44.391645715051141, 40.33501822745157 ], [ 44.392529930184189, 40.334675441954566 ], [ 44.393556667714627, 40.333175575540935 ], [ 44.398474655084406, 40.329298195605773 ], [ 44.399753584957807, 40.329569711053736 ], [ 44.401330956368618, 40.330958861058342 ], [ 44.403056241028679, 40.331566518102036 ], [ 44.407675937980308, 40.330536417198189 ], [ 44.411360790936023, 40.331316995654475 ], [ 44.416353457803858, 40.331525021544977 ], [ 44.420391570819994, 40.331143198334829 ], [ 44.42300403750329, 40.330582391198625 ], [ 44.431152578380861, 40.33094003845747 ], [ 44.436451339024551, 40.330796202981908 ], [ 44.43678566436995, 40.329363151072073 ], [ 44.438208814030084, 40.329212068066084 ], [ 44.43732820642358, 40.333303552282402 ], [ 44.435953420495387, 40.334413150858879 ], [ 44.43512388618862, 40.336055107206171 ], [ 44.436081618404508, 40.362338856240193 ], [ 44.437255853130871, 40.362704797487709 ], [ 44.4380618120138, 40.363945283840081 ], [ 44.439402455518149, 40.363709445569086 ], [ 44.443582667298742, 40.366324796847891 ], [ 44.444112284371776, 40.370716470468686 ], [ 44.443958080528503, 40.377978096318664 ], [ 44.444651543554272, 40.37852931262394 ], [ 44.445716968211087, 40.380524078137491 ], [ 44.446398829129031, 40.383221519977866 ], [ 44.447386878970214, 40.392383818690611 ], [ 44.451890052320657, 40.397531626420275 ], [ 44.457039444219653, 40.39928895308779 ], [ 44.45773477755786, 40.40084547316399 ], [ 44.457728691152731, 40.401912419531399 ], [ 44.459266146152707, 40.401972157764014 ], [ 44.460458636989145, 40.402387589776836 ], [ 44.465305845037371, 40.403119030893038 ], [ 44.468010312954874, 40.402959085392702 ], [ 44.472485942241924, 40.405280005996723 ], [ 44.484486576524539, 40.405781022620083 ], [ 44.485526616124638, 40.408121642875045 ], [ 44.484502669916694, 40.409539026655047 ], [ 44.482675734404168, 40.409810933257667 ], [ 44.482037281279489, 40.410569927095217 ], [ 44.48251983274821, 40.411246588055363 ], [ 44.484215064114956, 40.412011512157022 ], [ 44.486228755524294, 40.412457236722958 ], [ 44.487591062278916, 40.412079654563513 ], [ 44.492387225596453, 40.414918578437074 ], [ 44.489047707665073, 40.418886028197988 ], [ 44.487422686069308, 40.418138596894771 ], [ 44.486750000525234, 40.418592183077898 ], [ 44.487001827868461, 40.41971986775885 ], [ 44.490940188115005, 40.422296590151568 ], [ 44.493783882243321, 40.428211165525262 ], [ 44.491752832051652, 40.428610195510224 ], [ 44.490655814833261, 40.427659193182805 ], [ 44.489042288728996, 40.425364437186495 ], [ 44.48782532468497, 40.424550374343873 ], [ 44.484702449742876, 40.424429334377997 ], [ 44.484435431135729, 40.425611628833131 ], [ 44.484021389739247, 40.424426296858158 ], [ 44.482986565832803, 40.425534731695294 ], [ 44.481130479119003, 40.424635790233978 ], [ 44.48075985807619, 40.425176246683215 ], [ 44.482101683613173, 40.425679358989207 ], [ 44.482387913230895, 40.426616293590683 ], [ 44.479659302149813, 40.425936750910012 ], [ 44.478264666201341, 40.427005153193093 ], [ 44.477376490817086, 40.426890023211548 ], [ 44.476507161658652, 40.425784739702642 ], [ 44.47485617625631, 40.425644874117253 ], [ 44.475313603308514, 40.427132828461566 ], [ 44.47445527393478, 40.427191967116507 ], [ 44.474039372674248, 40.42793931808427 ], [ 44.473094074454238, 40.428269110899897 ], [ 44.473238970923397, 40.428879430963072 ], [ 44.470613031653151, 40.429059219089609 ], [ 44.47195666939006, 40.431440064469399 ], [ 44.473204253659027, 40.431643872854742 ], [ 44.475151833761316, 40.432760383980302 ], [ 44.477779495401208, 40.432808304577442 ], [ 44.482031920528435, 40.434902258144511 ], [ 44.482106916377354, 40.436033660528039 ], [ 44.479656176337684, 40.440181754068227 ], [ 44.482080063429613, 40.441967472946445 ], [ 44.484724039720597, 40.442661837324025 ], [ 44.48995633632331, 40.442088403909217 ], [ 44.4899370139741, 40.444238382498376 ], [ 44.49364470624954, 40.449819656360184 ], [ 44.497219420242878, 40.451212909648717 ], [ 44.49661722184765, 40.453826541374809 ], [ 44.498280213903051, 40.45582891426271 ], [ 44.498860405248259, 40.45849878743158 ], [ 44.498011602893996, 40.462609525113237 ], [ 44.501046045297834, 40.463138673276134 ], [ 44.501371262288885, 40.464362504605802 ], [ 44.499348704433146, 40.469426103038039 ], [ 44.500054999942904, 40.472350526035555 ], [ 44.497342336966391, 40.47773386067454 ], [ 44.502436372639501, 40.489639135315869 ], [ 44.502659504300325, 40.491494820835442 ], [ 44.504405121671631, 40.496369559012365 ], [ 44.50399517777344, 40.497853124082262 ], [ 44.502020103628077, 40.500776306618121 ], [ 44.500414150686851, 40.502382853634792 ], [ 44.499930230212037, 40.507737430169335 ], [ 44.502559423904856, 40.50889173339111 ], [ 44.504584183923591, 40.511028281534067 ], [ 44.508751037968516, 40.511916298694153 ], [ 44.513936332883766, 40.512487377335248 ], [ 44.516315641426139, 40.514243771844292 ], [ 44.520269108836494, 40.515954403001437 ], [ 44.521852481883663, 40.51788618011377 ], [ 44.518712721959417, 40.522160368166027 ], [ 44.517187330412376, 40.525153625445888 ], [ 44.517115890826283, 40.529354508441699 ], [ 44.517442500544178, 40.530351345485784 ], [ 44.518204781298927, 40.530945787632618 ], [ 44.517282002990882, 40.536437641058569 ], [ 44.518005493002953, 40.537795204309738 ], [ 44.524833604223886, 40.540203980860227 ], [ 44.527329884009291, 40.539854115474022 ], [ 44.530502141908563, 40.541724983374685 ], [ 44.532052486759142, 40.543493228547092 ], [ 44.534489274608042, 40.543320504363543 ], [ 44.5363877265101, 40.543568517486726 ], [ 44.540147933050818, 40.546875414869355 ], [ 44.542106588046487, 40.547297209052026 ], [ 44.539525700515988, 40.549580022207167 ], [ 44.538785339598853, 40.551341350598697 ], [ 44.539062891617903, 40.552114673097584 ], [ 44.53896749339691, 40.555270316497236 ], [ 44.536273161057196, 40.562763775564029 ], [ 44.536195204504153, 40.563998500252907 ], [ 44.537456922330222, 40.567466588424267 ], [ 44.536701975584556, 40.569536657781278 ], [ 44.537141310550354, 40.571300795040052 ], [ 44.54127220686734, 40.574819478089289 ], [ 44.541808943233228, 40.576416037848972 ], [ 44.539681361993232, 40.582577585679466 ], [ 44.540627788108388, 40.584747990917755 ], [ 44.540835356738448, 40.586557254284507 ], [ 44.535414105238722, 40.588608577045541 ], [ 44.531582501180722, 40.59314640841216 ], [ 44.529439186141644, 40.5950429733278 ], [ 44.529095199385118, 40.596551678882612 ], [ 44.527371696605059, 40.59843064397829 ], [ 44.526554803607191, 40.598695448565543 ], [ 44.522501408856598, 40.598241253049018 ], [ 44.520418231342575, 40.598642497744635 ], [ 44.516661743726758, 40.600626839769745 ], [ 44.515398258554697, 40.600753032142045 ], [ 44.513303072156496, 40.600448264365113 ], [ 44.51159117602981, 40.59978359806405 ], [ 44.506541534169777, 40.600409088393903 ], [ 44.504557778146015, 40.59968616139269 ], [ 44.498901947056311, 40.596135458199036 ], [ 44.494944510994841, 40.597256632588511 ], [ 44.486682155012495, 40.600277272261536 ], [ 44.482939135897723, 40.60218301097926 ], [ 44.476742691818892, 40.602549833911318 ], [ 44.475031080604865, 40.603072187882461 ], [ 44.474315785353426, 40.604345880321134 ], [ 44.474240648299194, 40.606670791910041 ], [ 44.471454832820335, 40.608381060422559 ], [ 44.469284109697433, 40.60871673225175 ], [ 44.465472303977911, 40.610261650643118 ], [ 44.463618414954517, 40.610411470627184 ], [ 44.46152749088931, 40.611827477774391 ], [ 44.4588677781272, 40.612667628489348 ], [ 44.457006346681816, 40.61373899444596 ], [ 44.448910720108913, 40.615949110617429 ], [ 44.442793804762587, 40.618704026398781 ], [ 44.439348549120687, 40.621067603193147 ], [ 44.436334053288185, 40.622017820073488 ], [ 44.433667279558101, 40.621911912360922 ], [ 44.429537968878925, 40.624149079852579 ], [ 44.425714408823858, 40.62698175707947 ], [ 44.422792615712147, 40.627241364171375 ], [ 44.423379395624252, 40.628341270258993 ], [ 44.415380781965666, 40.63302063973142 ], [ 44.412576646086137, 40.634114223791876 ], [ 44.40537913490634, 40.63582898701506 ], [ 44.402270682617363, 40.638775532821469 ], [ 44.401956402455298, 40.640740436233067 ], [ 44.400452735371857, 40.642016559338863 ], [ 44.399749259787086, 40.643579561594358 ], [ 44.396299831117439, 40.644295421298871 ], [ 44.395294066597188, 40.645135486057455 ], [ 44.401368330294154, 40.649086863723866 ], [ 44.403133236211431, 40.652589261506009 ], [ 44.407153225690777, 40.654731569212025 ], [ 44.4065559281836, 40.657871024423095 ], [ 44.401076817467782, 40.663770285202062 ], [ 44.398264235625163, 40.667465134399343 ], [ 44.396504428499476, 40.668927744322374 ], [ 44.395476363020691, 40.679484960543626 ], [ 44.393800461397717, 40.684781370193548 ], [ 44.394969198831696, 40.685480861850522 ], [ 44.398280907795382, 40.689870987011368 ], [ 44.401705401268153, 40.692883769612969 ], [ 44.403707313269507, 40.69301036384995 ], [ 44.40463744157033, 40.69340261307962 ], [ 44.407828424593468, 40.696251964816156 ], [ 44.410964474814271, 40.696758779111661 ], [ 44.413514822722057, 40.69630682693365 ], [ 44.419047700353147, 40.693861820452568 ], [ 44.4220560827615, 40.693424897867935 ], [ 44.423665079580516, 40.693846221001508 ], [ 44.42758871620871, 40.695847892174775 ], [ 44.432227965322916, 40.701269248906286 ], [ 44.437267113394327, 40.702994708762496 ], [ 44.444205415056345, 40.703597122222384 ], [ 44.447837017112988, 40.705270420084318 ], [ 44.453555348577567, 40.706763973522762 ], [ 44.457187524052848, 40.705783385975302 ], [ 44.464838560520981, 40.704441012628941 ], [ 44.468646594846675, 40.705436166121423 ], [ 44.471599631547704, 40.706776411940098 ], [ 44.472362599714131, 40.708368276379858 ], [ 44.477428236579954, 40.709971879581133 ], [ 44.483124534232502, 40.711297464246265 ], [ 44.486228914254006, 40.710692381992935 ], [ 44.495226171932345, 40.715239244027167 ], [ 44.498973734540726, 40.707524131581707 ], [ 44.515282153732116, 40.706592560605571 ], [ 44.520168758751765, 40.705167174677534 ], [ 44.523328357160004, 40.702681469040144 ], [ 44.530574871141418, 40.698267383829204 ], [ 44.533473264860177, 40.697937024671333 ], [ 44.538749196793255, 40.699550381591436 ], [ 44.545354194514928, 40.703554810981593 ], [ 44.551004684313767, 40.709493038306938 ], [ 44.554052654042167, 40.711743575705412 ], [ 44.559345755159278, 40.711763453603744 ], [ 44.563222027302572, 40.708811778067151 ], [ 44.569030664434209, 40.709127778769442 ], [ 44.577609695521105, 40.710441474827654 ], [ 44.580750475977098, 40.709135213832333 ], [ 44.585036218810409, 40.708299129786631 ], [ 44.587598468884778, 40.706236967492799 ], [ 44.591156360371947, 40.70458514029356 ], [ 44.594350345384576, 40.704825993262588 ], [ 44.596483219115179, 40.7057900686765 ], [ 44.596079877796484, 40.704125966421103 ], [ 44.596178320369674, 40.703022425705491 ], [ 44.597419559271543, 40.70064885919075 ], [ 44.597180326191186, 40.697898105357687 ], [ 44.599432609088367, 40.695480955069534 ], [ 44.594016112365679, 40.694683904611139 ], [ 44.59073780218246, 40.686375992068932 ], [ 44.591684053986555, 40.683483050320007 ], [ 44.593190211501849, 40.682072581080213 ], [ 44.595255577377735, 40.674597482182321 ], [ 44.597454149263378, 40.674320662960668 ], [ 44.598949260389958, 40.674495698471894 ], [ 44.600226108381463, 40.673860762779803 ], [ 44.621201930035454, 40.673797114000749 ], [ 44.623602307426083, 40.673257387552837 ], [ 44.626822014146498, 40.673157085733507 ], [ 44.629069400197082, 40.672200421635409 ], [ 44.630239692306894, 40.671055107338461 ], [ 44.630777675196946, 40.669406892539087 ], [ 44.632577421346319, 40.667875927927369 ], [ 44.632657775321348, 40.666468406248292 ], [ 44.632099296780218, 40.665446847935968 ], [ 44.631029360456871, 40.66472873860711 ], [ 44.630438174690468, 40.6636074174763 ], [ 44.631111130248456, 40.661970594396614 ], [ 44.630758505093759, 40.658148517981928 ], [ 44.637466191625954, 40.659988413321443 ], [ 44.642242572125959, 40.6645869156009 ], [ 44.649502524707323, 40.662538008242805 ], [ 44.654732790005042, 40.666461986540128 ], [ 44.66035167275885, 40.668504803863591 ], [ 44.664212208570603, 40.667489514402412 ], [ 44.665687295432612, 40.66781073302753 ], [ 44.664528188057005, 40.670297701818299 ], [ 44.671327018978168, 40.677199156420009 ], [ 44.672419008592122, 40.682579642007425 ], [ 44.673200431471145, 40.682746642658984 ], [ 44.675514666325235, 40.681593840208571 ], [ 44.678972937620884, 40.680687282789528 ], [ 44.681206426346378, 40.678470521746867 ], [ 44.683150140079206, 40.677240842131773 ], [ 44.684538168696193, 40.676910530710117 ], [ 44.68539749792415, 40.677322601351158 ], [ 44.687690159439413, 40.676154405863628 ], [ 44.689076705767576, 40.676084363103179 ], [ 44.691719724465848, 40.676821937741103 ], [ 44.693409084497681, 40.677690334720388 ], [ 44.695813487988836, 40.6776302853917 ], [ 44.697489037721752, 40.677966729523781 ], [ 44.698951785072154, 40.679093297287864 ], [ 44.700370869608271, 40.679022656309805 ], [ 44.701213902193828, 40.678529536363577 ], [ 44.712056139059101, 40.675896783661457 ], [ 44.71294896700693, 40.673425206375882 ], [ 44.720265383143548, 40.670025708617665 ], [ 44.725010906626586, 40.674424229252402 ], [ 44.728623811323942, 40.67831576125824 ], [ 44.733907968368101, 40.677271664543589 ], [ 44.742985267793593, 40.678630191572154 ], [ 44.750418533953415, 40.675646801569904 ], [ 44.75289270849575, 40.67534495087753 ], [ 44.756048195431767, 40.672431205673561 ], [ 44.760555416445506, 40.670118123712783 ], [ 44.762263647955841, 40.67094195996755 ], [ 44.764656258718666, 40.669840344107996 ], [ 44.764320638236306, 40.66861068403842 ], [ 44.764506833480382, 40.667018247806041 ], [ 44.765205365015817, 40.665405234572319 ], [ 44.766708955351255, 40.663742695791996 ], [ 44.767313776814184, 40.661644341412348 ], [ 44.771720658069611, 40.657580687059713 ], [ 44.773298793097204, 40.657169910685155 ], [ 44.776076224212666, 40.655809507071609 ], [ 44.779972563984622, 40.653085349073109 ], [ 44.787012754659635, 40.649717298046639 ], [ 44.787366691694601, 40.644788029132151 ], [ 44.787842059678979, 40.642808284995162 ], [ 44.787350766043737, 40.639833270943264 ], [ 44.789624438830238, 40.635216529812524 ], [ 44.790923077478212, 40.634470583441541 ], [ 44.789453495029541, 40.630751143321923 ], [ 44.783599332101375, 40.626217935911257 ], [ 44.780817372640207, 40.624767925496563 ], [ 44.77385927312865, 40.626723009781202 ], [ 44.771538014907513, 40.626867043553951 ], [ 44.770582112690697, 40.623717077990158 ], [ 44.771242543991171, 40.622872748916706 ], [ 44.768416922606981, 40.616106935493832 ], [ 44.772438370482909, 40.61391591160163 ], [ 44.774391361868879, 40.611949626718562 ], [ 44.772740202863488, 40.608177375171728 ], [ 44.772907593582623, 40.60463189389111 ], [ 44.775230289862584, 40.602416074300145 ], [ 44.773448355667924, 40.595065386976707 ], [ 44.772247099539371, 40.593886129476999 ], [ 44.771183296222603, 40.591616084365199 ], [ 44.77246434684816, 40.586863281918269 ], [ 44.773765143142121, 40.586066287721742 ], [ 44.774434039168774, 40.584223141903188 ], [ 44.774267271426858, 40.581139676953413 ], [ 44.771326433748882, 40.576424817922884 ], [ 44.769934375528436, 40.574983663867769 ], [ 44.76933324333185, 40.573275153346735 ], [ 44.769395717021069, 40.571134831097091 ], [ 44.77243799362256, 40.565582899427987 ], [ 44.77436720809893, 40.565095797304188 ], [ 44.774586034358663, 40.564282697243321 ], [ 44.776658591617192, 40.56267288453396 ], [ 44.776658782479359, 40.561497096059355 ], [ 44.778314208184767, 40.560797805566125 ], [ 44.779455744409681, 40.559213589174718 ], [ 44.784008079060484, 40.557754901940569 ], [ 44.789655295398617, 40.554979727286394 ], [ 44.795909647875675, 40.552432029945905 ], [ 44.805391965667937, 40.550467919620218 ], [ 44.806767634218083, 40.54979019356724 ], [ 44.809227319925292, 40.549650528729892 ], [ 44.810686654047473, 40.548720838111521 ], [ 44.812333060360665, 40.548520516673157 ], [ 44.811570201134963, 40.546148324007852 ], [ 44.814008662677807, 40.545466272669373 ], [ 44.815139585274189, 40.545847352715136 ], [ 44.81577890373692, 40.545510192200233 ], [ 44.820447874843296, 40.546492729887603 ], [ 44.821731523999553, 40.547115357558006 ], [ 44.823925040523726, 40.541909784656688 ], [ 44.826067993279459, 40.538105067551506 ], [ 44.827196400666821, 40.535032442857926 ], [ 44.828822099815696, 40.532739824127844 ], [ 44.83219304472135, 40.529707617922199 ], [ 44.83403450214221, 40.525307493654267 ], [ 44.838522401723246, 40.524585331867954 ], [ 44.838045733916609, 40.524108882069804 ], [ 44.838795931880121, 40.523044595349425 ], [ 44.840399499581117, 40.523293220358944 ], [ 44.844651907438163, 40.521168423515491 ], [ 44.845499016386668, 40.521304509733334 ], [ 44.848265337191194, 40.519877982233695 ], [ 44.85334310454585, 40.514556470797103 ], [ 44.857279492906933, 40.508871746567564 ], [ 44.853963621876893, 40.507614649040903 ], [ 44.856222585114367, 40.503311884652057 ], [ 44.855867544472126, 40.502559264074222 ], [ 44.85608829813642, 40.500757921362698 ], [ 44.854262819640596, 40.499012999877714 ], [ 44.852967668136095, 40.496504328444445 ], [ 44.851607022397296, 40.492348326913479 ], [ 44.851257749297488, 40.490385538056316 ], [ 44.851596770094744, 40.488801427205381 ], [ 44.851188678291876, 40.488147228321786 ], [ 44.8511810734813, 40.486692483268783 ], [ 44.849171000124173, 40.482685914452915 ], [ 44.848182020860548, 40.48198385524298 ], [ 44.847230158058203, 40.477526230325573 ], [ 44.847864628474987, 40.473480046068069 ], [ 44.848925488545419, 40.473120016971045 ], [ 44.851414915299316, 40.471503470063432 ], [ 44.852180036164654, 40.469969925495349 ], [ 44.853324405162006, 40.469440666363596 ], [ 44.853526789243951, 40.467952837234641 ], [ 44.85535610147322, 40.466757939739551 ], [ 44.855767129485088, 40.467164552356088 ], [ 44.858004895863225, 40.467756659307149 ], [ 44.859855269579676, 40.466204200098112 ], [ 44.861218050357557, 40.46553591296977 ], [ 44.863096207468487, 40.465115365789757 ], [ 44.868499294642838, 40.462203561275565 ], [ 44.869146931529542, 40.460501050581342 ], [ 44.874246856953235, 40.460922235676271 ], [ 44.8800681104197, 40.459945891721553 ], [ 44.895025671991426, 40.456200989755089 ], [ 44.902008774527424, 40.444223204936137 ], [ 44.903493399091118, 40.440285536176539 ], [ 44.902715905864056, 40.437800683792602 ], [ 44.900705112832384, 40.43509042814614 ], [ 44.896357477034407, 40.430124206640642 ], [ 44.892822908530398, 40.428106663252443 ], [ 44.891730964020084, 40.425532630764778 ], [ 44.890993005535066, 40.419977432057436 ], [ 44.891665336870076, 40.411982036174535 ], [ 44.891450663909716, 40.408978843280963 ], [ 44.892470682851183, 40.406528788808224 ], [ 44.894406372660782, 40.403981025973195 ], [ 44.895278961625998, 40.403798164962232 ], [ 44.899331700052194, 40.397860847649184 ], [ 44.902175204866303, 40.394353811297918 ], [ 44.903452998230591, 40.391469053961728 ], [ 44.902901694906035, 40.387066769962246 ], [ 44.904403172132973, 40.381961416338022 ], [ 44.906215572757581, 40.379059165424479 ], [ 44.908816951816213, 40.372456095673073 ], [ 44.910559984596006, 40.36639063176041 ], [ 44.910553963677984, 40.364266358570688 ], [ 44.914345059954329, 40.363511986815915 ], [ 44.914300799342257, 40.361271753265157 ], [ 44.913659353895845, 40.359951062892684 ], [ 44.914069929628035, 40.35804131118276 ], [ 44.915845219960708, 40.355593307087069 ], [ 44.914939953799326, 40.345697060287499 ], [ 44.914203970452917, 40.343106677419236 ], [ 44.914681502532503, 40.34055272141503 ], [ 44.914234246489293, 40.336915608237639 ], [ 44.915718181894576, 40.33540076133437 ], [ 44.920639453293383, 40.333738910762712 ], [ 44.922354431221869, 40.332518794173303 ], [ 44.924206400790872, 40.329167932035936 ], [ 44.925832541956858, 40.325014362683191 ], [ 44.924250084657366, 40.323877475205997 ], [ 44.923580410732512, 40.322669488357114 ], [ 44.926238397324113, 40.317474249352571 ], [ 44.927738683625897, 40.316205749700671 ], [ 44.927928709181089, 40.312129165068086 ], [ 44.928904632324517, 40.307865187000829 ], [ 44.930780752122494, 40.30305122728965 ], [ 44.932953514129046, 40.302228122410988 ], [ 44.931625250480579, 40.298214024913705 ], [ 44.933255048903966, 40.293207532486122 ], [ 44.93035862082683, 40.291645502018909 ], [ 44.926007405764899, 40.292832817547058 ], [ 44.921766389982373, 40.291909380190503 ], [ 44.918190333575929, 40.28982786760438 ], [ 44.91865010392771, 40.286126527104393 ], [ 44.917215936002208, 40.279290159853389 ], [ 44.917990991563983, 40.272769486654909 ], [ 44.916662243928329, 40.26224942982428 ], [ 44.918510286199414, 40.257203528087977 ], [ 44.924015645295441, 40.253078796046232 ], [ 44.926097539493945, 40.252745300707318 ], [ 44.927106778758109, 40.251727305429256 ], [ 44.927981773185259, 40.248973609407649 ], [ 44.933857710648141, 40.24156616744694 ], [ 44.936191788578064, 40.240145364878899 ], [ 44.936713809548351, 40.239167254821602 ], [ 44.938300129021982, 40.238267863029492 ], [ 44.941179176381915, 40.235478149653559 ], [ 44.94232675734078, 40.234763533233782 ], [ 44.946558451186434, 40.228827521072532 ], [ 44.948501961977009, 40.22871416677178 ], [ 44.949953432232036, 40.224885163424297 ], [ 44.954592938151855, 40.219686274526225 ], [ 44.956907044444741, 40.218080225712988 ], [ 44.957762848132887, 40.215885287817471 ], [ 44.965314357875556, 40.211263491261448 ], [ 44.965872776755823, 40.210617722312719 ], [ 44.977911372353702, 40.206035882335605 ], [ 44.979469622525151, 40.206504337984384 ], [ 44.982803436642747, 40.205813443448314 ], [ 44.984379662699894, 40.20018223572859 ], [ 44.985478325270755, 40.198982419743537 ], [ 44.989108043354484, 40.197099979998384 ], [ 44.991891794755603, 40.196110376980997 ], [ 44.994404180996717, 40.196496523339043 ], [ 44.996263276357929, 40.197300878172889 ], [ 44.997547200476603, 40.19707417235356 ], [ 44.999570773015904, 40.193504983238491 ], [ 45.001548970096991, 40.192038140619331 ], [ 45.004346785639065, 40.190272457669444 ], [ 45.010553567284681, 40.187666903758185 ], [ 45.012030694953836, 40.187360471353173 ], [ 45.011803774473599, 40.185519137773888 ], [ 45.014189940217349, 40.185071925961779 ], [ 45.016803110863528, 40.183730752268012 ], [ 45.020111357255011, 40.179751331041658 ], [ 45.020193393789761, 40.177483192107303 ], [ 45.01677728504982, 40.178063937681287 ], [ 45.009850553184052, 40.177434371030941 ], [ 45.007836143660157, 40.176110762427193 ], [ 45.00275171587046, 40.176157642093855 ], [ 45.000810483512495, 40.17528555314076 ], [ 44.997500143198415, 40.175832817784212 ], [ 44.994329523346977, 40.175809172033617 ], [ 44.992576387912941, 40.175335465720245 ], [ 44.991055072861329, 40.17539740434205 ], [ 44.988588191492106, 40.174726804149408 ], [ 44.986791758759402, 40.174788660216876 ], [ 44.983857284769087, 40.175493884147613 ], [ 44.978807423517239, 40.17453955326507 ], [ 44.977743380605446, 40.175621673523345 ], [ 44.976345489059483, 40.178408155736435 ], [ 44.974353823932752, 40.179681020806328 ], [ 44.97025139892294, 40.180531174991856 ], [ 44.968323525336963, 40.179955675316414 ], [ 44.96740004647944, 40.179213932075108 ], [ 44.967332200701733, 40.178218422828351 ], [ 44.965584063464405, 40.177949214926713 ], [ 44.963492383001928, 40.178249180449271 ], [ 44.961858689411464, 40.177680009862307 ], [ 44.960788777134681, 40.176018667258212 ], [ 44.95966258809149, 40.176010412934382 ], [ 44.958290604318798, 40.178240986034282 ], [ 44.958324364784396, 40.179517608633049 ], [ 44.956569450704833, 40.180563011859036 ], [ 44.954205086657737, 40.181041724265178 ], [ 44.950489273211033, 40.181075540677504 ], [ 44.9466730304718, 40.179957291573423 ], [ 44.944279896351098, 40.180648760845791 ], [ 44.939712371124777, 40.179360742264755 ], [ 44.936094387366964, 40.177408625800922 ], [ 44.934173548000238, 40.176012740799663 ], [ 44.925685648398328, 40.172482367583555 ], [ 44.92360476719584, 40.172048140821921 ], [ 44.919198689427731, 40.171951665342199 ], [ 44.918288531605278, 40.171245099883826 ], [ 44.915915083140099, 40.171082505155958 ], [ 44.913849505137513, 40.170389121472205 ], [ 44.90838604691826, 40.16949531779121 ], [ 44.906986569594565, 40.168072197553947 ], [ 44.904065122057979, 40.167037910709702 ], [ 44.902788925098619, 40.167154400550352 ], [ 44.900777408206181, 40.166141647491465 ], [ 44.900116884632062, 40.166365046193654 ], [ 44.898392741419556, 40.165551413491158 ], [ 44.895825242645074, 40.16484740843795 ], [ 44.890779013005542, 40.164496355335572 ], [ 44.889199106950336, 40.165222124492963 ], [ 44.888091356795094, 40.165257992769391 ], [ 44.885359650136131, 40.166806497045563 ], [ 44.882520484159741, 40.165602434728925 ], [ 44.881183458625237, 40.166412177129381 ], [ 44.879527732695415, 40.165881368433709 ], [ 44.875139958128642, 40.166331065260863 ], [ 44.872472754122668, 40.163450556494638 ], [ 44.872191343474491, 40.162679782269969 ], [ 44.870403618585655, 40.161658082428595 ], [ 44.868963590618385, 40.161337040821266 ], [ 44.868756968526036, 40.160288941744511 ], [ 44.867320183354735, 40.159997764529592 ], [ 44.865700208393577, 40.160891504751639 ], [ 44.864400498014724, 40.160521570331447 ], [ 44.862571583059065, 40.158942800867806 ], [ 44.856037086900024, 40.158101390154719 ], [ 44.855598988134879, 40.15738703823056 ], [ 44.856261625797302, 40.156911904640005 ], [ 44.856252266193898, 40.155367438593657 ], [ 44.855265272538041, 40.153552669094573 ], [ 44.855358424818554, 40.152101952696825 ], [ 44.853763490960652, 40.150303680671442 ], [ 44.851331683655147, 40.148548552190782 ], [ 44.848316143852848, 40.147767408650381 ], [ 44.847349551742361, 40.14704072235461 ], [ 44.844866673395849, 40.147432931756278 ], [ 44.842854343615315, 40.147020925087709 ], [ 44.841088087683524, 40.147746148947945 ], [ 44.83978271649903, 40.148872199695084 ], [ 44.837426493077231, 40.148641524465724 ], [ 44.83483279362089, 40.149814234663879 ], [ 44.833536831257504, 40.150754833578375 ], [ 44.832797117005477, 40.15021661580279 ], [ 44.832909582557875, 40.149351372567594 ], [ 44.83192562219034, 40.148547267427098 ], [ 44.828290160642581, 40.146810000774721 ], [ 44.825760728230911, 40.146370681727213 ], [ 44.823535201603839, 40.144985565549682 ], [ 44.819957672495384, 40.141622933600445 ], [ 44.819422014755254, 40.140346661525442 ], [ 44.816397817229998, 40.136869988658553 ], [ 44.81362796973027, 40.135716262516965 ], [ 44.810508804353788, 40.13515348170327 ], [ 44.807858799303212, 40.135328241138907 ], [ 44.805708787879936, 40.134742470629547 ], [ 44.804903849786299, 40.134195984832139 ], [ 44.802454463171188, 40.134090307184024 ], [ 44.800045504913278, 40.134575993479132 ], [ 44.797766427687399, 40.134014386256922 ], [ 44.797545301264861, 40.133352134692366 ], [ 44.795535021609609, 40.132952958907431 ], [ 44.794427797758843, 40.129824679908047 ], [ 44.79251425322034, 40.12855884056772 ], [ 44.784567532456776, 40.126067689172622 ], [ 44.781656530786982, 40.128987784767034 ], [ 44.775120476014393, 40.127878972470313 ], [ 44.772335808515194, 40.128152891862563 ], [ 44.7699034315538, 40.127415445817512 ], [ 44.76777909389569, 40.127427209957332 ], [ 44.762434163704327, 40.125423630312277 ], [ 44.761312485171494, 40.124389298388188 ], [ 44.759763329704164, 40.123893242741467 ], [ 44.758764099883805, 40.122941522564638 ], [ 44.757526886185033, 40.122842772769957 ], [ 44.756652721951802, 40.12197544388566 ], [ 44.751691026758458, 40.119700174603089 ], [ 44.74832720109368, 40.118599021702536 ], [ 44.747117579321198, 40.117797480156817 ], [ 44.743175987983726, 40.116262165508829 ], [ 44.742189585510104, 40.116151786768121 ], [ 44.739783249198773, 40.113461427489767 ], [ 44.737073731683708, 40.113407225181632 ], [ 44.73613999237979, 40.111842397207816 ], [ 44.733848328607429, 40.111269938121715 ], [ 44.733291426656706, 40.109489577304188 ], [ 44.731804941960604, 40.109125520602184 ], [ 44.730237222067544, 40.10950654526102 ], [ 44.729403319195654, 40.110466264234773 ], [ 44.728257624135544, 40.111052600806183 ], [ 44.726854541102206, 40.111203976859379 ], [ 44.725634172400795, 40.110876530479366 ], [ 44.724749117392648, 40.108963122392275 ], [ 44.722921301641392, 40.107816786425978 ], [ 44.719226324684868, 40.107519388373014 ], [ 44.71773662997326, 40.10796053811093 ], [ 44.714818502078323, 40.107674594726518 ], [ 44.712341930739598, 40.108149303122474 ], [ 44.711245964375742, 40.108062429827932 ], [ 44.708846332184663, 40.107079549259367 ], [ 44.707717208905329, 40.10742530867936 ], [ 44.706192859925331, 40.108623532005744 ], [ 44.703288324297766, 40.109426963534752 ], [ 44.699795052828236, 40.109562211443276 ], [ 44.698107480213771, 40.108668284612911 ], [ 44.696849901906702, 40.108518283797615 ], [ 44.696070875313097, 40.107602659546437 ], [ 44.693566471564225, 40.107271498844604 ], [ 44.692657399902629, 40.10742536069084 ], [ 44.692303681351895, 40.105981924816412 ], [ 44.687412233990791, 40.10579910920363 ], [ 44.686181514566222, 40.104377326288713 ], [ 44.684349195867071, 40.10437234738702 ], [ 44.680434865712407, 40.102797114386959 ], [ 44.677007546580604, 40.102294754091766 ], [ 44.675350443827057, 40.101097102334464 ], [ 44.673080076412916, 40.101018590514947 ], [ 44.670343444260659, 40.098685727537728 ], [ 44.668905152818219, 40.09818877205057 ], [ 44.666940742310558, 40.096404058367781 ], [ 44.666584339258193, 40.095633700416116 ], [ 44.664896368263904, 40.094979704398938 ], [ 44.663928549777694, 40.093843019051938 ], [ 44.663161879604452, 40.093720583600813 ], [ 44.66210210229837, 40.092707746909547 ], [ 44.660487594904296, 40.092146220838096 ], [ 44.658538092485955, 40.090589804077581 ], [ 44.653752399586004, 40.08792501984005 ], [ 44.65218754978924, 40.087752038994253 ], [ 44.650721505947061, 40.086629690166887 ], [ 44.648480177908624, 40.083395943272748 ], [ 44.646515043824998, 40.08193543989713 ], [ 44.645341681027332, 40.081775583376455 ], [ 44.643202444889937, 40.080699158021027 ], [ 44.642408295439466, 40.07987929160727 ], [ 44.64130745246041, 40.0799325127836 ], [ 44.63907447493154, 40.078843700556774 ], [ 44.638390933347431, 40.077843836818623 ], [ 44.633610562635667, 40.075950952627593 ], [ 44.632621383061846, 40.075062461211061 ], [ 44.629566051345734, 40.073953663042204 ], [ 44.626983224708013, 40.073701138233247 ], [ 44.62533396872022, 40.072827282889115 ], [ 44.622927608529615, 40.073006862997765 ], [ 44.622057738754656, 40.07270955990186 ], [ 44.620428842895251, 40.070990954998067 ], [ 44.618841633427031, 40.070895282230758 ], [ 44.617718378856722, 40.074610790314608 ], [ 44.619470664629958, 40.075031025905119 ], [ 44.620059726620859, 40.075645891386323 ], [ 44.621078272703627, 40.075520801583863 ], [ 44.624171445298238, 40.076897317398789 ], [ 44.625477281983876, 40.07773175718031 ], [ 44.626004771240446, 40.078641295506912 ], [ 44.626703876877869, 40.078512215722562 ], [ 44.627644766367609, 40.079914113094802 ], [ 44.627409756404276, 40.080318717830096 ], [ 44.628647107047804, 40.081242295451446 ], [ 44.628962483795476, 40.082169835909241 ], [ 44.630007550257247, 40.082137044184513 ], [ 44.631229734882794, 40.082890757669553 ], [ 44.632390236341301, 40.083092380188816 ], [ 44.63283767061818, 40.08430571174555 ], [ 44.633802416095804, 40.084026859821478 ], [ 44.636083287712552, 40.085311082511296 ], [ 44.63701250990777, 40.085422430570695 ], [ 44.636599747468267, 40.08630784090731 ], [ 44.637700204206268, 40.086930532117975 ], [ 44.63759341496425, 40.087515696280924 ], [ 44.638636111842025, 40.089143764114397 ], [ 44.640427464947287, 40.089791367303867 ], [ 44.641702421318691, 40.089559847612513 ], [ 44.64319453470447, 40.090254862497829 ], [ 44.644896624383392, 40.090572051797615 ], [ 44.645965522779818, 40.092198764507515 ], [ 44.646900520166405, 40.091849168229707 ], [ 44.647749780954221, 40.092149708658575 ], [ 44.648881535039074, 40.094126972096888 ], [ 44.649258052884989, 40.096159037582069 ], [ 44.648551806220269, 40.097200249740993 ], [ 44.648664228685384, 40.097855678183898 ], [ 44.64133693219717, 40.098094826555773 ], [ 44.635912988919536, 40.099941893284324 ], [ 44.626146577635019, 40.100835186243621 ], [ 44.623818488341861, 40.100749400402371 ], [ 44.622826076792876, 40.101786956097179 ], [ 44.622448376645607, 40.10322013339686 ], [ 44.621283162867115, 40.104204878036434 ], [ 44.621326705257907, 40.105288586837879 ], [ 44.619334420767842, 40.106999908584456 ], [ 44.619410387488678, 40.107582666062299 ], [ 44.618038149776176, 40.109462338310458 ], [ 44.618187223939344, 40.110760074927569 ], [ 44.617774694714832, 40.111747000376859 ], [ 44.616317338010582, 40.113011094857747 ], [ 44.616163195115654, 40.113774115754389 ], [ 44.616996216983523, 40.115140248261483 ], [ 44.616543043573728, 40.116621663920412 ], [ 44.617043420234737, 40.120040870868536 ], [ 44.616501493538955, 40.120470451162333 ], [ 44.617052717505558, 40.122090088873776 ], [ 44.616621247062461, 40.123185498966045 ], [ 44.617317387124125, 40.123533934500948 ], [ 44.616623719877616, 40.124166487392721 ], [ 44.61694819939877, 40.125055908228752 ], [ 44.619713360845765, 40.127067133219505 ], [ 44.620307351755407, 40.129455936285247 ], [ 44.619904764586316, 40.130336509420296 ], [ 44.619896991687767, 40.133091752372124 ], [ 44.619307563125346, 40.13393469289192 ], [ 44.620267546120637, 40.135938020298106 ], [ 44.620336748638358, 40.138557902866843 ], [ 44.620095951209876, 40.14097348622645 ], [ 44.622485615539553, 40.142264994628007 ], [ 44.625815702096098, 40.142685073700676 ], [ 44.621390924955804, 40.144565371303841 ], [ 44.619401920391603, 40.145018481176635 ], [ 44.617348248723815, 40.144956882340722 ], [ 44.614094855196356, 40.145544763449223 ], [ 44.61346869467792, 40.145995060705268 ], [ 44.611220544234918, 40.146562548358318 ], [ 44.608950264038661, 40.147559675998835 ], [ 44.607169994742996, 40.147351515624472 ], [ 44.602817158491611, 40.148963634706298 ], [ 44.597500725744126, 40.158330296966838 ], [ 44.594610544212728, 40.157372534582862 ], [ 44.591257286377811, 40.155180075631954 ], [ 44.58642619342541, 40.153117074600864 ], [ 44.585905449877785, 40.153291901232997 ], [ 44.582477284183859, 40.15272639822129 ], [ 44.580853341390011, 40.15573557788629 ], [ 44.578121103035372, 40.154271777025826 ], [ 44.57151929203625, 40.152972812506995 ], [ 44.563873912375421, 40.151902333162617 ], [ 44.564930806577117, 40.153557351585768 ], [ 44.565841145532779, 40.153957568542253 ], [ 44.567882436935022, 40.155791020201889 ], [ 44.568053223414452, 40.159774546173779 ], [ 44.568584968850359, 40.160859656593658 ], [ 44.568642633542659, 40.162232797888819 ], [ 44.574222960443926, 40.1645256944689 ], [ 44.572491545232033, 40.166556713737506 ], [ 44.576006939335961, 40.168131429415624 ], [ 44.577193397264928, 40.168390078492273 ], [ 44.582982508374116, 40.173479882972927 ], [ 44.584281393764478, 40.175180048862181 ], [ 44.58137386091768, 40.179820889031738 ], [ 44.582416003014856, 40.18006071598824 ], [ 44.581908954414338, 40.180951554843716 ], [ 44.582635577787102, 40.182731375352368 ], [ 44.58180352381477, 40.183197710324997 ], [ 44.580115380353114, 40.183435792833542 ], [ 44.578969758441097, 40.182992121696081 ], [ 44.578418375962656, 40.183415247187284 ], [ 44.577030023007723, 40.183395707456235 ], [ 44.578471244908677, 40.184780601789491 ], [ 44.580659750255045, 40.185159257155682 ], [ 44.583721112151821, 40.186156860646491 ], [ 44.585438191250844, 40.188131766279227 ], [ 44.589279647808254, 40.189588748791579 ], [ 44.590254285007028, 40.189458638781389 ], [ 44.58981115902418, 40.188851155456376 ], [ 44.590297483728349, 40.18828362473522 ], [ 44.59303431595648, 40.187442136218422 ], [ 44.592356149333057, 40.186606592036746 ], [ 44.594642141510285, 40.186079052411699 ], [ 44.594287735648422, 40.185024231245727 ], [ 44.593589433081839, 40.185133162017387 ], [ 44.593238217657763, 40.184278435956109 ], [ 44.593715858143405, 40.183739967213867 ], [ 44.595203581145995, 40.184435842472979 ], [ 44.596644309343951, 40.184601958083121 ], [ 44.597702017172686, 40.185430487401703 ], [ 44.597446177539709, 40.187815108651478 ], [ 44.598747272566463, 40.187598733317152 ], [ 44.599161675935832, 40.187978108982044 ], [ 44.601505024493513, 40.194292710774931 ], [ 44.6042657251081, 40.194295079871161 ], [ 44.604102806771792, 40.195376703199997 ], [ 44.600151933592791, 40.19477627683078 ], [ 44.597608472065325, 40.194813860394788 ], [ 44.596624862039619, 40.194132745474256 ], [ 44.595491946467092, 40.194221606082188 ], [ 44.589718174716168, 40.189796623654473 ], [ 44.588637497839571, 40.190419061915826 ], [ 44.588855106218261, 40.19102581641571 ], [ 44.584583932723987, 40.198638569194244 ], [ 44.581353379760642, 40.203157063789547 ], [ 44.578971802884809, 40.205847131858832 ], [ 44.58019998384124, 40.206451338425907 ], [ 44.582890088922007, 40.207016286650585 ], [ 44.587244867813041, 40.208944535457093 ], [ 44.583584404636532, 40.212651163836625 ], [ 44.585433178749113, 40.21415148697136 ], [ 44.586481477691827, 40.21577303862658 ], [ 44.587909887212312, 40.21689291557216 ], [ 44.587090053866255, 40.217791725886627 ], [ 44.587319371344527, 40.221295726704575 ], [ 44.584608884598019, 40.221059246121676 ], [ 44.583410711157455, 40.220517472264092 ], [ 44.582820656538374, 40.220802986080777 ], [ 44.57635312150591, 40.220492273996499 ], [ 44.575249021067279, 40.225072652897673 ], [ 44.574255689590828, 40.226895596925623 ], [ 44.573156181389194, 40.227319138231323 ], [ 44.572061626357666, 40.226281330008383 ], [ 44.570013747472053, 40.226746353157068 ], [ 44.568886276918157, 40.225948051846501 ], [ 44.568293048255249, 40.227355545246205 ], [ 44.567419452270919, 40.227489550328265 ], [ 44.565199647619522, 40.229986778547875 ], [ 44.564416340878701, 40.230377800403467 ], [ 44.563369767582664, 40.230139613038602 ], [ 44.560612089189185, 40.232269200572944 ], [ 44.558479392308357, 40.232777184047521 ], [ 44.562149558146039, 40.236457791463998 ], [ 44.564831037705247, 40.237276257491672 ], [ 44.564677530863818, 40.238046076751274 ], [ 44.562507673465575, 40.238289671538958 ], [ 44.56167745714388, 40.239218275055812 ], [ 44.563751750095072, 40.241237597316989 ], [ 44.563594506879497, 40.2417931116887 ], [ 44.561976510085763, 40.240972644132235 ], [ 44.561850612792277, 40.240574157682765 ], [ 44.559419218834073, 40.238757419845989 ], [ 44.557594209318729, 40.237967677179562 ], [ 44.555325292489414, 40.238001767671662 ], [ 44.553782211170514, 40.237332727153159 ], [ 44.551880464017728, 40.237124688099733 ], [ 44.550452105924705, 40.241542191202534 ], [ 44.548793279718744, 40.241211589367019 ], [ 44.547474722292009, 40.241814721413 ], [ 44.544506564815968, 40.240615534415575 ], [ 44.542959364699726, 40.240881739556364 ], [ 44.540385129170588, 40.240383763799329 ], [ 44.538829557266929, 40.239835235609384 ], [ 44.537574422141361, 40.238944154398446 ], [ 44.535450927137795, 40.23865542425937 ], [ 44.535010697072309, 40.237879129573109 ], [ 44.530928164482567, 40.234513519024247 ], [ 44.529061157594626, 40.233561395410071 ], [ 44.527837565135513, 40.23229566882145 ], [ 44.526265418803881, 40.232929815911312 ], [ 44.525596464403002, 40.232805582723977 ], [ 44.523960926421196, 40.230258161673696 ], [ 44.522615743948009, 40.229581030560027 ], [ 44.521606318134715, 40.228416648790983 ], [ 44.517151537760213, 40.230036869335173 ], [ 44.514358803331206, 40.229726392476955 ], [ 44.513064962127288, 40.228884388993805 ], [ 44.512402916395885, 40.226197929850919 ], [ 44.508494726079299, 40.227004116736524 ], [ 44.509231141650325, 40.228361004504151 ], [ 44.500193969336962, 40.23072920107041 ], [ 44.498620894541091, 40.228190508935974 ], [ 44.502064016127356, 40.227047688001115 ], [ 44.501093880778988, 40.225965780913427 ], [ 44.498094843363852, 40.227616516382277 ], [ 44.494488553332317, 40.228277460828984 ], [ 44.492621866345957, 40.229097322611125 ], [ 44.491123055836539, 40.229377989635118 ], [ 44.490388204170124, 40.230992550407549 ], [ 44.490620526265957, 40.232141279491039 ], [ 44.490162990604802, 40.232786567434289 ], [ 44.48866522191404, 40.233635185048811 ], [ 44.486522615265208, 40.233174205991709 ], [ 44.485983888869399, 40.232471831196399 ], [ 44.484025319768215, 40.232095450126813 ], [ 44.484280080369018, 40.231430803571804 ], [ 44.48145459106231, 40.230006129890562 ], [ 44.481874349346192, 40.229447224111325 ], [ 44.480962349087157, 40.227877047834916 ], [ 44.481392330943336, 40.22692508655053 ], [ 44.480231698224046, 40.225300197106414 ], [ 44.479094188779051, 40.225518072645009 ], [ 44.478177511828044, 40.224479104665789 ], [ 44.477803690277732, 40.224641064554561 ], [ 44.474985776963372, 40.223191472812672 ], [ 44.47557199298052, 40.221860935416757 ], [ 44.474985722613454, 40.220806984935564 ], [ 44.472787450588378, 40.220375812849198 ], [ 44.469333832257391, 40.221786769845913 ], [ 44.469065431501306, 40.222962428380299 ], [ 44.468128037825423, 40.22316665096637 ], [ 44.467202370249289, 40.22173899315365 ], [ 44.464757068694958, 40.222298075719799 ], [ 44.464150054488407, 40.223004067907823 ], [ 44.462281074059362, 40.223933416692496 ], [ 44.458162748703032, 40.223569634730801 ], [ 44.458660437165236, 40.225467755091842 ], [ 44.460822655083717, 40.227488568568681 ], [ 44.459011870132031, 40.229212612227848 ], [ 44.456727071680817, 40.23024830994224 ], [ 44.455361633871611, 40.229635316594042 ], [ 44.454564681374713, 40.229933241931604 ], [ 44.452806065705083, 40.226215937736505 ], [ 44.453567232050389, 40.225391388345784 ], [ 44.452194990456043, 40.22461650136983 ], [ 44.439560104731456, 40.234046109681067 ], [ 44.438319204790567, 40.232192842192802 ], [ 44.437168031071295, 40.231189867681046 ], [ 44.437246493997463, 40.229526290340345 ], [ 44.433054904046379, 40.229510682713716 ], [ 44.432559121338407, 40.228570742663415 ], [ 44.430960046264786, 40.229024434945039 ], [ 44.429081219687703, 40.227750631344541 ], [ 44.427550085835271, 40.228008708074213 ], [ 44.4270567082471, 40.228661594438819 ], [ 44.424411407252194, 40.228411641609277 ], [ 44.421827129030582, 40.227515908403554 ], [ 44.419801554965623, 40.227224911446065 ], [ 44.416241533763014, 40.228520945571113 ], [ 44.414758433025284, 40.228162006492731 ], [ 44.412734845986179, 40.226585349541807 ], [ 44.412980179394076, 40.225372132287646 ], [ 44.41226495905228, 40.22459759598631 ], [ 44.404545566836596, 40.226027408364224 ], [ 44.398738846355776, 40.225370380808002 ], [ 44.397740772517025, 40.224631000349554 ] ] ] ] } },
{ "type": "Feature", "id": 8, "properties": { "cadastre_code": "08", "name_hy": "Շիրակ", "name_en": "Shirak", "name_ru": "Ширак", "type": "province", "province_hy": "Շիրակ", "province_en": "Shirak", "province_ru": "Ширак", "name_alt": null }, "geometry": { "type": "MultiPolygon", "coordinates": [ [ [ [ 44.149595289423367, 40.752035503191777 ], [ 44.148192058577123, 40.743606784875738 ], [ 44.143749875743787, 40.739500597548897 ], [ 44.142536323320513, 40.737661797980756 ], [ 44.144687606082833, 40.729326638554916 ], [ 44.143269632314549, 40.726690963961786 ], [ 44.14031986227964, 40.72353032099759 ], [ 44.135036549066996, 40.716183213919592 ], [ 44.135979953727663, 40.709396077556299 ], [ 44.137245630425745, 40.70448525909574 ], [ 44.136581031138356, 40.701587061363512 ], [ 44.127449806441092, 40.703878587825294 ], [ 44.118337313546959, 40.706676508644541 ], [ 44.105599148967883, 40.702814234585745 ], [ 44.099620427405441, 40.699773843562667 ], [ 44.096106219249229, 40.696721628439057 ], [ 44.089496275385024, 40.693018059553232 ], [ 44.084721064934158, 40.687982692017734 ], [ 44.082007874168291, 40.686390688550667 ], [ 44.080733807453029, 40.683810543292253 ], [ 44.079025274416068, 40.682412792902561 ], [ 44.077567275393889, 40.680379187277531 ], [ 44.075329734462436, 40.678974058936205 ], [ 44.067729277338735, 40.671081094271514 ], [ 44.066274065669909, 40.670284363286093 ], [ 44.059136438349476, 40.662241106257284 ], [ 44.056986935390938, 40.657879003275447 ], [ 44.058994399937063, 40.65725302980205 ], [ 44.063666439029006, 40.656780954550122 ], [ 44.064507215641697, 40.652479721786307 ], [ 44.071521017635838, 40.653143398192668 ], [ 44.072830009653636, 40.65236598193632 ], [ 44.074615079626319, 40.652556800492547 ], [ 44.076313008306272, 40.652208396498978 ], [ 44.077829075987154, 40.653067378926224 ], [ 44.078873691500803, 40.652491204366441 ], [ 44.083117235469778, 40.651664510839623 ], [ 44.084575407523609, 40.652073677962015 ], [ 44.086422434757523, 40.651017201071355 ], [ 44.087641058509313, 40.651626199383401 ], [ 44.087983360859752, 40.652435948065012 ], [ 44.088872494520743, 40.652437033319664 ], [ 44.090410695547007, 40.653247300363198 ], [ 44.091378123050085, 40.65320150951532 ], [ 44.09300419269249, 40.652557840202782 ], [ 44.093305852305427, 40.647153606982243 ], [ 44.09664220248515, 40.64219302939668 ], [ 44.100538280052739, 40.638761162926151 ], [ 44.101134405249809, 40.637141273473894 ], [ 44.102625079358717, 40.63593546417728 ], [ 44.107592770016318, 40.62971011729892 ], [ 44.105993666901441, 40.62419649538144 ], [ 44.106135047768227, 40.620581328616808 ], [ 44.110344874840138, 40.609744416166215 ], [ 44.11199187900246, 40.602718194135406 ], [ 44.126119250589355, 40.60318301348714 ], [ 44.133601644791945, 40.602480186227922 ], [ 44.17031706269092, 40.600193804753061 ], [ 44.16976324878982, 40.598832645941677 ], [ 44.170134105484024, 40.597416888826714 ], [ 44.169093420652132, 40.596760845909593 ], [ 44.167198338673529, 40.59434558889005 ], [ 44.167281748185353, 40.593689034619835 ], [ 44.168196328799382, 40.593102830126128 ], [ 44.168222693212648, 40.592158803679723 ], [ 44.167126264568857, 40.590701475839943 ], [ 44.166542320296557, 40.590490540128556 ], [ 44.165700128222205, 40.588532029125993 ], [ 44.164554416511173, 40.587672572341283 ], [ 44.163973232665363, 40.585731369209626 ], [ 44.161430231209202, 40.582716585280878 ], [ 44.160879018361015, 40.581458295939356 ], [ 44.161055052384434, 40.580241334002039 ], [ 44.160092875075414, 40.577091410256322 ], [ 44.160092034456838, 40.574135886492861 ], [ 44.15759663847647, 40.571212659876721 ], [ 44.15827154374567, 40.57012908472678 ], [ 44.156461593505689, 40.567556848310659 ], [ 44.156463552416078, 40.566648577130763 ], [ 44.153635385916878, 40.563182190968028 ], [ 44.153605763803355, 40.562533197943267 ], [ 44.15271960856716, 40.561640046797081 ], [ 44.151144249399252, 40.558478328485002 ], [ 44.151732215149565, 40.557545535477658 ], [ 44.150970046487501, 40.555817079858258 ], [ 44.150943859862089, 40.554151709150688 ], [ 44.151465975319049, 40.552447114394866 ], [ 44.150823590544697, 40.550214932149068 ], [ 44.150907540199498, 40.548802657034898 ], [ 44.152201875730285, 40.545770137290404 ], [ 44.15181340205028, 40.542126946185746 ], [ 44.153191186736812, 40.538741491247343 ], [ 44.154664427322203, 40.536503912088591 ], [ 44.155749741241564, 40.535736114527253 ], [ 44.155649286024413, 40.534679322524731 ], [ 44.152239457825367, 40.53179210794741 ], [ 44.145799399872431, 40.52492988902214 ], [ 44.14736551367443, 40.523793517188018 ], [ 44.151617526840369, 40.521691812506624 ], [ 44.156952088227918, 40.52014396622797 ], [ 44.161889783344222, 40.519690977094427 ], [ 44.167575067452091, 40.517828491178449 ], [ 44.171968447290595, 40.516910488121631 ], [ 44.164113748534419, 40.511551820521255 ], [ 44.160512172001141, 40.509940647517773 ], [ 44.157575659514229, 40.50663137737201 ], [ 44.155285070826665, 40.505731512421292 ], [ 44.151922234090691, 40.503148134328313 ], [ 44.14987409558762, 40.502121886787023 ], [ 44.147653115380791, 40.49925815745398 ], [ 44.145967862969712, 40.498175141270558 ], [ 44.143982428235361, 40.496065627087077 ], [ 44.134225924460289, 40.493662932094907 ], [ 44.126244530015612, 40.492131638347971 ], [ 44.12223796453636, 40.49072045370589 ], [ 44.119256244018359, 40.490256628536159 ], [ 44.116424059325702, 40.49020574918444 ], [ 44.11439932505057, 40.489246416646402 ], [ 44.109598605272993, 40.487697497832741 ], [ 44.104105854521315, 40.484418355490433 ], [ 44.0976866887491, 40.481358525461047 ], [ 44.090156117394557, 40.480204953199689 ], [ 44.086952573846318, 40.480529991350856 ], [ 44.074420085976328, 40.482988674093846 ], [ 44.065608813168787, 40.482977412912746 ], [ 44.061249638752514, 40.48478147116176 ], [ 44.054810967960108, 40.484913973899147 ], [ 44.049003959132939, 40.48390438214409 ], [ 44.046224685722756, 40.48251474972794 ], [ 44.042182837953874, 40.482704644220085 ], [ 44.024382258062133, 40.472596781416783 ], [ 44.015815736215799, 40.468794548879281 ], [ 44.011523422312955, 40.470464827689561 ], [ 44.007749057389347, 40.471147522450082 ], [ 44.005480066868806, 40.471021911496905 ], [ 43.998551865216058, 40.472208901402396 ], [ 44.00344593744115, 40.476960933079376 ], [ 44.007223912680082, 40.481469038075609 ], [ 44.009606437709735, 40.488688420196887 ], [ 43.993478877728059, 40.491848496179827 ], [ 43.995568910079605, 40.505942508244274 ], [ 43.984256648978601, 40.510480164724285 ], [ 43.970344127382916, 40.511628770561757 ], [ 43.96488030015513, 40.511516707810642 ], [ 43.958249678201938, 40.509821593643181 ], [ 43.95648602214154, 40.509975138015236 ], [ 43.951474804669232, 40.509020252658487 ], [ 43.945541135558372, 40.507462397353009 ], [ 43.937049746494964, 40.503739250988055 ], [ 43.923757509922631, 40.497001088057857 ], [ 43.924694724815552, 40.49071066427075 ], [ 43.925234208177223, 40.483367120012311 ], [ 43.925647780781148, 40.483233866486074 ], [ 43.922540412360576, 40.482245929694464 ], [ 43.920982777352869, 40.484029364127807 ], [ 43.918014451056294, 40.486383250367325 ], [ 43.891933581797602, 40.485901972081955 ], [ 43.879812057414156, 40.483624333546885 ], [ 43.874895734776445, 40.488399099278801 ], [ 43.875020105161319, 40.489426895096983 ], [ 43.873320278528638, 40.491625597868385 ], [ 43.8732346084726, 40.492516270159676 ], [ 43.871749858781072, 40.492429742628083 ], [ 43.870898435079546, 40.491151703840181 ], [ 43.868016995217218, 40.49135764873364 ], [ 43.865862197378071, 40.491138408380699 ], [ 43.865364054637588, 40.491371884272496 ], [ 43.862878057824538, 40.490509971248542 ], [ 43.846941660876439, 40.494044159874562 ], [ 43.842390351184953, 40.498059961053222 ], [ 43.83810265985791, 40.501123689993584 ], [ 43.8368420552111, 40.500345574466145 ], [ 43.834101232541762, 40.499885217360834 ], [ 43.832149209731497, 40.498847928868905 ], [ 43.827435888017718, 40.497882170757038 ], [ 43.826377018918421, 40.495582199594232 ], [ 43.822363777040259, 40.489791908133824 ], [ 43.816857716779936, 40.479187994785889 ], [ 43.814314848567797, 40.479306404096107 ], [ 43.811191147705522, 40.480133651104893 ], [ 43.802513353728131, 40.484323889976615 ], [ 43.793361306126585, 40.487103943192892 ], [ 43.791007381892179, 40.490798919496108 ], [ 43.784399488240119, 40.492908817193275 ], [ 43.782389600637956, 40.495129927149968 ], [ 43.777886348607439, 40.496081651029044 ], [ 43.77723133426214, 40.497584208666623 ], [ 43.776063565790274, 40.497082870061298 ], [ 43.775472385663548, 40.498014511099797 ], [ 43.770907182670022, 40.498613514278652 ], [ 43.770018147323448, 40.49985218367592 ], [ 43.76853596872914, 40.499433104041792 ], [ 43.765856210894881, 40.500912131701362 ], [ 43.760323831725792, 40.503167378528616 ], [ 43.754862817704677, 40.506887415841845 ], [ 43.750978311814592, 40.509094654402134 ], [ 43.748749607920331, 40.507764811908594 ], [ 43.745224134084737, 40.509554624970015 ], [ 43.745141114014039, 40.505780612902761 ], [ 43.74613210647049, 40.505143000934964 ], [ 43.74673815597734, 40.503006373386683 ], [ 43.742831671605792, 40.50246866760699 ], [ 43.744053798030308, 40.498924955885329 ], [ 43.747410797271407, 40.497925822976697 ], [ 43.744221286886358, 40.494606339769859 ], [ 43.733481374273225, 40.489947875982814 ], [ 43.729259680956282, 40.491694948841619 ], [ 43.715577037230361, 40.493649395001441 ], [ 43.713969620661338, 40.493419435814047 ], [ 43.712092134330213, 40.496195884060583 ], [ 43.703774268651372, 40.493824319223101 ], [ 43.698273287582076, 40.490681861664918 ], [ 43.695573029473707, 40.489851507619164 ], [ 43.692908658131152, 40.490081995551378 ], [ 43.69040472628933, 40.488882273792015 ], [ 43.69104436488054, 40.485658782542146 ], [ 43.690071422159129, 40.474164998116819 ], [ 43.688767271689869, 40.469242943571949 ], [ 43.687975904691605, 40.464462080238597 ], [ 43.687319497443404, 40.455289419447723 ], [ 43.686636063406155, 40.452633348717647 ], [ 43.679479956103954, 40.452026871389862 ], [ 43.673576355762997, 40.451014851769756 ], [ 43.66366210301566, 40.451648180024101 ], [ 43.65720214644017, 40.450263104551915 ], [ 43.647142404614819, 40.449917934830104 ], [ 43.643960673587884, 40.444981626520786 ], [ 43.641540736684249, 40.444043045997354 ], [ 43.636898566222072, 40.443387701935229 ], [ 43.632424138604186, 40.441718480052607 ], [ 43.632068096865403, 40.440823304237803 ], [ 43.624852130510817, 40.441992560361804 ], [ 43.623034055646364, 40.439531559664253 ], [ 43.623398666122945, 40.437772417114303 ], [ 43.625734511489874, 40.434568717157134 ], [ 43.625794202353234, 40.433389984506483 ], [ 43.625073452440539, 40.430965643082644 ], [ 43.625434451836796, 40.429270195232604 ], [ 43.625997622798373, 40.428618286198017 ], [ 43.628354772647867, 40.427295460002028 ], [ 43.627768791322048, 40.425437842103548 ], [ 43.625992221151201, 40.422985318807932 ], [ 43.626433636186022, 40.421558785610081 ], [ 43.625551754384894, 40.42089093432903 ], [ 43.623283975961371, 40.420584755511307 ], [ 43.618158068845041, 40.420703201543482 ], [ 43.618118016974734, 40.421407847784423 ], [ 43.618490852050797, 40.422507674431429 ], [ 43.617738749182458, 40.423128959934935 ], [ 43.616360253639236, 40.423786210285272 ], [ 43.615150983465902, 40.424510673073584 ], [ 43.613678213992173, 40.425601435745165 ], [ 43.612094762279533, 40.427024539690997 ], [ 43.611227489225797, 40.427927918233799 ], [ 43.611390019838055, 40.431396938414011 ], [ 43.610561197069167, 40.432973536060402 ], [ 43.609744422174593, 40.433963462665815 ], [ 43.609094655250928, 40.435129262859661 ], [ 43.608018318560681, 40.43628992173894 ], [ 43.605157522530334, 40.437957903457949 ], [ 43.597949579643071, 40.440198744898872 ], [ 43.596718777588542, 40.441117220271316 ], [ 43.596357395161654, 40.442309690387894 ], [ 43.595686679771561, 40.443838660570997 ], [ 43.59444612464543, 40.444671189516718 ], [ 43.593744089970258, 40.445597194072654 ], [ 43.593358054286163, 40.446374905840734 ], [ 43.592549477627813, 40.446951867967847 ], [ 43.591605941918857, 40.447179441754969 ], [ 43.590640769729866, 40.447080739780624 ], [ 43.589711310662111, 40.446634727871412 ], [ 43.587894784259355, 40.445705339597581 ], [ 43.586590634588752, 40.445493793037059 ], [ 43.584739751525397, 40.445579807565771 ], [ 43.583932937349559, 40.446069796333596 ], [ 43.583886705275837, 40.446916840235893 ], [ 43.584174464685482, 40.448225108680305 ], [ 43.584012642375768, 40.449157670391962 ], [ 43.583144787513334, 40.449842507443158 ], [ 43.581433249239332, 40.450060578347824 ], [ 43.580599744341839, 40.450463281121756 ], [ 43.579843777540582, 40.451236401627362 ], [ 43.579113946870642, 40.452118506264206 ], [ 43.578614390020846, 40.452873037438543 ], [ 43.577033285387763, 40.453646852937553 ], [ 43.575500318749022, 40.454160437243672 ], [ 43.574761459028224, 40.454792466322857 ], [ 43.573862006680528, 40.455618110592034 ], [ 43.571955208294639, 40.458234044183634 ], [ 43.571243282252482, 40.459605323108249 ], [ 43.570346947212066, 40.460278842679699 ], [ 43.56964310260426, 40.460596134907007 ], [ 43.568017514509805, 40.46077160206444 ], [ 43.5666835426318, 40.460613794427076 ], [ 43.565358036746865, 40.459198548246427 ], [ 43.563533945634944, 40.458676014824924 ], [ 43.562185341075804, 40.458539707046278 ], [ 43.560546723534586, 40.458660573328252 ], [ 43.559098859126856, 40.459174998567363 ], [ 43.557837729308254, 40.459604802258276 ], [ 43.555982041731106, 40.460559634290433 ], [ 43.555201891259962, 40.461114953107426 ], [ 43.554633926009281, 40.462390126533272 ], [ 43.554475106622732, 40.464015135835744 ], [ 43.554373687247512, 40.46476367250289 ], [ 43.553413226340602, 40.465762258972923 ], [ 43.552210467908665, 40.466116663603039 ], [ 43.550513792983224, 40.466942997050829 ], [ 43.549501723398421, 40.467690967826947 ], [ 43.548246224991551, 40.467849067459539 ], [ 43.547107327785262, 40.467878218865465 ], [ 43.546617134720975, 40.468176322416227 ], [ 43.54688382385978, 40.469005548498011 ], [ 43.547368282694791, 40.470293914703184 ], [ 43.547704418926848, 40.471862949369779 ], [ 43.54773978008209, 40.472863132776709 ], [ 43.547437001993814, 40.473706931231298 ], [ 43.547104827175822, 40.474593825971333 ], [ 43.547059976786834, 40.475353932535313 ], [ 43.546836443559492, 40.476481260217327 ], [ 43.546091517368595, 40.476710956311514 ], [ 43.545125063100322, 40.476655323559193 ], [ 43.544102174857002, 40.476577238170762 ], [ 43.543560165505504, 40.476635607237625 ], [ 43.543381933545405, 40.476981095251801 ], [ 43.543745245260986, 40.477289943165353 ], [ 43.544906185364255, 40.477565371396636 ], [ 43.546666996324085, 40.477739668196278 ], [ 43.547317671513156, 40.477921718730215 ], [ 43.547768240198785, 40.478144717402756 ], [ 43.549163769880231, 40.479422789370489 ], [ 43.549638131004805, 40.47986341386239 ], [ 43.550571039601643, 40.480157655973066 ], [ 43.551629919877435, 40.479888400588187 ], [ 43.552663605512898, 40.479466685765239 ], [ 43.553431863145299, 40.47947630737972 ], [ 43.554307875649492, 40.479769806988557 ], [ 43.555128851478209, 40.47997567794409 ], [ 43.555998823574022, 40.48055162393829 ], [ 43.556783446394753, 40.481126497268455 ], [ 43.55736005657365, 40.482111703345971 ], [ 43.557830304043762, 40.482747843881739 ], [ 43.557809370064398, 40.483725587007498 ], [ 43.557726637375168, 40.484930759481969 ], [ 43.557257373482955, 40.485576903051829 ], [ 43.556649541046184, 40.486047446160555 ], [ 43.556000179215104, 40.486463133387204 ], [ 43.555779996190125, 40.486775515687839 ], [ 43.555724963231512, 40.487350763226338 ], [ 43.555927212231893, 40.487874893353649 ], [ 43.556460221863041, 40.488240155836273 ], [ 43.557163286408361, 40.488640139911965 ], [ 43.557617485210137, 40.489363014052962 ], [ 43.557707782219943, 40.489798809569606 ], [ 43.557585804369971, 40.490177621334432 ], [ 43.556967222938631, 40.491147899657335 ], [ 43.55646805020865, 40.491858865737427 ], [ 43.556316903182875, 40.492269911603465 ], [ 43.556412108675822, 40.493140437158623 ], [ 43.556832020521504, 40.493471684430247 ], [ 43.558082862823561, 40.493552503530388 ], [ 43.559017393151187, 40.493781497878295 ], [ 43.559889897800431, 40.494248778872489 ], [ 43.560397073472402, 40.494494167424911 ], [ 43.561047019901537, 40.494719598762273 ], [ 43.56201282196362, 40.49481855807565 ], [ 43.562727119478787, 40.494697046596706 ], [ 43.563499262639041, 40.494532783179032 ], [ 43.564696455852385, 40.494460729835133 ], [ 43.565608579543905, 40.494406858342728 ], [ 43.566636856438485, 40.494245753813757 ], [ 43.567463132687138, 40.494212535893418 ], [ 43.567713267773549, 40.494498171631385 ], [ 43.567675563109994, 40.494932372290329 ], [ 43.567210019958075, 40.495404734277081 ], [ 43.566783461732044, 40.496051445183895 ], [ 43.566496481866231, 40.496493419195097 ], [ 43.566455992039629, 40.497057985091629 ], [ 43.566345272216275, 40.497578212594718 ], [ 43.566517782872985, 40.498167154952974 ], [ 43.566638460489663, 40.49851638659996 ], [ 43.567431601629934, 40.499373827076248 ], [ 43.568264778413301, 40.499688423555135 ], [ 43.568751096416797, 40.500248651172967 ], [ 43.569017482161243, 40.501110420019444 ], [ 43.568743295306518, 40.501954625272958 ], [ 43.568942453360862, 40.502630827408993 ], [ 43.569431568307969, 40.503060686390782 ], [ 43.570849471555285, 40.503328170438941 ], [ 43.572258223951764, 40.503356456816938 ], [ 43.573530872512087, 40.503089644758944 ], [ 43.57550617037078, 40.502581551193238 ], [ 43.576756061403202, 40.502716490564595 ], [ 43.577582896547064, 40.503335209385874 ], [ 43.582181112594583, 40.507539890195766 ], [ 43.58472498390212, 40.507895651876908 ], [ 43.588450006635412, 40.506967527215188 ], [ 43.597838025595991, 40.511208504000926 ], [ 43.600736706593246, 40.512530164771889 ], [ 43.60223019429209, 40.513287181482106 ], [ 43.603354518072337, 40.513996249297946 ], [ 43.604396161202999, 40.514573906957203 ], [ 43.605818283861666, 40.51465628004523 ], [ 43.606913171557828, 40.51403922103971 ], [ 43.607894612799953, 40.513399050975252 ], [ 43.608754972547715, 40.513105148636292 ], [ 43.609611284203865, 40.513006791749966 ], [ 43.610376353652477, 40.513189865168641 ], [ 43.612210938456379, 40.51536352722399 ], [ 43.613251592811025, 40.517375497561964 ], [ 43.614106882862565, 40.518711499253044 ], [ 43.615927121789412, 40.520211194439007 ], [ 43.616535184408491, 40.521109547623453 ], [ 43.61694127327435, 40.522135879669975 ], [ 43.617203667874122, 40.523225690179665 ], [ 43.617585770895204, 40.524034398804595 ], [ 43.618485769774509, 40.524588500989424 ], [ 43.62007941520649, 40.524651017312372 ], [ 43.621594321649354, 40.524386571356359 ], [ 43.623050045230997, 40.524230066886524 ], [ 43.623992791243616, 40.524089167641108 ], [ 43.624768689761822, 40.523750673845747 ], [ 43.625570834101495, 40.523521154030853 ], [ 43.625920505725361, 40.523134113194672 ], [ 43.626042387907155, 40.522744361971441 ], [ 43.625803885108077, 40.521872189026922 ], [ 43.625019526791071, 40.521232586532342 ], [ 43.624512797275962, 40.52094401938156 ], [ 43.624182238364135, 40.520396747701419 ], [ 43.624251624720628, 40.519789038938583 ], [ 43.624801474348459, 40.519360918361926 ], [ 43.626600960592526, 40.519099793546452 ], [ 43.628110844166244, 40.519074268972787 ], [ 43.630189275402522, 40.519098935088536 ], [ 43.631614185815565, 40.519050623590296 ], [ 43.632550218052465, 40.519235575654612 ], [ 43.633194473754251, 40.519764802650066 ], [ 43.633767232526004, 40.521010382991442 ], [ 43.634554760515094, 40.521497830055708 ], [ 43.636257399541904, 40.521800478773898 ], [ 43.637557471177644, 40.522293955537329 ], [ 43.637830762138464, 40.522862247360855 ], [ 43.637727299889548, 40.523752096911856 ], [ 43.637423195281322, 40.524704779755545 ], [ 43.636682716203858, 40.526054491671275 ], [ 43.635743174477206, 40.526849462421154 ], [ 43.634528053083329, 40.52744530114402 ], [ 43.633551506528981, 40.527846686980936 ], [ 43.632545147485054, 40.528312911686768 ], [ 43.631709187311586, 40.52880287959546 ], [ 43.631038763315587, 40.52955560391797 ], [ 43.63064645165511, 40.530637622238338 ], [ 43.630096691578345, 40.532456706122296 ], [ 43.630093045929499, 40.533872416001962 ], [ 43.629561843094571, 40.534778915454723 ], [ 43.629065750016288, 40.535359828732112 ], [ 43.62830668977135, 40.53626361730192 ], [ 43.628147891032491, 40.537065865096977 ], [ 43.628217811735631, 40.537827362579065 ], [ 43.62869088461624, 40.538376313807873 ], [ 43.629903118340977, 40.5389992336953 ], [ 43.631288026547033, 40.539537253931137 ], [ 43.632534090280643, 40.539899747089535 ], [ 43.634094854901257, 40.540123455662886 ], [ 43.635157020088023, 40.5397230785914 ], [ 43.635256576877843, 40.539028787915456 ], [ 43.635283482969918, 40.537703371471238 ], [ 43.635167550932131, 40.536398000304899 ], [ 43.63509931681957, 40.53554959300417 ], [ 43.63551212932353, 40.534859002973555 ], [ 43.636488767635072, 40.53445760249658 ], [ 43.637602942026902, 40.53429688311234 ], [ 43.638599239321948, 40.534330363943717 ], [ 43.639359357520334, 40.534773988202204 ], [ 43.639457003097796, 40.535579273048747 ], [ 43.639721568851044, 40.536582123962155 ], [ 43.639826254315864, 40.537039757426356 ], [ 43.640301175717568, 40.537501749879112 ], [ 43.641039009909555, 40.537640833674175 ], [ 43.641924446910579, 40.537598141425036 ], [ 43.642389335490975, 40.53714720611174 ], [ 43.642264312778266, 40.534874599496149 ], [ 43.642335528942802, 40.5341691019755 ], [ 43.643345208176996, 40.532833496285832 ], [ 43.644641593652487, 40.532109780787245 ], [ 43.646128541483364, 40.531822952139819 ], [ 43.647325897742896, 40.531771780516308 ], [ 43.648405412934615, 40.531914818113769 ], [ 43.649422741226353, 40.532317919211636 ], [ 43.650122901624385, 40.532912905611333 ], [ 43.650339384247623, 40.533480503564256 ], [ 43.650577807556587, 40.534374358210499 ], [ 43.650676459415791, 40.535136179195746 ], [ 43.650860550372364, 40.53589899803417 ], [ 43.650975042961491, 40.53729127157132 ], [ 43.650865622238001, 40.538485329070632 ], [ 43.65059621700231, 40.539134182982181 ], [ 43.649722165850214, 40.540101969416597 ], [ 43.646461893525348, 40.542900292341749 ], [ 43.64504608716878, 40.544498009797572 ], [ 43.644403254341526, 40.546104784384205 ], [ 43.644253021030806, 40.547500026426725 ], [ 43.643563185773239, 40.549416689098926 ], [ 43.642246967830694, 40.552993659160094 ], [ 43.642210776704559, 40.555414744179316 ], [ 43.641415758760303, 40.557004700154287 ], [ 43.64188546987306, 40.559208978306458 ], [ 43.642861079080753, 40.561377127615359 ], [ 43.644353080317011, 40.562770862304212 ], [ 43.644974964200131, 40.563238139498729 ], [ 43.64761981236181, 40.563520569920669 ], [ 43.649186364528333, 40.563560637724315 ], [ 43.653337521858866, 40.56403291809206 ], [ 43.65589388555609, 40.564453898817206 ], [ 43.661958624301654, 40.564719926245985 ], [ 43.663627078768549, 40.565369511152319 ], [ 43.666094639676011, 40.566118792161141 ], [ 43.669100156354979, 40.566892400922164 ], [ 43.67137267052523, 40.567266301379675 ], [ 43.672582390292277, 40.568062611641622 ], [ 43.673105724621095, 40.568981424391488 ], [ 43.673137381460222, 40.570264052331744 ], [ 43.672751500801859, 40.57104201628578 ], [ 43.671829372779783, 40.571553013091481 ], [ 43.670135294979175, 40.572185514866618 ], [ 43.669293879459516, 40.572936486662435 ], [ 43.669199351008665, 40.573391796079221 ], [ 43.668872550907423, 40.574061760896996 ], [ 43.669315989413789, 40.574697136421968 ], [ 43.67065022667353, 40.576407698367419 ], [ 43.671552309976008, 40.577548194130173 ], [ 43.671905008795378, 40.578590373074469 ], [ 43.673395183276803, 40.579210456579155 ], [ 43.675650471005135, 40.578463989984158 ], [ 43.677068477794677, 40.578050668144137 ], [ 43.678046368077446, 40.577605468429489 ], [ 43.678957418052605, 40.577659360963061 ], [ 43.679482193865468, 40.578512960728879 ], [ 43.679397415546838, 40.579924653495503 ], [ 43.679511695811726, 40.581360355603621 ], [ 43.679498872471271, 40.58201220667749 ], [ 43.681073891960196, 40.583095136720686 ], [ 43.682692814349288, 40.58339614900693 ], [ 43.684487008561732, 40.583481802975953 ], [ 43.685474281629659, 40.58401464440076 ], [ 43.685567004814615, 40.585102362673659 ], [ 43.685292625837334, 40.586012035589029 ], [ 43.683448919555929, 40.587947773043069 ], [ 43.682880525040979, 40.589310484902583 ], [ 43.682602251943415, 40.590415705224984 ], [ 43.682557965534265, 40.591219329405135 ], [ 43.682946770136532, 40.591745362308046 ], [ 43.684843426208822, 40.591302487009365 ], [ 43.686728883137285, 40.592562740779762 ], [ 43.688243858698939, 40.593818755518939 ], [ 43.689268794812136, 40.595351720484395 ], [ 43.690215844465129, 40.597621772076778 ], [ 43.689493079186882, 40.600006712340068 ], [ 43.691759137917941, 40.60143419941015 ], [ 43.693419060858538, 40.602583121866992 ], [ 43.69465987345756, 40.603292618969547 ], [ 43.695188306567083, 40.604711249874974 ], [ 43.695243515843408, 40.605537735176569 ], [ 43.695466728209389, 40.605790189113442 ], [ 43.696058662192016, 40.606144606752551 ], [ 43.697081622142875, 40.606330020641757 ], [ 43.698393056926804, 40.606344812376996 ], [ 43.699808277664438, 40.606154292639623 ], [ 43.700773809103154, 40.606360760326844 ], [ 43.701438684120163, 40.607367967124716 ], [ 43.701556833440634, 40.608629821070593 ], [ 43.701684241637082, 40.609413648656044 ], [ 43.702414591114682, 40.609986922036391 ], [ 43.704744524945703, 40.610426014656646 ], [ 43.706082039451665, 40.610571411076492 ], [ 43.707349971328078, 40.611368008673836 ], [ 43.706935304200798, 40.61216749317753 ], [ 43.704966716008528, 40.61221062830937 ], [ 43.704411552642952, 40.612899861598507 ], [ 43.704684922504953, 40.61351145791722 ], [ 43.705474671194523, 40.61561749627618 ], [ 43.705685999934225, 40.616489192393921 ], [ 43.706191701564492, 40.61688605762189 ], [ 43.708069022652531, 40.617146145297582 ], [ 43.708231680317354, 40.617330027058834 ], [ 43.70759557053816, 40.61777930450225 ], [ 43.706251199750106, 40.61798157898162 ], [ 43.705663290012346, 40.618887782127864 ], [ 43.705924949538478, 40.62010777213851 ], [ 43.706419777235766, 40.621069576347779 ], [ 43.706974585340227, 40.621879918085703 ], [ 43.707700086836333, 40.622713901070313 ], [ 43.708409470586624, 40.624055210371218 ], [ 43.70853591827575, 40.625211551424414 ], [ 43.707717217520234, 40.626303640052505 ], [ 43.70817209991305, 40.626789231760533 ], [ 43.71132514518569, 40.628762978217758 ], [ 43.711676260628771, 40.629788354168838 ], [ 43.711059586821612, 40.630705128472677 ], [ 43.710848451343516, 40.631300431805109 ], [ 43.71085163352587, 40.631876395032037 ], [ 43.711115472637644, 40.632248804033019 ], [ 43.712856273034433, 40.633955213231197 ], [ 43.714281702042456, 40.635287457907502 ], [ 43.71468985132357, 40.635574533373237 ], [ 43.715058137951537, 40.635709031925828 ], [ 43.715587672091729, 40.635617125809254 ], [ 43.715724768364176, 40.635162255702802 ], [ 43.715555830092704, 40.634301918097904 ], [ 43.7157096832996, 40.633716835628675 ], [ 43.716017276577645, 40.633296461338567 ], [ 43.716902679850989, 40.633241106280046 ], [ 43.717909982273348, 40.633523961696369 ], [ 43.718785207749164, 40.634000940687315 ], [ 43.719963451831845, 40.634296541831667 ], [ 43.721549052499341, 40.63492263978322 ], [ 43.721833548978509, 40.635672986929258 ], [ 43.720329405817552, 40.635981222775378 ], [ 43.719213712876162, 40.63614271476159 ], [ 43.71871636598317, 40.636789189146029 ], [ 43.719314857059508, 40.637567355764155 ], [ 43.718951256396963, 40.637932784272003 ], [ 43.718305744728681, 40.638121217102672 ], [ 43.718167619900683, 40.638630411440012 ], [ 43.718428200207377, 40.639176632222757 ], [ 43.719105217207108, 40.640009223063075 ], [ 43.7193942863844, 40.640659667822057 ], [ 43.719586731319097, 40.641439587620205 ], [ 43.718813525391411, 40.640844215152789 ], [ 43.717592177959361, 40.640558989865497 ], [ 43.716590499733783, 40.640721722580309 ], [ 43.715798792044112, 40.641093246995808 ], [ 43.715318345729699, 40.641598628855327 ], [ 43.715525686075104, 40.642892547915174 ], [ 43.716131481103119, 40.643290482616543 ], [ 43.717093436596613, 40.643714105987371 ], [ 43.718370019330884, 40.644097748775849 ], [ 43.718415429238895, 40.644706779294339 ], [ 43.717417019359544, 40.644695690461937 ], [ 43.716508351899918, 40.644468260034174 ], [ 43.715731486935297, 40.644807348990156 ], [ 43.715663184713229, 40.645393382192495 ], [ 43.716051722020566, 40.645962764420105 ], [ 43.71655770412908, 40.646359586570142 ], [ 43.71777936000138, 40.646633959826758 ], [ 43.718430071508358, 40.64692371594635 ], [ 43.718651219620433, 40.647295633233007 ], [ 43.71851923241627, 40.648228690179351 ], [ 43.718897220121974, 40.649458681029969 ], [ 43.719607817005688, 40.650232960735657 ], [ 43.719972870905281, 40.650541272302966 ], [ 43.720640709022483, 40.651626840661748 ], [ 43.721074310277203, 40.652710914617145 ], [ 43.721002014233825, 40.653794981805191 ], [ 43.720839387720318, 40.654517691733105 ], [ 43.720496086100447, 40.655131992428402 ], [ 43.71986370322756, 40.655619814638243 ], [ 43.719880389324103, 40.656669036762395 ], [ 43.720283499148344, 40.657227699180261 ], [ 43.720681840417221, 40.658036237261136 ], [ 43.721495150898591, 40.658784171858642 ], [ 43.721866642799391, 40.659505476203393 ], [ 43.722470095507624, 40.660783539171327 ], [ 43.722787444342643, 40.661352109928451 ], [ 43.723316105035067, 40.662064281911753 ], [ 43.723937809860594, 40.66313607502066 ], [ 43.72444603723028, 40.663424221869647 ], [ 43.72596950936348, 40.662854255978743 ], [ 43.727146007640194, 40.662519507415105 ], [ 43.728226985299656, 40.662705287145627 ], [ 43.729009839652655, 40.663561498338012 ], [ 43.72951149328108, 40.664197279024428 ], [ 43.729848958230825, 40.664461789391339 ], [ 43.730356397244861, 40.664793367667279 ], [ 43.730695102752357, 40.665286233937799 ], [ 43.731282298305842, 40.665575326635881 ], [ 43.73198188112616, 40.66571448014836 ], [ 43.732818813671706, 40.66492314196315 ], [ 43.733148325212056, 40.664100903861573 ], [ 43.733670167195804, 40.663671969547103 ], [ 43.734247016073589, 40.663352301223512 ], [ 43.734959137224273, 40.663425307312522 ], [ 43.735202394662167, 40.664145163338482 ], [ 43.73504781296603, 40.664773727334911 ], [ 43.734858670361504, 40.666522159511217 ], [ 43.736815119083943, 40.667758636253353 ], [ 43.73968989442907, 40.668181256691632 ], [ 43.743238156763702, 40.669219665626905 ], [ 43.743965429195207, 40.670009971202873 ], [ 43.743352249375064, 40.672263530926777 ], [ 43.743816590838385, 40.673376969359452 ], [ 43.748786230909538, 40.675107656947539 ], [ 43.749743979414049, 40.675791759098963 ], [ 43.750210074590839, 40.676818258627975 ], [ 43.750280270279411, 40.677644872998307 ], [ 43.749620703219612, 40.67933290350004 ], [ 43.748149731485711, 40.681664121189137 ], [ 43.743292175477649, 40.687039494488459 ], [ 43.741499085653899, 40.688593843922519 ], [ 43.739186341308134, 40.691665339421647 ], [ 43.742402333459715, 40.694664637708513 ], [ 43.743706505782193, 40.696678271945046 ], [ 43.745040104651949, 40.699940471396957 ], [ 43.744678719368714, 40.701241348352475 ], [ 43.744787095868901, 40.702542231596119 ], [ 43.743522266567822, 40.70626418201519 ], [ 43.74355837786419, 40.707312115053618 ], [ 43.742365856348286, 40.709444099803115 ], [ 43.740631320379762, 40.710781093977054 ], [ 43.738819700857562, 40.711396894846608 ], [ 43.735989913232423, 40.711518062979003 ], [ 43.73531752729712, 40.712336544723186 ], [ 43.735644563203074, 40.713165977156287 ], [ 43.738618290236069, 40.71457767688559 ], [ 43.738607627947552, 40.715243814136088 ], [ 43.737520768532924, 40.716685993647722 ], [ 43.737358961516804, 40.717661716575371 ], [ 43.743865146623108, 40.723880294210559 ], [ 43.746864350230254, 40.72581358926157 ], [ 43.746828062511099, 40.732390268951619 ], [ 43.745490967889012, 40.735859269156599 ], [ 43.744370732400895, 40.737340813970405 ], [ 43.744130956708375, 40.740990730944496 ], [ 43.741689033218137, 40.743056711088848 ], [ 43.741543622978561, 40.744706814645163 ], [ 43.74043175797491, 40.746085577689449 ], [ 43.740105861737156, 40.748211828195451 ], [ 43.737974422758505, 40.751252936320874 ], [ 43.735901076994104, 40.758192313417496 ], [ 43.734369795160319, 40.760589884901016 ], [ 43.7323542100956, 40.762290401855154 ], [ 43.729611553188228, 40.76571755618447 ], [ 43.729668981917492, 40.769132984663258 ], [ 43.72886790153153, 40.771249362024882 ], [ 43.725326395155847, 40.776909046497636 ], [ 43.723736334918641, 40.781100755374908 ], [ 43.723645942443603, 40.783413432891216 ], [ 43.724846363606133, 40.784953558014841 ], [ 43.723857280517137, 40.786629568340715 ], [ 43.722471441517804, 40.787569011731016 ], [ 43.722218444208437, 40.789664873434901 ], [ 43.723031475003346, 40.790459867650654 ], [ 43.722886916135437, 40.791182577814382 ], [ 43.719291364967859, 40.79405531019885 ], [ 43.716978528309262, 40.801083654363588 ], [ 43.716843427669097, 40.80329408749207 ], [ 43.713438193569218, 40.805286891422334 ], [ 43.712560201620413, 40.806453310709962 ], [ 43.710543559667272, 40.811688698179779 ], [ 43.707142098180356, 40.816906910822112 ], [ 43.706526173741253, 40.8203456066827 ], [ 43.702325029766044, 40.824499329781091 ], [ 43.700518196500461, 40.826956526663992 ], [ 43.695869343178209, 40.829166254223885 ], [ 43.69403922897871, 40.830790834907511 ], [ 43.691895533104635, 40.833808773107279 ], [ 43.688509932302459, 40.835539782267681 ], [ 43.686225661558865, 40.837376372225741 ], [ 43.678806273142932, 40.844884302205543 ], [ 43.677855724726641, 40.846633724968271 ], [ 43.680888872629964, 40.856752245289513 ], [ 43.681365501401523, 40.864248213642661 ], [ 43.680674882004936, 40.865491506936266 ], [ 43.676956859034561, 40.868909647419798 ], [ 43.675380228404762, 40.870902983694016 ], [ 43.675260091165363, 40.872826267451593 ], [ 43.675886435775567, 40.874230395274402 ], [ 43.676378491812507, 40.877437642349662 ], [ 43.675458542328279, 40.881728270846068 ], [ 43.674302083923749, 40.88450071289062 ], [ 43.674317278068379, 40.887281433812028 ], [ 43.677317595476417, 40.895433186091601 ], [ 43.676648254743, 40.897403128540425 ], [ 43.677230080819058, 40.898387751243355 ], [ 43.681743610700558, 40.90306471201238 ], [ 43.679259654841559, 40.905805652678403 ], [ 43.678272566011323, 40.906468034754404 ], [ 43.676888469028995, 40.908364581352188 ], [ 43.675373240871195, 40.9096511055658 ], [ 43.671844359360087, 40.91051896911037 ], [ 43.670925796248085, 40.911468364808933 ], [ 43.670091389690675, 40.913501146118698 ], [ 43.671190492073819, 40.915665014438524 ], [ 43.67214590744242, 40.918895074901521 ], [ 43.672735494677418, 40.919791369186584 ], [ 43.674209344612564, 40.920944881175657 ], [ 43.672294107016597, 40.923293669717495 ], [ 43.674326355015197, 40.928076121751985 ], [ 43.676320823243763, 40.93007665503891 ], [ 43.675567058095247, 40.932140401277557 ], [ 43.671498801871572, 40.937133595578757 ], [ 43.6630300865694, 40.94297895505003 ], [ 43.653459599220177, 40.949051775316278 ], [ 43.6465747547905, 40.953918133994151 ], [ 43.636215610962331, 40.959880344870982 ], [ 43.615214923171102, 40.97328857257807 ], [ 43.60972625714011, 40.97608847740193 ], [ 43.600126889925981, 40.982674703480427 ], [ 43.595533365002346, 40.984270421579957 ], [ 43.593606490329989, 40.985876799296264 ], [ 43.592412317284222, 40.986267364122682 ], [ 43.586713640252576, 40.986476994937433 ], [ 43.584450082000046, 40.987590148475739 ], [ 43.582191619373461, 40.989931136072599 ], [ 43.579182137611205, 40.991176237169043 ], [ 43.577157431611418, 40.993302688922505 ], [ 43.576032596497811, 40.993593037497078 ], [ 43.571444735788731, 40.993536252068061 ], [ 43.568368148049736, 40.993889239339033 ], [ 43.564082114154068, 40.993140497797853 ], [ 43.56159349198591, 40.994152578201636 ], [ 43.557883560759812, 40.994314177729791 ], [ 43.5553325590691, 40.995148874276268 ], [ 43.552200214489169, 40.997425072399125 ], [ 43.547283733926378, 40.998916655830634 ], [ 43.544186480612765, 41.000425154214149 ], [ 43.538644978709932, 41.004416300781124 ], [ 43.524009900828098, 41.012582749743132 ], [ 43.51905929880904, 41.014100378297101 ], [ 43.516782751661985, 41.0144978392211 ], [ 43.506484191186388, 41.011823665655207 ], [ 43.504171489839159, 41.013016109355455 ], [ 43.498642706783684, 41.015075764133762 ], [ 43.495260417705282, 41.0163197808509 ], [ 43.491234886879376, 41.016701766311705 ], [ 43.487657467829649, 41.01681012484606 ], [ 43.484369144846866, 41.016412588839586 ], [ 43.469315426292383, 41.030162639374019 ], [ 43.468721511749926, 41.031024001936125 ], [ 43.468256372770604, 41.034994658150822 ], [ 43.468436243217212, 41.0462716053975 ], [ 43.470692336749281, 41.061388518461428 ], [ 43.471259768822271, 41.068041154360607 ], [ 43.469154840460725, 41.069495583934554 ], [ 43.465608786386305, 41.07133901930888 ], [ 43.459741440691822, 41.073596847657818 ], [ 43.458603228338568, 41.074983254076024 ], [ 43.458006794173684, 41.079595334254698 ], [ 43.456017376376522, 41.084490765126233 ], [ 43.452965719362659, 41.086786251043165 ], [ 43.449261806794254, 41.087707658845908 ], [ 43.448304182234061, 41.089116934400835 ], [ 43.447218863601151, 41.093150895210705 ], [ 43.446689836370702, 41.097316135604238 ], [ 43.446713992312638, 41.098728983174333 ], [ 43.452242552288617, 41.106118788638156 ], [ 43.456108979087638, 41.1092445705373 ], [ 43.457951736013491, 41.115785139523538 ], [ 43.458385267416695, 41.119796197274624 ], [ 43.466120928663159, 41.121900362537907 ], [ 43.473826992769197, 41.123297332599911 ], [ 43.475470795927222, 41.123819959824104 ], [ 43.478153272137249, 41.125257838337909 ], [ 43.480914789456797, 41.126145750264619 ], [ 43.483958549007532, 41.126286019227322 ], [ 43.490855663664291, 41.125925803898539 ], [ 43.493363964394611, 41.126309239549045 ], [ 43.498835894317111, 41.128077354679014 ], [ 43.500582260354989, 41.128699124116551 ], [ 43.502671587467141, 41.129724674285924 ], [ 43.504496972381276, 41.130746761633624 ], [ 43.505879367851655, 41.13189619156244 ], [ 43.507768743647453, 41.133983989422546 ], [ 43.509082839927899, 41.134267238224858 ], [ 43.512169157234162, 41.134040907444131 ], [ 43.519569359749141, 41.13380345617427 ], [ 43.525908954398879, 41.133751636155857 ], [ 43.528200152710617, 41.133647815338527 ], [ 43.530128914811222, 41.134005233586628 ], [ 43.532300964118363, 41.135297537147125 ], [ 43.534129936928402, 41.136186085433948 ], [ 43.536291782289112, 41.137944093315866 ], [ 43.539603868527635, 41.139450414749739 ], [ 43.544940544323467, 41.140982232251041 ], [ 43.545614392454318, 41.14118575371981 ], [ 43.551150364384398, 41.142857580416823 ], [ 43.554619178911686, 41.143643699476641 ], [ 43.557476985023591, 41.144315986559413 ], [ 43.561084926733855, 41.144660624441102 ], [ 43.564741606336582, 41.145043195142783 ], [ 43.567766045049865, 41.144893642606263 ], [ 43.570849737575145, 41.144295475832948 ], [ 43.575029153400351, 41.143411272551212 ], [ 43.580507085956725, 41.142018776346667 ], [ 43.588574629111243, 41.139946430962794 ], [ 43.59071641591504, 41.139373625566073 ], [ 43.592362266772, 41.138832159483073 ], [ 43.593316730275397, 41.138379548759893 ], [ 43.59391946092309, 41.137802877840642 ], [ 43.594432931716341, 41.13694804135266 ], [ 43.594611017235231, 41.135564962256545 ], [ 43.595258607186402, 41.133064430130702 ], [ 43.595487763226352, 41.131607092636777 ], [ 43.595618676067375, 41.13116269936576 ], [ 43.595908538615845, 41.130451603319372 ], [ 43.59656963643998, 41.129635994030146 ], [ 43.597970071020789, 41.128979139551923 ], [ 43.599806448280475, 41.128776836472611 ], [ 43.602626515800708, 41.128885956279412 ], [ 43.606870306028469, 41.129573821791311 ], [ 43.611011234010718, 41.130447487306675 ], [ 43.612341536920859, 41.130763032427573 ], [ 43.61397360983279, 41.130857558765065 ], [ 43.61780353092432, 41.130042467124831 ], [ 43.623559304381871, 41.129474910406408 ], [ 43.630500733584348, 41.129033484687469 ], [ 43.634409189487904, 41.12919219679447 ], [ 43.637466032812341, 41.129827421455964 ], [ 43.641602779567613, 41.130924574274523 ], [ 43.644310926409069, 41.13166782246563 ], [ 43.651007692085038, 41.133506083522427 ], [ 43.656729934192867, 41.134583809911419 ], [ 43.662015154218039, 41.135244343138709 ], [ 43.66468408059373, 41.1354999457349 ], [ 43.667110026097191, 41.135528038400992 ], [ 43.670734776419991, 41.135045766991766 ], [ 43.674756299154751, 41.134530507456056 ], [ 43.67926984031493, 41.134170504787519 ], [ 43.681698000783804, 41.134085997367094 ], [ 43.683830601534481, 41.133923183430106 ], [ 43.684777240234659, 41.13363447873158 ], [ 43.686338123685296, 41.132341905899644 ], [ 43.690049304507895, 41.129988036116202 ], [ 43.695886659542602, 41.127770449376158 ], [ 43.701219748459245, 41.125996155380221 ], [ 43.708189774127241, 41.124052780989459 ], [ 43.71345592991139, 41.123138277841832 ], [ 43.718278628194284, 41.122106280359908 ], [ 43.722567573053702, 41.120506569977849 ], [ 43.728057989918511, 41.118208616141395 ], [ 43.733444001621564, 41.116171327435659 ], [ 43.739534778481662, 41.113505021989297 ], [ 43.751301926722029, 41.109065500849574 ], [ 43.753542409461012, 41.110999185165817 ], [ 43.759237191455227, 41.116152452808258 ], [ 43.763870539403243, 41.119871346130893 ], [ 43.769496551837221, 41.123488339400495 ], [ 43.77615235659993, 41.127677595858827 ], [ 43.777714996094566, 41.128854814066443 ], [ 43.778836291044364, 41.129802695715078 ], [ 43.781486819291722, 41.131066267852972 ], [ 43.785644622334949, 41.133843260876176 ], [ 43.78960541612792, 41.1365805955556 ], [ 43.795149633044964, 41.139409242989224 ], [ 43.797898224966801, 41.141616297181073 ], [ 43.800521910251504, 41.143546219808073 ], [ 43.804203107030609, 41.145381590392475 ], [ 43.808870862974466, 41.14745168347887 ], [ 43.814606336015643, 41.15030009135949 ], [ 43.822731677203691, 41.153877773510104 ], [ 43.829745024795827, 41.156894478835135 ], [ 43.83420464937447, 41.158686874405241 ], [ 43.836955380005698, 41.160012584325635 ], [ 43.838335192492323, 41.160425861456645 ], [ 43.840778730542986, 41.160450475465751 ], [ 43.843487313702802, 41.160427779403442 ], [ 43.845929104990162, 41.160552105652314 ], [ 43.848758425271981, 41.161179447185411 ], [ 43.851141281652943, 41.161881412479111 ], [ 43.853618617935993, 41.162775418119836 ], [ 43.855036601766024, 41.162961897433931 ], [ 43.858105720407281, 41.163104678953509 ], [ 43.863012775864632, 41.162966014899787 ], [ 43.868363686201739, 41.162943822117569 ], [ 43.873812383141804, 41.162997215572261 ], [ 43.879107391754999, 41.163348373136763 ], [ 43.886320363243136, 41.164541517279758 ], [ 43.890614767065557, 41.165481503248856 ], [ 43.893473996503971, 41.166332674380655 ], [ 43.894655325008245, 41.16679329052706 ], [ 43.896432373735749, 41.167184723787166 ], [ 43.898858445475533, 41.167282817341551 ], [ 43.902275275103285, 41.16739030545655 ], [ 43.904151463799941, 41.167782564613127 ], [ 43.905576227581122, 41.168507461889838 ], [ 43.907197310958573, 41.169346523068043 ], [ 43.909990642391556, 41.171207529827875 ], [ 43.910820434208162, 41.171964172076585 ], [ 43.911756758470048, 41.172272537315081 ], [ 43.913437453970857, 41.172513040560176 ], [ 43.915073558028411, 41.172453580743962 ], [ 43.917112156707148, 41.172023485611966 ], [ 43.919540291188127, 41.17200884473916 ], [ 43.922213066309411, 41.17218364057716 ], [ 43.924528659563613, 41.172991513869881 ], [ 43.927097520090548, 41.173464743734073 ], [ 43.929764286234338, 41.174013704068145 ], [ 43.932382162396927, 41.174524710579753 ], [ 43.934597058650063, 41.175443767620564 ], [ 43.936819281664114, 41.175913573622374 ], [ 43.938945465505171, 41.176195254660769 ], [ 43.941225728238109, 41.176141354600261 ], [ 43.94380806609086, 41.175790662275247 ], [ 43.946542607313262, 41.175216666085639 ], [ 43.948533348693807, 41.174673257132717 ], [ 43.950026234975724, 41.174275037053413 ], [ 43.950427957319782, 41.173941740058908 ], [ 43.950633297708038, 41.173494333759706 ], [ 43.95012059327756, 41.171467917991464 ], [ 43.949305896908704, 41.169738262881573 ], [ 43.948872599234178, 41.16894807597393 ], [ 43.948732357008438, 41.168422640159434 ], [ 43.948739535385144, 41.167973428743821 ], [ 43.949190763590913, 41.16764058838951 ], [ 43.950339705676534, 41.167052025183821 ], [ 43.952485931816767, 41.166060687051505 ], [ 43.954527074643288, 41.165442752157077 ], [ 43.95781416542485, 41.161234958762861 ], [ 43.957635708154505, 41.159612590937442 ], [ 43.957928088948243, 41.158550864001612 ], [ 43.959232372094256, 41.156400386500671 ], [ 43.957792248170769, 41.154247938844286 ], [ 43.957916777090198, 41.151572556434161 ], [ 43.956762893078597, 41.149326617973124 ], [ 43.956620921734086, 41.147812717241415 ], [ 43.955441757142616, 41.144403070782701 ], [ 43.955394742748844, 41.142437406408114 ], [ 43.954596889729039, 41.140591950514654 ], [ 43.956178698572167, 41.13904129950668 ], [ 43.957000902044136, 41.136506008427347 ], [ 43.959418528293, 41.133444392556385 ], [ 43.96009474415149, 41.13097171440478 ], [ 43.961519553536625, 41.128111026342722 ], [ 43.955777851581416, 41.125600097457109 ], [ 43.954210854914443, 41.122756953797897 ], [ 43.951491919254487, 41.119903084620397 ], [ 43.953817757017333, 41.117241411668253 ], [ 43.953882015426316, 41.115985470495232 ], [ 43.953074721751079, 41.113346653837596 ], [ 43.952041609253271, 41.112627116292202 ], [ 43.951417733361289, 41.111333070782273 ], [ 43.951418400494042, 41.110334076420656 ], [ 43.954370033280341, 41.106181967844208 ], [ 43.954240581594284, 41.105632077929137 ], [ 43.95023872885448, 41.101668442762985 ], [ 43.949115858564483, 41.096774247482735 ], [ 43.950025231172354, 41.094748692016609 ], [ 43.954609987522787, 41.089722628408985 ], [ 43.963033885250745, 41.085933176640353 ], [ 43.964414859048979, 41.084520898683571 ], [ 43.966149182723782, 41.081699193989806 ], [ 43.97060729935999, 41.078768340937792 ], [ 43.971975005944799, 41.077526977054909 ], [ 43.974813005160172, 41.076265684064275 ], [ 43.975927470022448, 41.076314502571826 ], [ 43.97806793447694, 41.07582656257182 ], [ 43.97967847481884, 41.075970531633359 ], [ 43.9800994129372, 41.075377661340738 ], [ 43.983761748400767, 41.077680061702495 ], [ 43.984769079927553, 41.075185451607979 ], [ 43.989617987695063, 41.07130371776379 ], [ 43.995237704278338, 41.07062621018671 ], [ 43.999031205056525, 41.067662547093754 ], [ 44.003375244484602, 41.065465427189274 ], [ 44.007319740465775, 41.063890250695998 ], [ 44.016899255006479, 41.058881515338847 ], [ 44.013494117854442, 41.05180764366132 ], [ 44.025341113422797, 41.040274506541373 ], [ 44.034342970339175, 41.033031043668757 ], [ 44.038568983188611, 41.029933445970315 ], [ 44.040023251958324, 41.029319008350875 ], [ 44.040715275780798, 41.028352369126239 ], [ 44.04251078203967, 41.027008925416929 ], [ 44.043554648806015, 41.026636645226688 ], [ 44.046008205741899, 41.026436473661747 ], [ 44.046031949976665, 41.02547928717766 ], [ 44.048866217991097, 41.024557891094837 ], [ 44.051467299510755, 41.024672075285515 ], [ 44.052875515616286, 41.025177386708108 ], [ 44.054174145200925, 41.025022659222749 ], [ 44.055814982677774, 41.024294304579314 ], [ 44.056885860509027, 41.024338163206266 ], [ 44.058531009847137, 41.02307094598379 ], [ 44.059537055082473, 41.023021531492709 ], [ 44.05917676959406, 41.021992197219518 ], [ 44.057732056086252, 41.02145044810139 ], [ 44.05726424445561, 41.02000034372486 ], [ 44.056057305990301, 41.018604496688809 ], [ 44.052772473598843, 41.016602625375342 ], [ 44.05051108066808, 41.0147269017139 ], [ 44.049329777631534, 41.014323679513495 ], [ 44.046782439936294, 41.01440791827644 ], [ 44.045559824116204, 41.013660968056541 ], [ 44.045335197229264, 41.012957366901524 ], [ 44.043448832339493, 41.011696126299114 ], [ 44.041269101725767, 41.012201837215748 ], [ 44.040019218960929, 41.012885673902815 ], [ 44.037758797471817, 41.013216824677386 ], [ 44.03786671643855, 41.011640665947297 ], [ 44.037221981660835, 41.010274335759583 ], [ 44.037582399263748, 41.008908882358739 ], [ 44.037581687455408, 41.003728245160538 ], [ 44.036730543060585, 41.002465458014214 ], [ 44.035364626867675, 40.998766692820446 ], [ 44.034456033419239, 40.997510773733616 ], [ 44.034587623193111, 40.995854795537063 ], [ 44.035811952026279, 40.992940245470052 ], [ 44.035673097311374, 40.992472345376704 ], [ 44.036438493998709, 40.991064033291259 ], [ 44.038268900755831, 40.990472871635525 ], [ 44.032254033631496, 40.98577661779872 ], [ 44.038923122658971, 40.984248013816718 ], [ 44.042716216266548, 40.983675321551232 ], [ 44.044744543608481, 40.981948458315401 ], [ 44.051083385715096, 40.982009880014132 ], [ 44.055811070158214, 40.980460361397775 ], [ 44.058688172295049, 40.980146248071151 ], [ 44.060595024088876, 40.982014138887479 ], [ 44.062644526070997, 40.982231040364631 ], [ 44.067187450342011, 40.979335113444172 ], [ 44.074567152992358, 40.979526417095798 ], [ 44.079419473484577, 40.977141035993924 ], [ 44.082358485809607, 40.977506915075743 ], [ 44.08694155969058, 40.974553939342435 ], [ 44.093377491354623, 40.973765962239796 ], [ 44.097734022509265, 40.975315903892209 ], [ 44.100284159410194, 40.974956871136989 ], [ 44.104319648919635, 40.974867221556018 ], [ 44.109078047846097, 40.972534300498928 ], [ 44.113227982509727, 40.971312536905202 ], [ 44.113910953039692, 40.971341287143538 ], [ 44.113400218478233, 40.968054255241086 ], [ 44.116457597687557, 40.964301051394429 ], [ 44.116693628441588, 40.961353284008624 ], [ 44.112520182987645, 40.956486920507515 ], [ 44.112096662308609, 40.95324823811935 ], [ 44.108623536839872, 40.952295476921051 ], [ 44.107358392189909, 40.951427624139882 ], [ 44.111422921960603, 40.947729377085516 ], [ 44.111530859376252, 40.94465542956717 ], [ 44.109435573201637, 40.940368384527495 ], [ 44.105240349393092, 40.938594940649757 ], [ 44.103018892938387, 40.931841157717301 ], [ 44.094537349446426, 40.930109245182386 ], [ 44.09170909134798, 40.930494125175315 ], [ 44.083808096474023, 40.925627691730469 ], [ 44.084361410692999, 40.918504975212429 ], [ 44.078390045243786, 40.91529930818696 ], [ 44.077121871478802, 40.90975676499702 ], [ 44.075706736997553, 40.906720814367887 ], [ 44.077561454200648, 40.900865979932249 ], [ 44.079963596539898, 40.898157596361827 ], [ 44.080943353194591, 40.897845347352039 ], [ 44.078610004841217, 40.897408800928702 ], [ 44.076236831241587, 40.895980770380163 ], [ 44.07587083856945, 40.894102602859682 ], [ 44.073662295169981, 40.894671172652636 ], [ 44.073409963423444, 40.895193501339783 ], [ 44.069723459223127, 40.89657104149402 ], [ 44.069070414374686, 40.896356677091987 ], [ 44.068676996040971, 40.895199938560751 ], [ 44.066309640399218, 40.891511688633265 ], [ 44.066162101248544, 40.890462591537641 ], [ 44.065339871751377, 40.889824706797064 ], [ 44.064851291222013, 40.888597010116484 ], [ 44.062479485543399, 40.888320714376739 ], [ 44.059177752870312, 40.890583120742562 ], [ 44.058149152512229, 40.891642643993798 ], [ 44.05442630785295, 40.893011023691834 ], [ 44.044829272398204, 40.892661352613558 ], [ 44.042543944889786, 40.891444590575354 ], [ 44.038294400379414, 40.890797727376579 ], [ 44.035274092595735, 40.889360254000024 ], [ 44.03325722356098, 40.889547822138987 ], [ 44.03112910807905, 40.890866488050179 ], [ 44.029075807821577, 40.891155905347979 ], [ 44.025507567207335, 40.890716909173989 ], [ 44.02203740533129, 40.892084630470798 ], [ 44.019391636872264, 40.892649018532907 ], [ 44.017305461714912, 40.891230658653654 ], [ 44.013823974885014, 40.886925377598097 ], [ 44.012334291680496, 40.883649926721951 ], [ 44.009671729128591, 40.880453010965233 ], [ 44.011408111838456, 40.876387406824811 ], [ 44.005730417514407, 40.872378397848252 ], [ 44.000794271292996, 40.866085008305042 ], [ 43.998974848321978, 40.864233284384909 ], [ 43.994607489935582, 40.864516072815192 ], [ 43.995167682196112, 40.863249349126484 ], [ 43.994621167942093, 40.862181257664929 ], [ 43.993019361424352, 40.861728794180465 ], [ 43.991686632170676, 40.860659304851296 ], [ 43.99170262182249, 40.858653375863561 ], [ 43.99034662892155, 40.855889246233914 ], [ 43.994773340013836, 40.850264716957035 ], [ 43.995084662432902, 40.844843058051346 ], [ 43.991437611052469, 40.845900094896322 ], [ 43.991579611331005, 40.844539743210369 ], [ 43.993365417272464, 40.840654310416603 ], [ 43.991702801349973, 40.838309259189245 ], [ 43.993943884176652, 40.835013477922161 ], [ 43.996053055844946, 40.833694465178993 ], [ 44.00026766596757, 40.829337011569763 ], [ 44.002872409264235, 40.82748524584337 ], [ 44.007810233988167, 40.819679657805573 ], [ 44.008801968289461, 40.816866074056279 ], [ 44.00881366536251, 40.813695573898997 ], [ 44.006971588321569, 40.813336051033893 ], [ 44.008359673279188, 40.807667909368519 ], [ 44.008712623219807, 40.804417551433183 ], [ 44.012847928359584, 40.799186938244176 ], [ 44.015069878420313, 40.797467386859438 ], [ 44.019494006067404, 40.792659733857867 ], [ 44.023472736707113, 40.790170270923753 ], [ 44.027575392496736, 40.789990472509643 ], [ 44.031855618114868, 40.790305190369772 ], [ 44.034136759770888, 40.787711787356265 ], [ 44.034940877576503, 40.787231614914482 ], [ 44.036562065665436, 40.783521156568163 ], [ 44.040000347046274, 40.782499064777866 ], [ 44.041180676450765, 40.783282941427878 ], [ 44.042382793081103, 40.785738502982262 ], [ 44.043680523647886, 40.787038754014141 ], [ 44.045019863473613, 40.789218284375821 ], [ 44.046804184822747, 40.790803489313582 ], [ 44.049589366948986, 40.791214608786618 ], [ 44.052608514831199, 40.79055624262044 ], [ 44.054261063564269, 40.789136035796595 ], [ 44.056655587172521, 40.789960404632104 ], [ 44.057277161609214, 40.791241739547075 ], [ 44.059940281612732, 40.792765894912208 ], [ 44.060720664230544, 40.793947952741355 ], [ 44.064170249580854, 40.795413919758971 ], [ 44.065778202202189, 40.788378474750992 ], [ 44.069347819389044, 40.784140506914454 ], [ 44.072947480589555, 40.782619313218404 ], [ 44.078432141728804, 40.781904471739765 ], [ 44.083851042250281, 40.779457896759325 ], [ 44.08319264128172, 40.77390627095572 ], [ 44.089946463021029, 40.752699322047334 ], [ 44.09061016348344, 40.751786525631751 ], [ 44.094196199343202, 40.750453648532115 ], [ 44.095063140663129, 40.750611811515107 ], [ 44.099019406261249, 40.75032179557455 ], [ 44.100922931156127, 40.749616749335814 ], [ 44.105584560058695, 40.749580503860727 ], [ 44.107819811015368, 40.751302724468019 ], [ 44.105890937292912, 40.752645132832008 ], [ 44.110784508803341, 40.757293039783789 ], [ 44.117595941030203, 40.759304714465735 ], [ 44.121054356809488, 40.761588627641061 ], [ 44.126176970184076, 40.763263835325887 ], [ 44.129689513240066, 40.76381169241732 ], [ 44.131245528296077, 40.76132484351146 ], [ 44.134956941534085, 40.757355476574645 ], [ 44.138336978472466, 40.757234051003842 ], [ 44.140964596014193, 40.755884028868415 ], [ 44.142850558206987, 40.753398008949624 ], [ 44.14554501321102, 40.752301468530831 ], [ 44.149595289423367, 40.752035503191777 ] ] ] ] } },
{ "type": "Feature", "id": 9, "properties": { "cadastre_code": "05", "name_hy": "Գեղարքունիք", "name_en": "Gegharkunik", "name_ru": "Гегаркуник", "type": "province", "province_hy": "Գեղարքունիք", "province_en": "Gegharkunik", "province_ru": "Гегаркуник", "name_alt": null }, "geometry": { "type": "MultiPolygon", "coordinates": [ [ [ [ 44.787012754659635, 40.649717298046639 ], [ 44.790713270799117, 40.651092428981478 ], [ 44.792412192972058, 40.654279829582464 ], [ 44.796858054329626, 40.656076194852425 ], [ 44.797495900764041, 40.656985475019567 ], [ 44.800784366291161, 40.659379040605778 ], [ 44.803267876004305, 40.657978635304005 ], [ 44.804068880425135, 40.656955938504055 ], [ 44.804219725825462, 40.654572216385787 ], [ 44.804638984764246, 40.653986123675551 ], [ 44.806840667154447, 40.652975340402925 ], [ 44.80746714751745, 40.651792830118339 ], [ 44.809130931226939, 40.650617006147051 ], [ 44.809467863121085, 40.649712476852677 ], [ 44.810507541578488, 40.64887872857642 ], [ 44.811020037393128, 40.647890807725958 ], [ 44.814992768698673, 40.644976426664023 ], [ 44.81636087096733, 40.644517420417202 ], [ 44.817320002994798, 40.644705607848969 ], [ 44.82308287420009, 40.644527889019109 ], [ 44.823235359608837, 40.645275352782569 ], [ 44.824415036141708, 40.646214185246194 ], [ 44.824509348924508, 40.647516573604058 ], [ 44.825100626940689, 40.648048451129689 ], [ 44.825403312787344, 40.649243029534965 ], [ 44.828928446818608, 40.653779033260378 ], [ 44.829200676112237, 40.655862741232141 ], [ 44.831014299367219, 40.659315785098151 ], [ 44.832257568631945, 40.660180137170997 ], [ 44.834568650242552, 40.660231523827633 ], [ 44.837168688616181, 40.66074219155638 ], [ 44.839491530630156, 40.661620051412996 ], [ 44.840590885100397, 40.661614334304488 ], [ 44.842339525230216, 40.662183752387726 ], [ 44.844667180846663, 40.66411579959351 ], [ 44.843791849332725, 40.665489315021389 ], [ 44.841757823593731, 40.666982052395312 ], [ 44.841848062968367, 40.669041933794048 ], [ 44.842584116696948, 40.670490156402565 ], [ 44.84519991613827, 40.668789368223379 ], [ 44.846679530902129, 40.670228767266231 ], [ 44.848681587440801, 40.671366610967553 ], [ 44.850263433156393, 40.673017327459114 ], [ 44.850434997726055, 40.673598644418206 ], [ 44.852003653591041, 40.673384629752441 ], [ 44.851899234170574, 40.674779335059448 ], [ 44.855695191141699, 40.673734614896986 ], [ 44.857790769760072, 40.67212944251294 ], [ 44.859713760686319, 40.67267047343789 ], [ 44.860875154299407, 40.671762319685286 ], [ 44.863843161465816, 40.67158309063263 ], [ 44.869307663246687, 40.67177189669475 ], [ 44.871673596500351, 40.672233774375798 ], [ 44.876733513519966, 40.669814806989955 ], [ 44.879368187116917, 40.670005507651112 ], [ 44.883376287677336, 40.670870667806668 ], [ 44.885201974540976, 40.672616554647746 ], [ 44.886297739288061, 40.672798010670462 ], [ 44.887726884804131, 40.6736936353376 ], [ 44.891649751886057, 40.674779651398275 ], [ 44.89361932336022, 40.676233018344412 ], [ 44.899267756915407, 40.678253072167514 ], [ 44.899274232888459, 40.678944561424466 ], [ 44.900232327311699, 40.679252949428019 ], [ 44.903244006592899, 40.677814201973284 ], [ 44.910604783216712, 40.675110949503832 ], [ 44.923036178406335, 40.671774689459745 ], [ 44.934023768056704, 40.669516957323438 ], [ 44.950637850189317, 40.660229929964643 ], [ 44.96461450918239, 40.65327847760409 ], [ 44.970134900769118, 40.652175046872664 ], [ 44.973337358526727, 40.650352598131136 ], [ 44.981691324226247, 40.647602930303101 ], [ 44.991175679826782, 40.641787464631683 ], [ 44.992081515631959, 40.64306916199056 ], [ 44.99225539801359, 40.648447538736171 ], [ 44.993006512214116, 40.650792180410996 ], [ 44.995215059282337, 40.652355644072315 ], [ 44.997065562908546, 40.654756566858666 ], [ 44.998101267407101, 40.656848518700549 ], [ 44.998229112959798, 40.659850855328884 ], [ 44.999631188477537, 40.660995300130615 ], [ 45.00067364211796, 40.662610614922919 ], [ 45.002680976474188, 40.66270032428762 ], [ 45.003518451639543, 40.663198588586361 ], [ 45.005475274995653, 40.66315938741721 ], [ 45.009630979438832, 40.660701121352794 ], [ 45.009918820542964, 40.657782669790024 ], [ 45.010731878490425, 40.656841416021393 ], [ 45.012960575267428, 40.656271677553519 ], [ 45.014316400631301, 40.655559626450867 ], [ 45.015562980071763, 40.654337388280418 ], [ 45.017370543691904, 40.653801176765164 ], [ 45.022281001849009, 40.651332472285233 ], [ 45.024617600581756, 40.650616923854464 ], [ 45.031878677701307, 40.642720378110617 ], [ 45.03656351197197, 40.646864313786025 ], [ 45.041101668304442, 40.651908435737944 ], [ 45.043040182655886, 40.65216422324238 ], [ 45.044437783070073, 40.654113743552401 ], [ 45.047094992975829, 40.656364115807349 ], [ 45.056240207402361, 40.666849617654378 ], [ 45.056730903001693, 40.667913789508532 ], [ 45.060862425476884, 40.672287140010035 ], [ 45.062059978424962, 40.678899157445031 ], [ 45.061465024426212, 40.680819670133914 ], [ 45.06394081760223, 40.681485874652786 ], [ 45.064087062975709, 40.683038752472548 ], [ 45.063123281304541, 40.684579055920459 ], [ 45.060368139689658, 40.686123682828871 ], [ 45.06122101622622, 40.687383929698747 ], [ 45.064413727933662, 40.686022441946584 ], [ 45.068622476235532, 40.685581366021744 ], [ 45.069970497309463, 40.684635831665673 ], [ 45.074490253980599, 40.687128995953906 ], [ 45.075629962490616, 40.688572421507594 ], [ 45.076068149371139, 40.688467890325242 ], [ 45.077905707983625, 40.6892953246169 ], [ 45.077752089088548, 40.690199342157356 ], [ 45.078735795583277, 40.690832246799346 ], [ 45.078805628352761, 40.693238851892289 ], [ 45.078073442861644, 40.695419456183103 ], [ 45.07813592420721, 40.696490833515355 ], [ 45.079505730418454, 40.699513627358712 ], [ 45.081054239248992, 40.707261914971795 ], [ 45.081950725800127, 40.707529247405162 ], [ 45.084009714643528, 40.709397406541932 ], [ 45.086120607017904, 40.710612121419942 ], [ 45.092508505549652, 40.710727776886458 ], [ 45.096578549236469, 40.709772476291413 ], [ 45.100445534108495, 40.711580484335983 ], [ 45.105594616106359, 40.711410055343826 ], [ 45.107050806446914, 40.712425316755969 ], [ 45.10781562597797, 40.713725504656779 ], [ 45.108764009213928, 40.714181688890321 ], [ 45.109921727644235, 40.715428752429716 ], [ 45.110895598643623, 40.717291270951016 ], [ 45.114916538548755, 40.716724788996565 ], [ 45.119018947169032, 40.717120517366254 ], [ 45.123456044454358, 40.716740839255976 ], [ 45.12481833077257, 40.716231994663438 ], [ 45.126181556623287, 40.716230513510517 ], [ 45.128877444454886, 40.715161995278294 ], [ 45.130997765080849, 40.716154435629498 ], [ 45.134718868861171, 40.716711536005633 ], [ 45.138047046371305, 40.718008275503216 ], [ 45.142059316911684, 40.718462535099356 ], [ 45.144622655232503, 40.720930628862703 ], [ 45.146123793860312, 40.723091195157799 ], [ 45.147074555224293, 40.723758153830744 ], [ 45.147601409463654, 40.725961844065118 ], [ 45.148081218309201, 40.726599747582888 ], [ 45.151216066741185, 40.728488853649274 ], [ 45.151550036881403, 40.729605038690998 ], [ 45.15111526451107, 40.736334855887172 ], [ 45.153662058382572, 40.738114383025618 ], [ 45.160542692443343, 40.73764735085755 ], [ 45.171119971863192, 40.740179566862267 ], [ 45.174898335864945, 40.740446133618825 ], [ 45.180355599791781, 40.737431469356459 ], [ 45.182245998841488, 40.737029840244496 ], [ 45.185092487482891, 40.734495370353116 ], [ 45.184515182855726, 40.73237473312232 ], [ 45.18506863353003, 40.730913761957709 ], [ 45.187661626960875, 40.729038025566012 ], [ 45.191866480639128, 40.72905880744478 ], [ 45.193996624670966, 40.729955024519583 ], [ 45.199579593351416, 40.727460847980289 ], [ 45.204911345072908, 40.728756787003846 ], [ 45.207648526735639, 40.730022053234812 ], [ 45.209786994802755, 40.732485565938809 ], [ 45.213181039436165, 40.732787110298808 ], [ 45.215898694286984, 40.73341441759581 ], [ 45.217249459821062, 40.734207963949601 ], [ 45.22002076738908, 40.734172623950215 ], [ 45.223284571077123, 40.732589543761414 ], [ 45.226677508846613, 40.729726387057553 ], [ 45.231047960008944, 40.729113113315151 ], [ 45.235541605312989, 40.727834325676078 ], [ 45.239232482904598, 40.729028699602416 ], [ 45.242433751919499, 40.729306177967047 ], [ 45.24657781292489, 40.726345381872264 ], [ 45.252022539589504, 40.72460929277895 ], [ 45.253276341626162, 40.723315316064301 ], [ 45.254214604182231, 40.720583452198028 ], [ 45.256033371558942, 40.720088231102338 ], [ 45.25759534443084, 40.717815043866381 ], [ 45.260479807346869, 40.714679376041914 ], [ 45.263524978814772, 40.712047645083658 ], [ 45.264982110321718, 40.709352060025623 ], [ 45.266507881236016, 40.707856894819351 ], [ 45.272111807713287, 40.705781205719177 ], [ 45.27314352618766, 40.704500184774801 ], [ 45.275913634476474, 40.703716716952343 ], [ 45.278045213753792, 40.702279184882372 ], [ 45.279987709186358, 40.701439921124361 ], [ 45.286632230186115, 40.695679241931273 ], [ 45.291793133636723, 40.693857333081006 ], [ 45.296277483304578, 40.69324794963709 ], [ 45.298411698859617, 40.693811107862814 ], [ 45.30070046148797, 40.69379596260471 ], [ 45.30311021452696, 40.69448673803587 ], [ 45.303891419552471, 40.694035362119195 ], [ 45.306249726207497, 40.693490680843034 ], [ 45.309146586098649, 40.689647830817215 ], [ 45.311354753200987, 40.689077111091045 ], [ 45.314814826708179, 40.686391797400439 ], [ 45.317985307430945, 40.684980873781022 ], [ 45.320603159036764, 40.681091305635547 ], [ 45.333599975787727, 40.675859911129507 ], [ 45.334270645872778, 40.673814050076466 ], [ 45.338347713429137, 40.67140139021371 ], [ 45.340519149612007, 40.661781374705825 ], [ 45.342868826540936, 40.657352989603432 ], [ 45.344879633411978, 40.656392680110109 ], [ 45.346417804600534, 40.656157547068759 ], [ 45.349286980738448, 40.65481743158616 ], [ 45.352277675591438, 40.652906903500515 ], [ 45.355788162667395, 40.652368630563736 ], [ 45.357464968247513, 40.651719733213042 ], [ 45.358518635729986, 40.651785771844743 ], [ 45.363198842045108, 40.653264902441393 ], [ 45.36429707863924, 40.652981162805112 ], [ 45.369849138090544, 40.648337205199425 ], [ 45.372373505621383, 40.647163434427412 ], [ 45.37701598334715, 40.64412428821646 ], [ 45.378679327642658, 40.639719579812343 ], [ 45.380896160587575, 40.637814385929232 ], [ 45.386285274888721, 40.634800074171146 ], [ 45.392970503437787, 40.632554051931869 ], [ 45.395536749622934, 40.631390541396968 ], [ 45.397506168122639, 40.630017413766126 ], [ 45.397497746579234, 40.628596137489467 ], [ 45.396909990584405, 40.627415641283996 ], [ 45.392911621962156, 40.62409683020045 ], [ 45.391927427993139, 40.622881908912127 ], [ 45.388006513976144, 40.616787869432024 ], [ 45.389454080647553, 40.615189284136662 ], [ 45.392327753106208, 40.613224736544709 ], [ 45.393332963699038, 40.610106632268263 ], [ 45.394886850783408, 40.607522955892868 ], [ 45.39686078607761, 40.606154345262553 ], [ 45.398933956936482, 40.605468705566537 ], [ 45.401803027191356, 40.603553558947759 ], [ 45.404043882306851, 40.6004801107498 ], [ 45.40636110719911, 40.598649338993148 ], [ 45.408225550133189, 40.598545840201155 ], [ 45.41085591705837, 40.598924236750435 ], [ 45.414851893555984, 40.600783925437533 ], [ 45.416839355236327, 40.600494866620863 ], [ 45.419204720985718, 40.600783947491315 ], [ 45.42239004720583, 40.601757795820205 ], [ 45.423958031188647, 40.601687435725061 ], [ 45.426576599780127, 40.600175401419278 ], [ 45.431167184898428, 40.596745984481913 ], [ 45.432883625683814, 40.596646634099926 ], [ 45.434509740072649, 40.595996214320621 ], [ 45.436464079941445, 40.592998000069024 ], [ 45.441800171970563, 40.592238205679458 ], [ 45.447188191401644, 40.588065752813726 ], [ 45.460094063046519, 40.580313691443841 ], [ 45.460427973011868, 40.579569237281262 ], [ 45.460139287629097, 40.577874537654395 ], [ 45.457164390464669, 40.575127225154205 ], [ 45.452406408939609, 40.572183075794932 ], [ 45.447480715771505, 40.570586757513425 ], [ 45.445528035499869, 40.569576613503401 ], [ 45.443431517249017, 40.566482929860065 ], [ 45.442664876497986, 40.565871980870966 ], [ 45.438651341836731, 40.56407881876882 ], [ 45.43733192892762, 40.563146831461232 ], [ 45.437157429361108, 40.562372054447543 ], [ 45.437497788251548, 40.560965287019691 ], [ 45.444764389326245, 40.555015878787295 ], [ 45.447047713975309, 40.554393183428097 ], [ 45.448566818197676, 40.553514931360148 ], [ 45.450726582301726, 40.551097919193268 ], [ 45.45060656430767, 40.54937868985629 ], [ 45.449721268779946, 40.548276542779519 ], [ 45.448339771594775, 40.547257605318144 ], [ 45.445837218382167, 40.54671801382311 ], [ 45.438970403498608, 40.547009922535587 ], [ 45.436809072576089, 40.54682424887843 ], [ 45.435874976541129, 40.546472364656161 ], [ 45.433693052654903, 40.543088022367577 ], [ 45.431778094072357, 40.541673550073739 ], [ 45.43117749891443, 40.540112433766112 ], [ 45.43183653400741, 40.538539991000974 ], [ 45.436670199217438, 40.535812367108157 ], [ 45.437320689632394, 40.533571967192259 ], [ 45.436832311059156, 40.527649480132915 ], [ 45.437614761051563, 40.524253962902392 ], [ 45.438007581294301, 40.519551355519773 ], [ 45.443000118617128, 40.515695629955331 ], [ 45.451215343498497, 40.509812979238156 ], [ 45.451971012622906, 40.5088730333296 ], [ 45.451234085133272, 40.506291097442613 ], [ 45.451266891814349, 40.504869321281539 ], [ 45.451893049686063, 40.502504558892412 ], [ 45.450348306100878, 40.500237028430767 ], [ 45.450312189070324, 40.499414942590903 ], [ 45.452028660343103, 40.497960506395835 ], [ 45.467905918905004, 40.48882764259676 ], [ 45.470362979649231, 40.488517427150079 ], [ 45.472345188028228, 40.488228010947068 ], [ 45.481398056282721, 40.487770646768418 ], [ 45.48312795216281, 40.487052606829259 ], [ 45.4867089811912, 40.484840492452122 ], [ 45.48784076488927, 40.482465072188681 ], [ 45.48832723319989, 40.479522782217742 ], [ 45.490340038181337, 40.478584950530646 ], [ 45.491595236637707, 40.47664100306239 ], [ 45.493070409465219, 40.475859275400325 ], [ 45.494994592150647, 40.475729891894879 ], [ 45.49668386608861, 40.475302615031779 ], [ 45.498707287045804, 40.474292287230014 ], [ 45.503210729206394, 40.472092590359537 ], [ 45.5058885844022, 40.471519389773839 ], [ 45.51278666698385, 40.471315800065405 ], [ 45.505426996107651, 40.46563913222203 ], [ 45.505585602227093, 40.46477579764489 ], [ 45.509181389088887, 40.461066619991762 ], [ 45.509711649132967, 40.457447954180566 ], [ 45.511891562493474, 40.454964806883687 ], [ 45.516379964589937, 40.456994909732359 ], [ 45.51878643151958, 40.457667491904822 ], [ 45.520565185428097, 40.456111839463212 ], [ 45.521811911763123, 40.453889515103761 ], [ 45.521848106552298, 40.451251615235535 ], [ 45.52248051191809, 40.449770063056583 ], [ 45.525086761727117, 40.446943859331554 ], [ 45.529854793886905, 40.443785496077105 ], [ 45.536013453690266, 40.441802335901365 ], [ 45.54011848664252, 40.439789523274698 ], [ 45.549560865692563, 40.434135524088269 ], [ 45.55958559304711, 40.428356878710439 ], [ 45.56322383131868, 40.428007918827795 ], [ 45.5664308884243, 40.426797417499444 ], [ 45.569362781092899, 40.427745273009485 ], [ 45.573016287364347, 40.429614604087256 ], [ 45.57462401312641, 40.429916370573054 ], [ 45.579358323566993, 40.429363215891193 ], [ 45.585541179349953, 40.430895555411063 ], [ 45.58727495823068, 40.430919075864324 ], [ 45.589490956045339, 40.430430403609833 ], [ 45.599937646246502, 40.423681158765639 ], [ 45.601251943241053, 40.419344723666804 ], [ 45.602643415984474, 40.415384613024742 ], [ 45.605633059525694, 40.411776112561263 ], [ 45.608535027806781, 40.410145353545275 ], [ 45.613564079432351, 40.408901267360278 ], [ 45.615691764520122, 40.406957200614293 ], [ 45.61650356064046, 40.405595831885542 ], [ 45.619008255158583, 40.403980875450991 ], [ 45.621294202128617, 40.403761676620384 ], [ 45.624672946782461, 40.40059985388644 ], [ 45.627057900336723, 40.400274664481962 ], [ 45.632816762161049, 40.397398700752767 ], [ 45.636400575182435, 40.396506653614722 ], [ 45.637428904171074, 40.395757847349408 ], [ 45.637058563892481, 40.393562603459372 ], [ 45.635423679965861, 40.391487718090168 ], [ 45.637805358582881, 40.381723617669245 ], [ 45.645270428101895, 40.378183327933506 ], [ 45.647119408221812, 40.377139057375828 ], [ 45.647619561472474, 40.376425422689586 ], [ 45.647407330322281, 40.373507468416584 ], [ 45.647990076817372, 40.370788270456217 ], [ 45.649455455463425, 40.367224351369252 ], [ 45.652995470043763, 40.366988628365149 ], [ 45.660173384477211, 40.366466435351498 ], [ 45.667470193786805, 40.366761979103153 ], [ 45.671180166670659, 40.366280654601645 ], [ 45.673456702695951, 40.366443294646878 ], [ 45.674770566095013, 40.366008795736093 ], [ 45.681758543197063, 40.365599862950688 ], [ 45.686375134871085, 40.367654006777549 ], [ 45.68764439627877, 40.367644989453382 ], [ 45.690103157954226, 40.366221760552357 ], [ 45.694419823981988, 40.367107560575704 ], [ 45.697098421139877, 40.367043715632597 ], [ 45.697577184345178, 40.366362304600401 ], [ 45.697509482019441, 40.364040589956183 ], [ 45.698548416604261, 40.362360297069266 ], [ 45.700665511655771, 40.3611987112889 ], [ 45.703279439053574, 40.360730501392752 ], [ 45.708788051569385, 40.357428945136412 ], [ 45.712047522009996, 40.357408931554062 ], [ 45.717491967498233, 40.356536084119831 ], [ 45.720986796255119, 40.355075708076889 ], [ 45.72319307349742, 40.352888568751617 ], [ 45.726011662178379, 40.352183960901677 ], [ 45.73069120634517, 40.352617649468804 ], [ 45.736359933122927, 40.354311580801507 ], [ 45.73948558570558, 40.352848933848037 ], [ 45.743992314616975, 40.35190222902618 ], [ 45.745336198193925, 40.351215053738628 ], [ 45.748284749600181, 40.350517496030143 ], [ 45.750321909930562, 40.34968188633254 ], [ 45.750993473194733, 40.348721971886043 ], [ 45.754432407227149, 40.346167750620367 ], [ 45.754626698339528, 40.343362725402272 ], [ 45.758186061009823, 40.342874940934927 ], [ 45.762029668523816, 40.340834362149167 ], [ 45.765137728586467, 40.338796223159882 ], [ 45.768575133075522, 40.33834005576184 ], [ 45.771325988054116, 40.336718505550834 ], [ 45.779708171217742, 40.336072162979235 ], [ 45.782360910571562, 40.335440351820289 ], [ 45.785056774921237, 40.333640857076169 ], [ 45.785921029973601, 40.329188060273808 ], [ 45.786502294054436, 40.328344029202228 ], [ 45.787846964739018, 40.327801752911796 ], [ 45.793915026440168, 40.326839420182928 ], [ 45.79733166550551, 40.326589752342208 ], [ 45.799863896960453, 40.326523809961451 ], [ 45.805862816030178, 40.327088094114274 ], [ 45.806726657168717, 40.326952831559382 ], [ 45.810649519314289, 40.32314504940733 ], [ 45.817826977831523, 40.322258862210205 ], [ 45.821309139776787, 40.322504986531861 ], [ 45.822979324957309, 40.320703724058163 ], [ 45.826100616969399, 40.319809369971615 ], [ 45.831121678780136, 40.319365152013638 ], [ 45.833878165310516, 40.317979245154689 ], [ 45.838504018957458, 40.317154558472296 ], [ 45.848690610307258, 40.312644447783285 ], [ 45.860813264282278, 40.31025305876905 ], [ 45.86455376181987, 40.308962799458463 ], [ 45.86979523248155, 40.307938041184563 ], [ 45.874702171831672, 40.306456364816427 ], [ 45.87781672943386, 40.305114014847113 ], [ 45.880138956289564, 40.303058282654369 ], [ 45.880062754970162, 40.29718435315548 ], [ 45.883044465709823, 40.296202893368985 ], [ 45.887552430101444, 40.293763797419984 ], [ 45.893291647347155, 40.292336379437252 ], [ 45.896558249745816, 40.292068787614674 ], [ 45.902296151276325, 40.293607426667407 ], [ 45.90366888796035, 40.293709803810195 ], [ 45.905482055917517, 40.293614854290091 ], [ 45.911161660635926, 40.292358619386988 ], [ 45.913270564088826, 40.293074308829581 ], [ 45.915279045921295, 40.294948625972445 ], [ 45.917842710955227, 40.297303167751906 ], [ 45.921957770435476, 40.296858171980773 ], [ 45.930945445672023, 40.29688213026602 ], [ 45.931513413442204, 40.292633532949488 ], [ 45.933220488248082, 40.287842352052778 ], [ 45.934324899178158, 40.286847960070183 ], [ 45.936389812811015, 40.285543578498185 ], [ 45.939208402028555, 40.284820902676124 ], [ 45.944931778336766, 40.280049988331953 ], [ 45.946480379938166, 40.27916494055205 ], [ 45.951166946028266, 40.277931016688498 ], [ 45.955320853578513, 40.276329726053042 ], [ 45.959597817974704, 40.27598739056701 ], [ 45.960072610469574, 40.275256458241927 ], [ 45.960203446850983, 40.271830418616588 ], [ 45.959679604259819, 40.266283593355148 ], [ 45.959968768763737, 40.262670034607908 ], [ 45.957814595213151, 40.25923384183249 ], [ 45.957562117220341, 40.256586165762329 ], [ 45.956439142986675, 40.254705257276754 ], [ 45.955435692764638, 40.250309825353284 ], [ 45.949080051208895, 40.252328282436245 ], [ 45.943776952617426, 40.253546549627622 ], [ 45.942463684669093, 40.255029912526503 ], [ 45.93982329089345, 40.258459972314775 ], [ 45.938309652362925, 40.258795362365142 ], [ 45.936534961136317, 40.258206980174343 ], [ 45.934746069341585, 40.256928999671374 ], [ 45.933635276242676, 40.255666899831397 ], [ 45.933366165789458, 40.254302340530103 ], [ 45.934917840582145, 40.251076803853906 ], [ 45.937192104089938, 40.24928381634534 ], [ 45.941164993710672, 40.247981007667164 ], [ 45.944013916529258, 40.245823791062108 ], [ 45.947565493315452, 40.245601351288464 ], [ 45.95165589167248, 40.244082776566238 ], [ 45.954472019681418, 40.24185363903068 ], [ 45.958419667932155, 40.240859200250114 ], [ 45.95971632882754, 40.239687773771678 ], [ 45.960818555976815, 40.235496055586552 ], [ 45.96577379841375, 40.233487578848852 ], [ 45.9685618412948, 40.231546064889898 ], [ 45.974530317200269, 40.228882399047983 ], [ 45.97582821427963, 40.225586510930299 ], [ 45.978385326095349, 40.222855439039563 ], [ 45.977651410501025, 40.219672592125121 ], [ 45.977766532636018, 40.217320056336682 ], [ 45.978931628059662, 40.212995941660196 ], [ 45.980339412611485, 40.210850002932986 ], [ 45.976230972054104, 40.20824999444973 ], [ 45.975156695316052, 40.206805042359953 ], [ 45.975455700558932, 40.204904626239227 ], [ 45.977903652879903, 40.202234454937454 ], [ 45.979442960707061, 40.200714956596705 ], [ 45.979480996175489, 40.199084070539193 ], [ 45.978308118476662, 40.193985569150357 ], [ 45.978363382514175, 40.189558869968344 ], [ 45.978008742799041, 40.188334035669385 ], [ 45.97708583819341, 40.18763122277695 ], [ 45.975442033685923, 40.187580459004444 ], [ 45.973051382545442, 40.186717790000102 ], [ 45.974720874296743, 40.184290774798967 ], [ 45.973703612849455, 40.179854612363492 ], [ 45.967876425705882, 40.176762347914689 ], [ 45.967980143450141, 40.175239376669957 ], [ 45.972256853149254, 40.172376300877097 ], [ 45.973139316907087, 40.170987500708819 ], [ 45.972970675172753, 40.165808660252388 ], [ 45.967734256654424, 40.160146767156192 ], [ 45.962862551589097, 40.153761248613193 ], [ 45.957499572719499, 40.145701108867648 ], [ 45.954822262194128, 40.135472567405799 ], [ 45.955617286927271, 40.133539321775686 ], [ 45.955870300245145, 40.13061233942215 ], [ 45.959872427457526, 40.125399827407286 ], [ 45.962130932907471, 40.123882160443117 ], [ 45.961761531008563, 40.120267722368155 ], [ 45.953819094396572, 40.118136193085085 ], [ 45.951258129393182, 40.119352554622012 ], [ 45.948959975186447, 40.119791687121662 ], [ 45.943270049802933, 40.11768942625276 ], [ 45.939452484566495, 40.117058056833521 ], [ 45.936256463674553, 40.11562088801012 ], [ 45.926813357773938, 40.115546334284339 ], [ 45.921830976406184, 40.113962408627771 ], [ 45.916638424823773, 40.106610836004677 ], [ 45.9129977478878, 40.103019462719502 ], [ 45.906203329791843, 40.103983984042195 ], [ 45.904353701131498, 40.103637752032185 ], [ 45.903329824314113, 40.102579446816215 ], [ 45.903451085379601, 40.100989618566821 ], [ 45.905464412084022, 40.098922094367325 ], [ 45.905044689507818, 40.095823428074262 ], [ 45.904667087677907, 40.091305149253202 ], [ 45.906952321087559, 40.087960119544277 ], [ 45.910428679093002, 40.084434246761958 ], [ 45.911741061072938, 40.081903591245542 ], [ 45.911216016605536, 40.079462722623902 ], [ 45.911857944996363, 40.07647425150644 ], [ 45.911388687016363, 40.073707187157602 ], [ 45.908388802265307, 40.071068479002463 ], [ 45.904462585976738, 40.066831018086333 ], [ 45.903558961245494, 40.06405288492553 ], [ 45.900543018079482, 40.061766044116339 ], [ 45.89964492007924, 40.060625938760509 ], [ 45.898901245826913, 40.058434483400667 ], [ 45.899737065155747, 40.054841346852847 ], [ 45.895471527639977, 40.048610789461023 ], [ 45.89425043047509, 40.04522731252748 ], [ 45.892079326568435, 40.041370950969764 ], [ 45.889466383425805, 40.03680601334586 ], [ 45.88823045300699, 40.03362452988344 ], [ 45.884133159474928, 40.026156923550644 ], [ 45.882898512542376, 40.020982341198497 ], [ 45.876438243871497, 40.020647708107312 ], [ 45.870890892396652, 40.022475380458573 ], [ 45.869031668324368, 40.021926388002221 ], [ 45.862769552975855, 40.016747778757534 ], [ 45.860921727507787, 40.016044496233846 ], [ 45.854818138257414, 40.016010372198068 ], [ 45.851965059680225, 40.015094433946125 ], [ 45.850754626450048, 40.010179973356898 ], [ 45.850050018457772, 40.008571928946317 ], [ 45.842470709554192, 40.002970808985829 ], [ 45.841778489120941, 40.001109582945283 ], [ 45.841832366149063, 39.998653436995085 ], [ 45.841992075769504, 39.995562999817508 ], [ 45.841468127309881, 39.994786077109168 ], [ 45.841323608057778, 39.993738142134404 ], [ 45.840727392058071, 39.992798608181182 ], [ 45.839697566075188, 39.991100220502787 ], [ 45.838161829735618, 39.989979996259137 ], [ 45.836065971410498, 39.989817358801361 ], [ 45.834728947763594, 39.990196765535629 ], [ 45.83244335565189, 39.991045923095392 ], [ 45.831467674446685, 39.992021572307799 ], [ 45.830600383667097, 39.993738003218581 ], [ 45.829444024117073, 39.994740751806901 ], [ 45.828608092429725, 39.995477015108442 ], [ 45.826471837367237, 39.996466189350159 ], [ 45.824637924188394, 39.99801999742423 ], [ 45.822352311293777, 39.99981771510582 ], [ 45.82171524826903, 40.00083575236512 ], [ 45.821776234196861, 40.002418636588828 ], [ 45.821333057808232, 40.00400509328486 ], [ 45.814311880480581, 40.012185028223378 ], [ 45.807622491312564, 40.011520948465375 ], [ 45.804850469659975, 40.011767172716432 ], [ 45.804284144267008, 40.017713648694027 ], [ 45.796334160507705, 40.025139416316961 ], [ 45.788404057071553, 40.029672472978227 ], [ 45.786559413141894, 40.02884319099104 ], [ 45.781437287260829, 40.024823036423641 ], [ 45.780976604798084, 40.022736198181263 ], [ 45.764649332871976, 40.025945151473401 ], [ 45.759339985913151, 40.02751658527702 ], [ 45.752522565652598, 40.027639185470527 ], [ 45.746894937135274, 40.027549482237148 ], [ 45.741997414012907, 40.029936599859226 ], [ 45.738230826205893, 40.031105892688558 ], [ 45.734226086866293, 40.029646529701807 ], [ 45.727262474761659, 40.025910947496577 ], [ 45.723376119611636, 40.024557401646526 ], [ 45.719290723542159, 40.024606801866113 ], [ 45.709884300323331, 40.025863729419299 ], [ 45.705107559110758, 40.025466196180204 ], [ 45.699699834142336, 40.02427110561424 ], [ 45.696991849651063, 40.025095211647631 ], [ 45.694892616333426, 40.026294440176088 ], [ 45.691730693198494, 40.029149113341347 ], [ 45.690131633290001, 40.031967671167763 ], [ 45.687785524642827, 40.033622231751892 ], [ 45.683686523123484, 40.033950630900215 ], [ 45.679914266684698, 40.033810455277589 ], [ 45.677348667022855, 40.032708285470605 ], [ 45.675288982496966, 40.030811138532478 ], [ 45.667019008162221, 40.028132523893177 ], [ 45.662669435517877, 40.023885499265937 ], [ 45.659624413235996, 40.022138385699819 ], [ 45.657076859539636, 40.022029945754468 ], [ 45.652909801325897, 40.022971495615174 ], [ 45.637056267246521, 40.022785895348804 ], [ 45.625376959330175, 40.021650110059518 ], [ 45.62041333306103, 40.020694068389112 ], [ 45.61517969769578, 40.017892437653771 ], [ 45.609423310441855, 40.012778607589766 ], [ 45.607249801484841, 40.011815668729902 ], [ 45.602299951992364, 40.010862276196157 ], [ 45.599739804080393, 40.007869391999236 ], [ 45.599305500752415, 40.00625599638456 ], [ 45.599395916591945, 40.002750842214724 ], [ 45.60017914326891, 40.000921135162002 ], [ 45.594554617884086, 40.000736361110441 ], [ 45.592003618217731, 40.001046005836571 ], [ 45.588345481090506, 40.000796295191918 ], [ 45.580448375210672, 40.002130127218827 ], [ 45.574806945488682, 40.002571535073031 ], [ 45.569284067936195, 40.003519729664561 ], [ 45.56464575996133, 40.008985510791256 ], [ 45.561941078360796, 40.011026379737196 ], [ 45.559510892509273, 40.012232460468248 ], [ 45.557365492137883, 40.014082827510919 ], [ 45.555079600861731, 40.013203069255319 ], [ 45.549079153068199, 40.013248954309447 ], [ 45.546746866440039, 40.012672028532343 ], [ 45.544375409987886, 40.011588260265135 ], [ 45.539319210616789, 40.011312024059457 ], [ 45.53624472437226, 40.007430681765939 ], [ 45.537076010858144, 40.005083538719489 ], [ 45.536164279564879, 40.000956498256656 ], [ 45.535115816467773, 40.000160130104071 ], [ 45.533421394107876, 39.999844252832588 ], [ 45.531280713043444, 39.995865990089008 ], [ 45.530296960820181, 39.99478834715179 ], [ 45.530168031207964, 39.994001207761528 ], [ 45.532072035009016, 39.993046317355912 ], [ 45.533027635798831, 39.991088994212589 ], [ 45.533021165989638, 39.990524781569121 ], [ 45.531527806182829, 39.989150577038444 ], [ 45.530621610320878, 39.987740866424879 ], [ 45.528037795723009, 39.988272050271092 ], [ 45.526259013978375, 39.987978272817656 ], [ 45.523719606580201, 39.987000072487263 ], [ 45.520204150637866, 39.988302204214875 ], [ 45.517214006035488, 39.988715062217913 ], [ 45.514744229654703, 39.989944595378162 ], [ 45.506210052892527, 39.991511485180212 ], [ 45.505941901761744, 39.990565292717974 ], [ 45.503767506279331, 39.9881107736933 ], [ 45.496496122889248, 39.983671580252 ], [ 45.49477176454387, 39.983274484716915 ], [ 45.493127141260693, 39.982352286231468 ], [ 45.492326624699039, 39.981414378773884 ], [ 45.489778193739873, 39.979613919207772 ], [ 45.488228556216292, 39.977676550506679 ], [ 45.486939357520932, 39.976936204530389 ], [ 45.483891425161197, 39.975937789054989 ], [ 45.481571758995052, 39.974405955268253 ], [ 45.479574086064076, 39.971388692757699 ], [ 45.478535255522509, 39.968779674854829 ], [ 45.472593328902228, 39.969185210656384 ], [ 45.470779267862845, 39.968388633864009 ], [ 45.468407909759186, 39.968018679729489 ], [ 45.465267932570846, 39.966924117693218 ], [ 45.462496562368095, 39.965607272793015 ], [ 45.456129898323198, 39.964451839400297 ], [ 45.452619456966858, 39.964525832314017 ], [ 45.448328939052693, 39.963758072599646 ], [ 45.444890817865208, 39.963883597686298 ], [ 45.440879227581441, 39.965243740956367 ], [ 45.439248162590175, 39.96533458063395 ], [ 45.435588846988985, 39.962239129126466 ], [ 45.43418708365283, 39.959165385187411 ], [ 45.432945070726433, 39.957382953409095 ], [ 45.431269350024174, 39.956823778762988 ], [ 45.428613612325776, 39.957024049559884 ], [ 45.424264762606377, 39.959051070532446 ], [ 45.421363481532282, 39.958886248223479 ], [ 45.419673514777436, 39.959919751603998 ], [ 45.418992221176616, 39.959153007982849 ], [ 45.415706471235445, 39.958909503270753 ], [ 45.413739355044399, 39.959444426563145 ], [ 45.412251683033695, 39.961052171116677 ], [ 45.410894639999178, 39.96174616273494 ], [ 45.409652523910033, 39.961941407096788 ], [ 45.407342342443734, 39.963206120355551 ], [ 45.405358000908379, 39.966304402383251 ], [ 45.40445047129522, 39.964118940524713 ], [ 45.402495345162002, 39.963483824765333 ], [ 45.402179965576174, 39.960842625667816 ], [ 45.400494202538916, 39.959410310736878 ], [ 45.396965673864095, 39.958425957762891 ], [ 45.395114660084559, 39.958914605020261 ], [ 45.393717374864764, 39.95841485232868 ], [ 45.391412214171297, 39.958150040811915 ], [ 45.389533609334897, 39.958586266029862 ], [ 45.388255483390623, 39.959461765903093 ], [ 45.387057429426974, 39.959727905541847 ], [ 45.386625015252456, 39.960400406993848 ], [ 45.384155178257458, 39.960670738536457 ], [ 45.383331801019629, 39.959687845102508 ], [ 45.38154543156157, 39.959567914401234 ], [ 45.380248642692699, 39.958108890874215 ], [ 45.37769306029054, 39.958092906149368 ], [ 45.376128780064462, 39.960247478813045 ], [ 45.374617222217985, 39.961616878605213 ], [ 45.373428050028018, 39.963486521560441 ], [ 45.370947786448099, 39.96426280669472 ], [ 45.367664843019774, 39.966570094847107 ], [ 45.362836415532769, 39.96797202593298 ], [ 45.360006694615699, 39.969616213255492 ], [ 45.358288031670547, 39.969509934933434 ], [ 45.356346386244198, 39.967976579397209 ], [ 45.355531418550925, 39.966706181677374 ], [ 45.356952230284826, 39.963931904720084 ], [ 45.356917699801087, 39.96215325884414 ], [ 45.356488631596299, 39.961115315130399 ], [ 45.352428784122097, 39.956502005779669 ], [ 45.347602477454416, 39.956360905391179 ], [ 45.343861831203832, 39.956671324954556 ], [ 45.333406868941871, 39.956061091950474 ], [ 45.331102636426841, 39.955706513034571 ], [ 45.32612667662692, 39.953917222273489 ], [ 45.31761232170831, 39.954257253289583 ], [ 45.313993761491936, 39.953688581528574 ], [ 45.310311067470401, 39.954096940382186 ], [ 45.307829592244204, 39.953914391911304 ], [ 45.301606660418095, 39.952590968300562 ], [ 45.295529917343195, 39.951834954843775 ], [ 45.291767227528105, 39.952187820344101 ], [ 45.285650390626614, 39.953657844103738 ], [ 45.28292148632265, 39.953821969609564 ], [ 45.267975870291188, 39.951797514086856 ], [ 45.263519057793282, 39.952195108705617 ], [ 45.258927194617456, 39.953331763631894 ], [ 45.257227582700104, 39.953299227315938 ], [ 45.253079678439512, 39.952448604958775 ], [ 45.251974734121305, 39.951857190705049 ], [ 45.247575857604694, 39.950812835583079 ], [ 45.245295376915159, 39.95113242035692 ], [ 45.242607574768648, 39.951973347344854 ], [ 45.24040210120134, 39.954256000383893 ], [ 45.237877659199533, 39.954148796213659 ], [ 45.234737021842427, 39.953605132072909 ], [ 45.231064585358141, 39.950646760241014 ], [ 45.228687245331912, 39.947876381452659 ], [ 45.223378714294348, 39.945102482259514 ], [ 45.220195224565799, 39.93964284374745 ], [ 45.21681694926113, 39.939407066301641 ], [ 45.215965315752022, 39.938675926170973 ], [ 45.215005543098549, 39.936281500982595 ], [ 45.214127801037669, 39.935411775614021 ], [ 45.20951889863202, 39.934707270032824 ], [ 45.207923586078238, 39.934809158894382 ], [ 45.206493346298942, 39.935343703693491 ], [ 45.202573615982807, 39.934677133113112 ], [ 45.196681816097808, 39.936643588975599 ], [ 45.19586898466509, 39.936612901322185 ], [ 45.19680260351862, 39.934634473653944 ], [ 45.196361473451361, 39.933791242900035 ], [ 45.195409877470915, 39.93324635265482 ], [ 45.194683826143603, 39.928993998069274 ], [ 45.195480201953117, 39.927435333260227 ], [ 45.19536743655928, 39.925961917327562 ], [ 45.193903876390088, 39.924245717417804 ], [ 45.193993675884371, 39.923151640093963 ], [ 45.195272762277831, 39.92115597856376 ], [ 45.195147862376643, 39.919780004480586 ], [ 45.194477968227602, 39.918663745421348 ], [ 45.192852340974525, 39.917161953825961 ], [ 45.187938148953073, 39.913685455190688 ], [ 45.185720088844853, 39.910882829620007 ], [ 45.181485762422774, 39.910755205740841 ], [ 45.180241227266599, 39.91044599782068 ], [ 45.177840193055204, 39.90778104540712 ], [ 45.174059494552672, 39.906566142358521 ], [ 45.169176177352604, 39.903950826548048 ], [ 45.16835979391869, 39.903144544133582 ], [ 45.167882042791121, 39.900609686985916 ], [ 45.166897258024804, 39.899900809760965 ], [ 45.166034233382483, 39.898171957568621 ], [ 45.16486383801444, 39.897006388063822 ], [ 45.163761588181281, 39.895149340272546 ], [ 45.163645418147524, 39.893161428192322 ], [ 45.162025506530938, 39.889836715124652 ], [ 45.162033557135999, 39.888706428046447 ], [ 45.16315878832058, 39.886498270683795 ], [ 45.158140437680714, 39.884210310696105 ], [ 45.156293066582421, 39.882931934929729 ], [ 45.151964427690999, 39.882123293264122 ], [ 45.146974814914579, 39.880171363137435 ], [ 45.140443361820971, 39.87914655138151 ], [ 45.137067282178037, 39.877640157274975 ], [ 45.135540521547497, 39.877702583208283 ], [ 45.133100493521496, 39.876939374894746 ], [ 45.131297637775432, 39.875716300142443 ], [ 45.130284798048329, 39.874580747319285 ], [ 45.12708819117713, 39.874683103955697 ], [ 45.125611725934284, 39.874375831722126 ], [ 45.123109826158, 39.874544405452873 ], [ 45.121739731588789, 39.874180493754636 ], [ 45.118949977309839, 39.872209940336965 ], [ 45.115991795881143, 39.871626977612202 ], [ 45.113351888603738, 39.8718777580536 ], [ 45.112100258299151, 39.873667127310192 ], [ 45.110881307558316, 39.874524469754896 ], [ 45.104589001971753, 39.875801854329531 ], [ 45.101784183807339, 39.877626263888921 ], [ 45.09913944341605, 39.880518282038416 ], [ 45.099704488523884, 39.882274754947638 ], [ 45.101529064123703, 39.884683472614789 ], [ 45.102290063195099, 39.888570850682498 ], [ 45.102410326948991, 39.890056903227688 ], [ 45.101873121560622, 39.892095997210738 ], [ 45.102394213917592, 39.893400542520375 ], [ 45.102319175848827, 39.894282366885797 ], [ 45.102978207175177, 39.895915978470036 ], [ 45.104417923745245, 39.897317871087331 ], [ 45.104984495427011, 39.899939126492988 ], [ 45.104848834574909, 39.901529640860076 ], [ 45.102820651470715, 39.903459565836457 ], [ 45.101589956944856, 39.90561773762883 ], [ 45.102592554712366, 39.908975922974776 ], [ 45.102792789697382, 39.911282664769992 ], [ 45.103860782371093, 39.913114138203646 ], [ 45.106658833099758, 39.915792075660889 ], [ 45.107965506072759, 39.917815293447951 ], [ 45.108056919964959, 39.921104301091979 ], [ 45.108841537668923, 39.923998346888922 ], [ 45.107725713536709, 39.924461546290871 ], [ 45.106294262347099, 39.925896817958815 ], [ 45.104010755482605, 39.930258150091746 ], [ 45.102806025563865, 39.930570883248542 ], [ 45.099922276580259, 39.935582640888512 ], [ 45.099326407673423, 39.938173880873144 ], [ 45.099418617685039, 39.941563048528685 ], [ 45.099006117469358, 39.94418186750881 ], [ 45.099295892624596, 39.944802551739464 ], [ 45.098621735015023, 39.947360993089518 ], [ 45.096616381512362, 39.949246956117385 ], [ 45.092072671065601, 39.950622535229463 ], [ 45.091091106969031, 39.953042865340478 ], [ 45.093454893464866, 39.956492744273405 ], [ 45.0989065673635, 39.961482607952561 ], [ 45.103653352096948, 39.965125865353841 ], [ 45.104635688083562, 39.967554818100233 ], [ 45.104090455784977, 39.969787214581388 ], [ 45.103311584178449, 39.970324402239577 ], [ 45.10709496821395, 39.98914083772344 ], [ 45.102172011774385, 39.993103628879268 ], [ 45.101074417405769, 39.993396168479919 ], [ 45.100355238799608, 39.992568791293301 ], [ 45.097706161534127, 39.992751464845213 ], [ 45.091939024382036, 39.991475690355614 ], [ 45.089340018095655, 39.990558032388435 ], [ 45.08832381901712, 39.989490674689534 ], [ 45.085229833996628, 39.989258151755088 ], [ 45.084523872643423, 39.988905240303787 ], [ 45.083637690285492, 39.986372758855872 ], [ 45.07901449335214, 39.98949358692532 ], [ 45.078852509378336, 39.991177854421231 ], [ 45.071763479942739, 39.997450763630376 ], [ 45.06856091077546, 39.994561827026374 ], [ 45.067768111137788, 39.995180785662292 ], [ 45.068535690714711, 40.003859310496111 ], [ 45.065714559284501, 40.011203907959178 ], [ 45.060228844960307, 40.015615955542629 ], [ 45.057842808268397, 40.016415729301599 ], [ 45.054075757180939, 40.015967573375548 ], [ 45.052374531101819, 40.016088540926965 ], [ 45.051495857434034, 40.017470670365803 ], [ 45.051588131518947, 40.018954111011872 ], [ 45.050414492628484, 40.020043547321947 ], [ 45.053445823965198, 40.02202553504025 ], [ 45.054443151170013, 40.024181811530475 ], [ 45.055113740968636, 40.024416590023613 ], [ 45.056005094862591, 40.026366893808166 ], [ 45.055390401710923, 40.027839620978142 ], [ 45.056437236277915, 40.029087201494754 ], [ 45.056598915845029, 40.030366016605576 ], [ 45.058198672681627, 40.033010132536376 ], [ 45.057692728945838, 40.036188447145534 ], [ 45.057010773564436, 40.037221950551377 ], [ 45.055718297555451, 40.038234657429093 ], [ 45.053878591639865, 40.038884906609745 ], [ 45.053466837763111, 40.041535664769285 ], [ 45.052096950684955, 40.043376357725528 ], [ 45.049984286527035, 40.044308146885911 ], [ 45.045796240688794, 40.044688957333172 ], [ 45.042110613017975, 40.045559611108096 ], [ 45.040869477675074, 40.045560055529386 ], [ 45.038916426604793, 40.047457544994778 ], [ 45.037075665897042, 40.047726352718911 ], [ 45.033129339517998, 40.047066393866089 ], [ 45.030048663724145, 40.047848927657697 ], [ 45.030170642234779, 40.048883431425423 ], [ 45.031691401999723, 40.051138330168811 ], [ 45.028824864731199, 40.058897871490529 ], [ 45.025932664239804, 40.061224317411607 ], [ 45.023212823862053, 40.062769354874526 ], [ 45.02025745194743, 40.063363592086425 ], [ 45.021796714529749, 40.06410799000551 ], [ 45.024029946930135, 40.065830300596637 ], [ 45.024618732171042, 40.068942774615309 ], [ 45.025330696256653, 40.070164608668669 ], [ 45.028718193189789, 40.071782910645197 ], [ 45.031177714319924, 40.071597656834683 ], [ 45.028283854258873, 40.077460651722248 ], [ 45.020717309774298, 40.076088765594321 ], [ 45.016154902915872, 40.076396663966911 ], [ 45.013093243439165, 40.078736302182207 ], [ 45.00711368207682, 40.080418759487259 ], [ 45.004310828554409, 40.082752981107326 ], [ 45.003050994028357, 40.085199614464791 ], [ 45.003779337082541, 40.086665847094046 ], [ 45.00458904145313, 40.091129868009453 ], [ 45.003913791423329, 40.092017905327246 ], [ 45.002993836424309, 40.095203780193657 ], [ 45.000667858204508, 40.097457690618143 ], [ 45.001592342596616, 40.099665066880597 ], [ 44.999139804643065, 40.102130777585764 ], [ 45.002167603108255, 40.10389975926136 ], [ 45.002486387980547, 40.10519823076406 ], [ 45.001486743101019, 40.105980642732767 ], [ 45.000698517310447, 40.10745550230795 ], [ 45.000927118933127, 40.11166567372269 ], [ 45.000333329080746, 40.11291855189949 ], [ 45.003472523424861, 40.113496392466104 ], [ 45.006694867966353, 40.117253390591003 ], [ 45.009579225174008, 40.119701368792512 ], [ 45.011833722354773, 40.119519160097063 ], [ 45.013499990590667, 40.12058157446252 ], [ 45.015609217596655, 40.12306877685571 ], [ 45.017292911037302, 40.126883071566873 ], [ 45.017145256633263, 40.128418190307706 ], [ 45.020234920462649, 40.132445980085905 ], [ 45.020188895798078, 40.134563913150728 ], [ 45.021859310733689, 40.13854863270199 ], [ 45.021887426971119, 40.143281969977757 ], [ 45.024355240882265, 40.152391190300264 ], [ 45.026418644482028, 40.158114947431919 ], [ 45.02438606682918, 40.159873267170077 ], [ 45.021879885367021, 40.161295300024811 ], [ 45.018575799045941, 40.162552721051796 ], [ 45.016515169957842, 40.164383608622352 ], [ 45.01557599750786, 40.166207859069182 ], [ 45.015422049869933, 40.169352383843155 ], [ 45.017908036092095, 40.172720452578424 ], [ 45.020094198399882, 40.176498080964862 ], [ 45.020193393789761, 40.177483192107303 ], [ 45.020111357255011, 40.179751331041658 ], [ 45.016803110863528, 40.183730752268012 ], [ 45.014189940217349, 40.185071925961779 ], [ 45.011803774473599, 40.185519137773888 ], [ 45.012030694953836, 40.187360471353173 ], [ 45.010553567284681, 40.187666903758185 ], [ 45.004346785639065, 40.190272457669444 ], [ 45.001548970096991, 40.192038140619331 ], [ 44.999570773015904, 40.193504983238491 ], [ 44.997547200476603, 40.19707417235356 ], [ 44.996263276357929, 40.197300878172889 ], [ 44.994404180996717, 40.196496523339043 ], [ 44.991891794755603, 40.196110376980997 ], [ 44.989108043354484, 40.197099979998384 ], [ 44.985478325270755, 40.198982419743537 ], [ 44.984379662699894, 40.20018223572859 ], [ 44.982803436642747, 40.205813443448314 ], [ 44.979469622525151, 40.206504337984384 ], [ 44.977911372353702, 40.206035882335605 ], [ 44.965872776755823, 40.210617722312719 ], [ 44.965314357875556, 40.211263491261448 ], [ 44.957762848132887, 40.215885287817471 ], [ 44.956907044444741, 40.218080225712988 ], [ 44.954592938151855, 40.219686274526225 ], [ 44.949953432232036, 40.224885163424297 ], [ 44.948501961977009, 40.22871416677178 ], [ 44.946558451186434, 40.228827521072532 ], [ 44.94232675734078, 40.234763533233782 ], [ 44.941179176381915, 40.235478149653559 ], [ 44.938300129021982, 40.238267863029492 ], [ 44.936713809548351, 40.239167254821602 ], [ 44.936191788578064, 40.240145364878899 ], [ 44.933857710648141, 40.24156616744694 ], [ 44.927981773185259, 40.248973609407649 ], [ 44.927106778758109, 40.251727305429256 ], [ 44.926097539493945, 40.252745300707318 ], [ 44.924015645295441, 40.253078796046232 ], [ 44.918510286199414, 40.257203528087977 ], [ 44.916662243928329, 40.26224942982428 ], [ 44.917990991563983, 40.272769486654909 ], [ 44.917215936002208, 40.279290159853389 ], [ 44.91865010392771, 40.286126527104393 ], [ 44.918190333575929, 40.28982786760438 ], [ 44.921766389982373, 40.291909380190503 ], [ 44.926007405764899, 40.292832817547058 ], [ 44.93035862082683, 40.291645502018909 ], [ 44.933255048903966, 40.293207532486122 ], [ 44.931625250480579, 40.298214024913705 ], [ 44.932953514129046, 40.302228122410988 ], [ 44.930780752122494, 40.30305122728965 ], [ 44.928904632324517, 40.307865187000829 ], [ 44.927928709181089, 40.312129165068086 ], [ 44.927738683625897, 40.316205749700671 ], [ 44.926238397324113, 40.317474249352571 ], [ 44.923580410732512, 40.322669488357114 ], [ 44.924250084657366, 40.323877475205997 ], [ 44.925832541956858, 40.325014362683191 ], [ 44.924206400790872, 40.329167932035936 ], [ 44.922354431221869, 40.332518794173303 ], [ 44.920639453293383, 40.333738910762712 ], [ 44.915718181894576, 40.33540076133437 ], [ 44.914234246489293, 40.336915608237639 ], [ 44.914681502532503, 40.34055272141503 ], [ 44.914203970452917, 40.343106677419236 ], [ 44.914939953799326, 40.345697060287499 ], [ 44.915845219960708, 40.355593307087069 ], [ 44.914069929628035, 40.35804131118276 ], [ 44.913659353895845, 40.359951062892684 ], [ 44.914300799342257, 40.361271753265157 ], [ 44.914345059954329, 40.363511986815915 ], [ 44.910553963677984, 40.364266358570688 ], [ 44.910559984596006, 40.36639063176041 ], [ 44.908816951816213, 40.372456095673073 ], [ 44.906215572757581, 40.379059165424479 ], [ 44.904403172132973, 40.381961416338022 ], [ 44.902901694906035, 40.387066769962246 ], [ 44.903452998230591, 40.391469053961728 ], [ 44.902175204866303, 40.394353811297918 ], [ 44.899331700052194, 40.397860847649184 ], [ 44.895278961625998, 40.403798164962232 ], [ 44.894406372660782, 40.403981025973195 ], [ 44.892470682851183, 40.406528788808224 ], [ 44.891450663909716, 40.408978843280963 ], [ 44.891665336870076, 40.411982036174535 ], [ 44.890993005535066, 40.419977432057436 ], [ 44.891730964020084, 40.425532630764778 ], [ 44.892822908530398, 40.428106663252443 ], [ 44.896357477034407, 40.430124206640642 ], [ 44.900705112832384, 40.43509042814614 ], [ 44.902715905864056, 40.437800683792602 ], [ 44.903493399091118, 40.440285536176539 ], [ 44.902008774527424, 40.444223204936137 ], [ 44.895025671991426, 40.456200989755089 ], [ 44.8800681104197, 40.459945891721553 ], [ 44.874246856953235, 40.460922235676271 ], [ 44.869146931529542, 40.460501050581342 ], [ 44.868499294642838, 40.462203561275565 ], [ 44.863096207468487, 40.465115365789757 ], [ 44.861218050357557, 40.46553591296977 ], [ 44.859855269579676, 40.466204200098112 ], [ 44.858004895863225, 40.467756659307149 ], [ 44.855767129485088, 40.467164552356088 ], [ 44.85535610147322, 40.466757939739551 ], [ 44.853526789243951, 40.467952837234641 ], [ 44.853324405162006, 40.469440666363596 ], [ 44.852180036164654, 40.469969925495349 ], [ 44.851414915299316, 40.471503470063432 ], [ 44.848925488545419, 40.473120016971045 ], [ 44.847864628474987, 40.473480046068069 ], [ 44.847230158058203, 40.477526230325573 ], [ 44.848182020860548, 40.48198385524298 ], [ 44.849171000124173, 40.482685914452915 ], [ 44.8511810734813, 40.486692483268783 ], [ 44.851188678291876, 40.488147228321786 ], [ 44.851596770094744, 40.488801427205381 ], [ 44.851257749297488, 40.490385538056316 ], [ 44.851607022397296, 40.492348326913479 ], [ 44.852967668136095, 40.496504328444445 ], [ 44.854262819640596, 40.499012999877714 ], [ 44.85608829813642, 40.500757921362698 ], [ 44.855867544472126, 40.502559264074222 ], [ 44.856222585114367, 40.503311884652057 ], [ 44.853963621876893, 40.507614649040903 ], [ 44.857279492906933, 40.508871746567564 ], [ 44.85334310454585, 40.514556470797103 ], [ 44.848265337191194, 40.519877982233695 ], [ 44.845499016386668, 40.521304509733334 ], [ 44.844651907438163, 40.521168423515491 ], [ 44.840399499581117, 40.523293220358944 ], [ 44.838795931880121, 40.523044595349425 ], [ 44.838045733916609, 40.524108882069804 ], [ 44.838522401723246, 40.524585331867954 ], [ 44.83403450214221, 40.525307493654267 ], [ 44.83219304472135, 40.529707617922199 ], [ 44.828822099815696, 40.532739824127844 ], [ 44.827196400666821, 40.535032442857926 ], [ 44.826067993279459, 40.538105067551506 ], [ 44.823925040523726, 40.541909784656688 ], [ 44.821731523999553, 40.547115357558006 ], [ 44.820447874843296, 40.546492729887603 ], [ 44.81577890373692, 40.545510192200233 ], [ 44.815139585274189, 40.545847352715136 ], [ 44.814008662677807, 40.545466272669373 ], [ 44.811570201134963, 40.546148324007852 ], [ 44.812333060360665, 40.548520516673157 ], [ 44.810686654047473, 40.548720838111521 ], [ 44.809227319925292, 40.549650528729892 ], [ 44.806767634218083, 40.54979019356724 ], [ 44.805391965667937, 40.550467919620218 ], [ 44.795909647875675, 40.552432029945905 ], [ 44.789655295398617, 40.554979727286394 ], [ 44.784008079060484, 40.557754901940569 ], [ 44.779455744409681, 40.559213589174718 ], [ 44.778314208184767, 40.560797805566125 ], [ 44.776658782479359, 40.561497096059355 ], [ 44.776658591617192, 40.56267288453396 ], [ 44.774586034358663, 40.564282697243321 ], [ 44.77436720809893, 40.565095797304188 ], [ 44.77243799362256, 40.565582899427987 ], [ 44.769395717021069, 40.571134831097091 ], [ 44.76933324333185, 40.573275153346735 ], [ 44.769934375528436, 40.574983663867769 ], [ 44.771326433748882, 40.576424817922884 ], [ 44.774267271426858, 40.581139676953413 ], [ 44.774434039168774, 40.584223141903188 ], [ 44.773765143142121, 40.586066287721742 ], [ 44.77246434684816, 40.586863281918269 ], [ 44.771183296222603, 40.591616084365199 ], [ 44.772247099539371, 40.593886129476999 ], [ 44.773448355667924, 40.595065386976707 ], [ 44.775230289862584, 40.602416074300145 ], [ 44.772907593582623, 40.60463189389111 ], [ 44.772740202863488, 40.608177375171728 ], [ 44.774391361868879, 40.611949626718562 ], [ 44.772438370482909, 40.61391591160163 ], [ 44.768416922606981, 40.616106935493832 ], [ 44.771242543991171, 40.622872748916706 ], [ 44.770582112690697, 40.623717077990158 ], [ 44.771538014907513, 40.626867043553951 ], [ 44.77385927312865, 40.626723009781202 ], [ 44.780817372640207, 40.624767925496563 ], [ 44.783599332101375, 40.626217935911257 ], [ 44.789453495029541, 40.630751143321923 ], [ 44.790923077478212, 40.634470583441541 ], [ 44.789624438830238, 40.635216529812524 ], [ 44.787350766043737, 40.639833270943264 ], [ 44.787842059678979, 40.642808284995162 ], [ 44.787366691694601, 40.644788029132151 ], [ 44.787012754659635, 40.649717298046639 ] ] ] ] } },
{ "type": "Feature", "id": 10, "properties": { "cadastre_code": "11", "name_hy": "Տավուշ", "name_en": "Tavush", "name_ru": "Тавуш", "type": "province", "province_hy": "Տավուշ", "province_en": "Tavush", "province_ru": "Тавуш", "name_alt": null }, "geometry": { "type": "MultiPolygon", "coordinates": [ [ [ [ 45.36429707863924, 40.652981162805112 ], [ 45.363198842045108, 40.653264902441393 ], [ 45.358518635729986, 40.651785771844743 ], [ 45.357464968247513, 40.651719733213042 ], [ 45.355788162667395, 40.652368630563736 ], [ 45.352277675591438, 40.652906903500515 ], [ 45.349286980738448, 40.65481743158616 ], [ 45.346417804600534, 40.656157547068759 ], [ 45.344879633411978, 40.656392680110109 ], [ 45.342868826540936, 40.657352989603432 ], [ 45.340519149612007, 40.661781374705825 ], [ 45.338347713429137, 40.67140139021371 ], [ 45.334270645872778, 40.673814050076466 ], [ 45.333599975787727, 40.675859911129507 ], [ 45.320603159036764, 40.681091305635547 ], [ 45.317985307430945, 40.684980873781022 ], [ 45.314814826708179, 40.686391797400439 ], [ 45.311354753200987, 40.689077111091045 ], [ 45.309146586098649, 40.689647830817215 ], [ 45.306249726207497, 40.693490680843034 ], [ 45.303891419552471, 40.694035362119195 ], [ 45.30311021452696, 40.69448673803587 ], [ 45.30070046148797, 40.69379596260471 ], [ 45.298411698859617, 40.693811107862814 ], [ 45.296277483304578, 40.69324794963709 ], [ 45.291793133636723, 40.693857333081006 ], [ 45.286632230186115, 40.695679241931273 ], [ 45.279987709186358, 40.701439921124361 ], [ 45.278045213753792, 40.702279184882372 ], [ 45.275913634476474, 40.703716716952343 ], [ 45.27314352618766, 40.704500184774801 ], [ 45.272111807713287, 40.705781205719177 ], [ 45.266507881236016, 40.707856894819351 ], [ 45.264982110321718, 40.709352060025623 ], [ 45.263524978814772, 40.712047645083658 ], [ 45.260479807346869, 40.714679376041914 ], [ 45.25759534443084, 40.717815043866381 ], [ 45.256033371558942, 40.720088231102338 ], [ 45.254214604182231, 40.720583452198028 ], [ 45.253276341626162, 40.723315316064301 ], [ 45.252022539589504, 40.72460929277895 ], [ 45.24657781292489, 40.726345381872264 ], [ 45.242433751919499, 40.729306177967047 ], [ 45.239232482904598, 40.729028699602416 ], [ 45.235541605312989, 40.727834325676078 ], [ 45.231047960008944, 40.729113113315151 ], [ 45.226677508846613, 40.729726387057553 ], [ 45.223284571077123, 40.732589543761414 ], [ 45.22002076738908, 40.734172623950215 ], [ 45.217249459821062, 40.734207963949601 ], [ 45.215898694286984, 40.73341441759581 ], [ 45.213181039436165, 40.732787110298808 ], [ 45.209786994802755, 40.732485565938809 ], [ 45.207648526735639, 40.730022053234812 ], [ 45.204911345072908, 40.728756787003846 ], [ 45.199579593351416, 40.727460847980289 ], [ 45.193996624670966, 40.729955024519583 ], [ 45.191866480639128, 40.72905880744478 ], [ 45.187661626960875, 40.729038025566012 ], [ 45.18506863353003, 40.730913761957709 ], [ 45.184515182855726, 40.73237473312232 ], [ 45.185092487482891, 40.734495370353116 ], [ 45.182245998841488, 40.737029840244496 ], [ 45.180355599791781, 40.737431469356459 ], [ 45.174898335864945, 40.740446133618825 ], [ 45.171119971863192, 40.740179566862267 ], [ 45.160542692443343, 40.73764735085755 ], [ 45.153662058382572, 40.738114383025618 ], [ 45.15111526451107, 40.736334855887172 ], [ 45.151550036881403, 40.729605038690998 ], [ 45.151216066741185, 40.728488853649274 ], [ 45.148081218309201, 40.726599747582888 ], [ 45.147601409463654, 40.725961844065118 ], [ 45.147074555224293, 40.723758153830744 ], [ 45.146123793860312, 40.723091195157799 ], [ 45.144622655232503, 40.720930628862703 ], [ 45.142059316911684, 40.718462535099356 ], [ 45.138047046371305, 40.718008275503216 ], [ 45.134718868861171, 40.716711536005633 ], [ 45.130997765080849, 40.716154435629498 ], [ 45.128877444454886, 40.715161995278294 ], [ 45.126181556623287, 40.716230513510517 ], [ 45.12481833077257, 40.716231994663438 ], [ 45.123456044454358, 40.716740839255976 ], [ 45.119018947169032, 40.717120517366254 ], [ 45.114916538548755, 40.716724788996565 ], [ 45.110895598643623, 40.717291270951016 ], [ 45.109921727644235, 40.715428752429716 ], [ 45.108764009213928, 40.714181688890321 ], [ 45.10781562597797, 40.713725504656779 ], [ 45.107050806446914, 40.712425316755969 ], [ 45.105594616106359, 40.711410055343826 ], [ 45.100445534108495, 40.711580484335983 ], [ 45.096578549236469, 40.709772476291413 ], [ 45.092508505549652, 40.710727776886458 ], [ 45.086120607017904, 40.710612121419942 ], [ 45.084009714643528, 40.709397406541932 ], [ 45.081950725800127, 40.707529247405162 ], [ 45.081054239248992, 40.707261914971795 ], [ 45.079505730418454, 40.699513627358712 ], [ 45.07813592420721, 40.696490833515355 ], [ 45.078073442861644, 40.695419456183103 ], [ 45.078805628352761, 40.693238851892289 ], [ 45.078735795583277, 40.690832246799346 ], [ 45.077752089088548, 40.690199342157356 ], [ 45.077905707983625, 40.6892953246169 ], [ 45.076068149371139, 40.688467890325242 ], [ 45.075629962490616, 40.688572421507594 ], [ 45.074490253980599, 40.687128995953906 ], [ 45.069970497309463, 40.684635831665673 ], [ 45.068622476235532, 40.685581366021744 ], [ 45.064413727933662, 40.686022441946584 ], [ 45.06122101622622, 40.687383929698747 ], [ 45.060368139689658, 40.686123682828871 ], [ 45.063123281304541, 40.684579055920459 ], [ 45.064087062975709, 40.683038752472548 ], [ 45.06394081760223, 40.681485874652786 ], [ 45.061465024426212, 40.680819670133914 ], [ 45.062059978424962, 40.678899157445031 ], [ 45.060862425476884, 40.672287140010035 ], [ 45.056730903001693, 40.667913789508532 ], [ 45.056240207402361, 40.666849617654378 ], [ 45.047094992975829, 40.656364115807349 ], [ 45.044437783070073, 40.654113743552401 ], [ 45.043040182655886, 40.65216422324238 ], [ 45.041101668304442, 40.651908435737944 ], [ 45.03656351197197, 40.646864313786025 ], [ 45.031878677701307, 40.642720378110617 ], [ 45.024617600581756, 40.650616923854464 ], [ 45.022281001849009, 40.651332472285233 ], [ 45.017370543691904, 40.653801176765164 ], [ 45.015562980071763, 40.654337388280418 ], [ 45.014316400631301, 40.655559626450867 ], [ 45.012960575267428, 40.656271677553519 ], [ 45.010731878490425, 40.656841416021393 ], [ 45.009918820542964, 40.657782669790024 ], [ 45.009630979438832, 40.660701121352794 ], [ 45.005475274995653, 40.66315938741721 ], [ 45.003518451639543, 40.663198588586361 ], [ 45.002680976474188, 40.66270032428762 ], [ 45.00067364211796, 40.662610614922919 ], [ 44.999631188477537, 40.660995300130615 ], [ 44.998229112959798, 40.659850855328884 ], [ 44.998101267407101, 40.656848518700549 ], [ 44.997065562908546, 40.654756566858666 ], [ 44.995215059282337, 40.652355644072315 ], [ 44.993006512214116, 40.650792180410996 ], [ 44.99225539801359, 40.648447538736171 ], [ 44.992081515631959, 40.64306916199056 ], [ 44.991175679826782, 40.641787464631683 ], [ 44.981691324226247, 40.647602930303101 ], [ 44.973337358526727, 40.650352598131136 ], [ 44.970134900769118, 40.652175046872664 ], [ 44.96461450918239, 40.65327847760409 ], [ 44.950637850189317, 40.660229929964643 ], [ 44.934023768056704, 40.669516957323438 ], [ 44.923036178406335, 40.671774689459745 ], [ 44.910604783216712, 40.675110949503832 ], [ 44.903244006592899, 40.677814201973284 ], [ 44.900232327311699, 40.679252949428019 ], [ 44.899274232888459, 40.678944561424466 ], [ 44.899267756915407, 40.678253072167514 ], [ 44.89361932336022, 40.676233018344412 ], [ 44.891649751886057, 40.674779651398275 ], [ 44.887726884804131, 40.6736936353376 ], [ 44.886297739288061, 40.672798010670462 ], [ 44.885201974540976, 40.672616554647746 ], [ 44.883376287677336, 40.670870667806668 ], [ 44.879368187116917, 40.670005507651112 ], [ 44.876733513519966, 40.669814806989955 ], [ 44.871673596500351, 40.672233774375798 ], [ 44.869307663246687, 40.67177189669475 ], [ 44.863843161465816, 40.67158309063263 ], [ 44.860875154299407, 40.671762319685286 ], [ 44.859713760686319, 40.67267047343789 ], [ 44.857790769760072, 40.67212944251294 ], [ 44.855695191141699, 40.673734614896986 ], [ 44.851899234170574, 40.674779335059448 ], [ 44.852003653591041, 40.673384629752441 ], [ 44.850434997726055, 40.673598644418206 ], [ 44.850263433156393, 40.673017327459114 ], [ 44.848681587440801, 40.671366610967553 ], [ 44.846679530902129, 40.670228767266231 ], [ 44.84519991613827, 40.668789368223379 ], [ 44.842584116696948, 40.670490156402565 ], [ 44.841848062968367, 40.669041933794048 ], [ 44.841757823593731, 40.666982052395312 ], [ 44.843791849332725, 40.665489315021389 ], [ 44.844667180846663, 40.66411579959351 ], [ 44.842339525230216, 40.662183752387726 ], [ 44.840590885100397, 40.661614334304488 ], [ 44.839491530630156, 40.661620051412996 ], [ 44.837168688616181, 40.66074219155638 ], [ 44.834568650242552, 40.660231523827633 ], [ 44.832257568631945, 40.660180137170997 ], [ 44.831014299367219, 40.659315785098151 ], [ 44.829200676112237, 40.655862741232141 ], [ 44.828928446818608, 40.653779033260378 ], [ 44.825403312787344, 40.649243029534965 ], [ 44.825100626940689, 40.648048451129689 ], [ 44.824509348924508, 40.647516573604058 ], [ 44.824415036141708, 40.646214185246194 ], [ 44.823235359608837, 40.645275352782569 ], [ 44.82308287420009, 40.644527889019109 ], [ 44.817320002994798, 40.644705607848969 ], [ 44.81636087096733, 40.644517420417202 ], [ 44.814992768698673, 40.644976426664023 ], [ 44.811020037393128, 40.647890807725958 ], [ 44.810507541578488, 40.64887872857642 ], [ 44.809467863121085, 40.649712476852677 ], [ 44.809130931226939, 40.650617006147051 ], [ 44.80746714751745, 40.651792830118339 ], [ 44.806840667154447, 40.652975340402925 ], [ 44.804638984764246, 40.653986123675551 ], [ 44.804219725825462, 40.654572216385787 ], [ 44.804068880425135, 40.656955938504055 ], [ 44.803267876004305, 40.657978635304005 ], [ 44.800784366291161, 40.659379040605778 ], [ 44.797495900764041, 40.656985475019567 ], [ 44.796858054329626, 40.656076194852425 ], [ 44.792412192972058, 40.654279829582464 ], [ 44.790713270799117, 40.651092428981478 ], [ 44.787012754659635, 40.649717298046639 ], [ 44.779972563984622, 40.653085349073109 ], [ 44.776076224212666, 40.655809507071609 ], [ 44.773298793097204, 40.657169910685155 ], [ 44.771720658069611, 40.657580687059713 ], [ 44.767313776814184, 40.661644341412348 ], [ 44.766708955351255, 40.663742695791996 ], [ 44.765205365015817, 40.665405234572319 ], [ 44.764506833480382, 40.667018247806041 ], [ 44.764320638236306, 40.66861068403842 ], [ 44.764656258718666, 40.669840344107996 ], [ 44.762263647955841, 40.67094195996755 ], [ 44.76734602491252, 40.677930250722177 ], [ 44.766309988499785, 40.683101060921807 ], [ 44.766188447422458, 40.686239935322035 ], [ 44.767027474827216, 40.68878591876237 ], [ 44.771655647089567, 40.697430529650319 ], [ 44.778402924922737, 40.701555400007408 ], [ 44.781452240275485, 40.701906435186501 ], [ 44.784555958156872, 40.703595359349755 ], [ 44.788464877515018, 40.706364639951161 ], [ 44.789357872909292, 40.707454737551579 ], [ 44.792901310978955, 40.708353163551905 ], [ 44.794783138187384, 40.709764435674302 ], [ 44.795324208337227, 40.710624494161728 ], [ 44.799095465200935, 40.712506156826571 ], [ 44.79940291250297, 40.713531495784082 ], [ 44.798335878861721, 40.717258566302547 ], [ 44.798659156337557, 40.718964202153437 ], [ 44.797282095053092, 40.719747295106906 ], [ 44.795763849788628, 40.722350193108987 ], [ 44.794815653119819, 40.725287387562858 ], [ 44.792694326590961, 40.726880015092519 ], [ 44.792869402628341, 40.728293479915386 ], [ 44.792473569055751, 40.729462940014926 ], [ 44.788558058041552, 40.731520625687594 ], [ 44.785947320388523, 40.732185809277027 ], [ 44.784700237561367, 40.733071616157112 ], [ 44.784339014302645, 40.734112520228386 ], [ 44.782504317199518, 40.736511526438107 ], [ 44.780737084542928, 40.737984459642249 ], [ 44.776583989337581, 40.736849539983133 ], [ 44.774238550020847, 40.736535532526503 ], [ 44.774709317498754, 40.73837601378802 ], [ 44.770614453663292, 40.741723261464635 ], [ 44.759909640889369, 40.744886202221352 ], [ 44.76198648008026, 40.748842282881171 ], [ 44.760902870628726, 40.753818820785533 ], [ 44.758200824460083, 40.756044033140618 ], [ 44.755359361240117, 40.754616960549761 ], [ 44.748580645414101, 40.763719834155864 ], [ 44.744250930526484, 40.765470765301828 ], [ 44.741782834779656, 40.768677467074191 ], [ 44.741201458207037, 40.772902992629817 ], [ 44.738644168079993, 40.775880021402145 ], [ 44.738683708021824, 40.781483235849961 ], [ 44.737955795970898, 40.783788764669438 ], [ 44.736657159156977, 40.786243503975591 ], [ 44.735310774511625, 40.78780172903388 ], [ 44.736634200174855, 40.789173110057057 ], [ 44.743526907874958, 40.791498600832099 ], [ 44.746716513309529, 40.794012783859593 ], [ 44.751136485011529, 40.7949971705143 ], [ 44.75321712133578, 40.796858719142683 ], [ 44.756161824915417, 40.796688816915768 ], [ 44.759151843975836, 40.797761955863777 ], [ 44.763052603008937, 40.797156346601952 ], [ 44.763637961872689, 40.79647262041594 ], [ 44.764759727072381, 40.796194740451035 ], [ 44.76482386441689, 40.79819691286459 ], [ 44.76555869186118, 40.801152443789327 ], [ 44.77417361841043, 40.802583887946462 ], [ 44.775063985580687, 40.802947026719195 ], [ 44.77720437030279, 40.803092284269518 ], [ 44.778824668597295, 40.803611028656043 ], [ 44.782245343552624, 40.803683497516808 ], [ 44.785901999018229, 40.805338855931289 ], [ 44.788274651393586, 40.807148741990481 ], [ 44.789981788610191, 40.810840250577677 ], [ 44.79197318141938, 40.813273302849673 ], [ 44.79454012974476, 40.814276306582236 ], [ 44.797860708510662, 40.81496945321004 ], [ 44.801838033850046, 40.814635654811369 ], [ 44.802759800049628, 40.81554598143304 ], [ 44.805736401674842, 40.815242437400265 ], [ 44.808429269061293, 40.814571858196381 ], [ 44.814933092298773, 40.819028167448927 ], [ 44.820841333460301, 40.818795564943215 ], [ 44.822403232468645, 40.818494942540156 ], [ 44.825031585292855, 40.817152371135435 ], [ 44.827063965815647, 40.81845482406672 ], [ 44.829805301957052, 40.818073077949677 ], [ 44.831470234367949, 40.818653151142875 ], [ 44.834540838018981, 40.818633193458787 ], [ 44.834519002558757, 40.819364807847734 ], [ 44.833684291652418, 40.82005189893475 ], [ 44.838035195217905, 40.820926868616574 ], [ 44.842554228872388, 40.823861643909055 ], [ 44.845115111349571, 40.82735397706417 ], [ 44.847844650622754, 40.832063396211659 ], [ 44.851577417237451, 40.836978038951898 ], [ 44.856544900219532, 40.838639437441614 ], [ 44.857152674578117, 40.839385548171585 ], [ 44.856771733549337, 40.840319125500102 ], [ 44.85677185944089, 40.842103684958559 ], [ 44.858685185075316, 40.842780943222586 ], [ 44.85756190744371, 40.84418906380283 ], [ 44.85770722778409, 40.845056061867588 ], [ 44.859440551066314, 40.846318731320906 ], [ 44.855821464613371, 40.850998199481985 ], [ 44.856010005541783, 40.852349187333942 ], [ 44.854994819103013, 40.854866626670756 ], [ 44.856210171284033, 40.854571267369259 ], [ 44.857408566256822, 40.853578684010387 ], [ 44.858601193753834, 40.854894385231617 ], [ 44.859627216126221, 40.855300388977511 ], [ 44.861785892027441, 40.855215345597543 ], [ 44.86252839504084, 40.855460746574472 ], [ 44.865367219458655, 40.860462117571785 ], [ 44.865025174303355, 40.863908284155066 ], [ 44.865458646187541, 40.867101983652503 ], [ 44.863613807318288, 40.871516688584528 ], [ 44.864367409072216, 40.872763005192027 ], [ 44.863773489426229, 40.874782168349832 ], [ 44.86433943725919, 40.876479321076339 ], [ 44.864017179570439, 40.877095821883884 ], [ 44.864374889958832, 40.878232821418919 ], [ 44.865734650169934, 40.879471873302101 ], [ 44.864266131000527, 40.881818720547166 ], [ 44.861906284774449, 40.883786868583115 ], [ 44.861369474946073, 40.889765972850618 ], [ 44.861694967970983, 40.891122393558405 ], [ 44.863417546736464, 40.892102462697274 ], [ 44.866142924726468, 40.894653412349754 ], [ 44.864004321636934, 40.898396732565672 ], [ 44.860851452081917, 40.901729611866543 ], [ 44.85911937045276, 40.906530455888493 ], [ 44.86068727694817, 40.906844911932048 ], [ 44.862055358865426, 40.907652803355099 ], [ 44.863790759476203, 40.909810802762053 ], [ 44.866256391663129, 40.90875420854367 ], [ 44.870554902219418, 40.907966022361819 ], [ 44.875972803516639, 40.908158724037996 ], [ 44.878236193708595, 40.909093280000072 ], [ 44.879686390488303, 40.910496628645546 ], [ 44.880321554384494, 40.911840895559862 ], [ 44.881560549376346, 40.912641316347937 ], [ 44.882557689116553, 40.914099120639548 ], [ 44.886361477294408, 40.91685715493211 ], [ 44.890768693980611, 40.921082889958207 ], [ 44.892206469263648, 40.921727666720848 ], [ 44.893006138465111, 40.921536163183269 ], [ 44.893600837677148, 40.922163271604909 ], [ 44.894424149337389, 40.921655169260603 ], [ 44.897152090084759, 40.921767481598287 ], [ 44.898218757804479, 40.92233338568132 ], [ 44.901518973117831, 40.922575584550323 ], [ 44.903590921071746, 40.92342869329925 ], [ 44.904777131846672, 40.923402214876134 ], [ 44.905726360454707, 40.924086510493936 ], [ 44.904169955067474, 40.924880843262102 ], [ 44.903808652411854, 40.925489010066826 ], [ 44.902410536710036, 40.926054980816446 ], [ 44.896981668338256, 40.930931080378528 ], [ 44.896486075764372, 40.932094974631084 ], [ 44.89517041164315, 40.933477844752716 ], [ 44.894963971317488, 40.936001614064537 ], [ 44.893634696791324, 40.937347489502862 ], [ 44.893136251572727, 40.938748852064194 ], [ 44.892230977502244, 40.939933803900146 ], [ 44.891164234299936, 40.940509823996692 ], [ 44.890401712956894, 40.941447576206563 ], [ 44.883507393987422, 40.941513167071491 ], [ 44.878711247137147, 40.941153028506541 ], [ 44.875294513766669, 40.941667766225699 ], [ 44.873969659379398, 40.942415086314135 ], [ 44.873640774564478, 40.943625926250157 ], [ 44.875196865749643, 40.946106326438219 ], [ 44.87338728151056, 40.948178715413256 ], [ 44.872883626602821, 40.951337663989058 ], [ 44.870011084364101, 40.960578651828129 ], [ 44.865688964944198, 40.961159044313348 ], [ 44.863821181870676, 40.961681708993609 ], [ 44.85933685024208, 40.96189486987609 ], [ 44.85861354031892, 40.962758279290441 ], [ 44.854709493339222, 40.96428841065336 ], [ 44.85173326985462, 40.969074775560827 ], [ 44.848362580468354, 40.972413794253612 ], [ 44.844446063688103, 40.974288419161503 ], [ 44.835832314477983, 40.97325669659412 ], [ 44.833111110356121, 40.966990488898723 ], [ 44.831729048878167, 40.968646168322209 ], [ 44.829146788698509, 40.970878517793047 ], [ 44.828343798063273, 40.97278396004517 ], [ 44.821754141166849, 40.970838752251048 ], [ 44.814079199747681, 40.969197219529633 ], [ 44.811557763016168, 40.969141124747473 ], [ 44.809198351593722, 40.967461862473954 ], [ 44.80849344122047, 40.969548722995782 ], [ 44.80601762582446, 40.973538675936638 ], [ 44.801190255447466, 40.976436637409527 ], [ 44.801056393455596, 40.977950536357383 ], [ 44.80396177072906, 40.980433499534193 ], [ 44.80547188810754, 40.982888848060703 ], [ 44.807239892178224, 40.984303003009117 ], [ 44.807956554030739, 40.985438198530318 ], [ 44.808046123407429, 40.986917830496708 ], [ 44.808980356036088, 40.987615475610077 ], [ 44.809143890360858, 40.988522940131197 ], [ 44.808708558406835, 40.989681420783242 ], [ 44.809144773465725, 40.992625870351553 ], [ 44.807996168265412, 40.994379091889847 ], [ 44.808275965329003, 40.995787749593831 ], [ 44.809017030704346, 40.996711571554421 ], [ 44.80677521651377, 40.996166990592599 ], [ 44.804144347979111, 40.9966343764901 ], [ 44.800583476493536, 40.995952872562611 ], [ 44.799431988077103, 40.995432757066666 ], [ 44.797403751424874, 40.995457256603025 ], [ 44.796963631657242, 40.995140272816514 ], [ 44.795187348267753, 40.99511337947245 ], [ 44.794454637121127, 40.995560474156989 ], [ 44.79124703355312, 40.995190096291502 ], [ 44.790363289724468, 41.005251102234269 ], [ 44.787301019478342, 41.008085625855095 ], [ 44.786806924779945, 41.008186748019824 ], [ 44.784933579755503, 41.010915328478021 ], [ 44.783223794927608, 41.012326985672964 ], [ 44.7829953626376, 41.013607162702705 ], [ 44.776922067818688, 41.01777415112857 ], [ 44.778455241682089, 41.01967936958345 ], [ 44.781895978930571, 41.022813446013636 ], [ 44.78171359284061, 41.025654362620095 ], [ 44.781067218738286, 41.026363382806288 ], [ 44.784186550991464, 41.026615600776218 ], [ 44.788895077887382, 41.029679112009319 ], [ 44.789952094516337, 41.03160267027598 ], [ 44.789857688270466, 41.033525006182174 ], [ 44.790675742054304, 41.034438927057472 ], [ 44.793314381271287, 41.03493432994717 ], [ 44.794166175558509, 41.037150866085518 ], [ 44.795013819787727, 41.038020937192861 ], [ 44.797949788422763, 41.038930188998307 ], [ 44.80018098436954, 41.041539049494837 ], [ 44.800454571837399, 41.04349170687486 ], [ 44.802169063335725, 41.046053752837963 ], [ 44.804926178718169, 41.045611829716563 ], [ 44.807965638503944, 41.04581593608048 ], [ 44.810423366471241, 41.046897849059924 ], [ 44.811881186346142, 41.048703846115217 ], [ 44.814096773429803, 41.047976274205936 ], [ 44.815629069002739, 41.046493637182287 ], [ 44.818622439198741, 41.045409091922217 ], [ 44.822687800474426, 41.042812266867102 ], [ 44.827310137254145, 41.038877406273258 ], [ 44.833545640994146, 41.042101217965353 ], [ 44.8337679724171, 41.043551244193729 ], [ 44.835036954352489, 41.044984804212831 ], [ 44.835815655012361, 41.047525181426664 ], [ 44.838127423055042, 41.051247172014818 ], [ 44.847595915685005, 41.045317261171604 ], [ 44.851179818327616, 41.043593075077908 ], [ 44.854288429658659, 41.041598051864106 ], [ 44.855112063278021, 41.040230373498474 ], [ 44.855486147185914, 41.037754620593709 ], [ 44.862236116406251, 41.040095054754666 ], [ 44.864962433406177, 41.044510508718062 ], [ 44.878017763536292, 41.04187287895617 ], [ 44.879961461951353, 41.045407164396892 ], [ 44.88191388868929, 41.047919039693085 ], [ 44.8830524966952, 41.04861939350797 ], [ 44.885134546428453, 41.048637207331772 ], [ 44.887481462734755, 41.047896806954114 ], [ 44.889367221726246, 41.048876599038799 ], [ 44.893515743419542, 41.049314669313333 ], [ 44.896252360925871, 41.051426454224647 ], [ 44.899428752132671, 41.052072749419025 ], [ 44.901214040181117, 41.05148460540066 ], [ 44.902244925278808, 41.051491982906278 ], [ 44.903744761274041, 41.052138338450263 ], [ 44.905899405562614, 41.052251044870033 ], [ 44.908004036684545, 41.054876109097535 ], [ 44.908902659830503, 41.056697326472232 ], [ 44.908621087109125, 41.059614445324009 ], [ 44.910166115829924, 41.060356516613759 ], [ 44.914558000639659, 41.061053969409812 ], [ 44.915654997136969, 41.061838280458907 ], [ 44.916317536598676, 41.06293065916875 ], [ 44.919150561604447, 41.064585597617096 ], [ 44.927101969799665, 41.067651105867 ], [ 44.928791350366637, 41.069155803338766 ], [ 44.931964601020653, 41.073011181653669 ], [ 44.932742187443289, 41.073294240142161 ], [ 44.934651775606895, 41.073039470804538 ], [ 44.936717888688158, 41.074359067390716 ], [ 44.938744065171406, 41.077336371260536 ], [ 44.937805551723038, 41.077894232441551 ], [ 44.935647368294745, 41.080970422046946 ], [ 44.932902707522153, 41.081784514970209 ], [ 44.930107493070061, 41.084164532936263 ], [ 44.927665208847152, 41.085164713436747 ], [ 44.92743768031918, 41.085565244893424 ], [ 44.927965984090456, 41.087678694347225 ], [ 44.926977844137845, 41.090316678305349 ], [ 44.925745695109306, 41.092075998405534 ], [ 44.925567306035063, 41.094672748524118 ], [ 44.920813329964169, 41.098021531923422 ], [ 44.919351428965101, 41.099972926629327 ], [ 44.920977079054708, 41.101805709517393 ], [ 44.917665579193383, 41.106466479724162 ], [ 44.915163889436748, 41.108711302663146 ], [ 44.913648194194991, 41.109640307346233 ], [ 44.91260665883906, 41.109882787811458 ], [ 44.901834587583359, 41.110495866183989 ], [ 44.894579718623802, 41.111574223140792 ], [ 44.892734552804491, 41.112366164781115 ], [ 44.890856246138377, 41.114923314128085 ], [ 44.889684384666239, 41.117517255303454 ], [ 44.888204739844099, 41.118746507996605 ], [ 44.886969330554237, 41.118198332291939 ], [ 44.885783093427946, 41.113804978847689 ], [ 44.877534423454343, 41.117370311840844 ], [ 44.879069839295944, 41.120918760270378 ], [ 44.874814023100704, 41.123312001221201 ], [ 44.867009379095016, 41.128844187886699 ], [ 44.866255654119968, 41.140785495010761 ], [ 44.865807712068396, 41.142646257309941 ], [ 44.86879165867601, 41.14661768271953 ], [ 44.868743808044137, 41.148365254385247 ], [ 44.869926941585263, 41.150521038242054 ], [ 44.869671705958957, 41.152315113960121 ], [ 44.867609794634269, 41.155279028455439 ], [ 44.86879069061969, 41.157133563371723 ], [ 44.868794610843153, 41.159403555833151 ], [ 44.868094671192317, 41.16292663300267 ], [ 44.86823336056068, 41.168846302443043 ], [ 44.868914344574179, 41.171583534899447 ], [ 44.868433184356, 41.175309404949523 ], [ 44.86932471830896, 41.176165228444454 ], [ 44.871345691888081, 41.17651842252603 ], [ 44.870895883504041, 41.17862644710371 ], [ 44.86946493986035, 41.179448118657618 ], [ 44.866674200240645, 41.179905404724217 ], [ 44.864199709499296, 41.179472345495761 ], [ 44.861496900744953, 41.178322365989771 ], [ 44.860041880361152, 41.178111378376308 ], [ 44.865136707517813, 41.183084555842022 ], [ 44.866041201717081, 41.183381993330428 ], [ 44.869143658585287, 41.183221411741464 ], [ 44.8736850584108, 41.181489530820187 ], [ 44.878393709422866, 41.180573804380593 ], [ 44.879900068344156, 41.180722136242522 ], [ 44.880972528393663, 41.181953891510013 ], [ 44.880919986168088, 41.183156292181863 ], [ 44.884431714204226, 41.186509298070291 ], [ 44.888659063579368, 41.187585163889473 ], [ 44.890927431434221, 41.187122341182771 ], [ 44.892059380906666, 41.187751084856416 ], [ 44.890822335460101, 41.189128390950451 ], [ 44.891104029008275, 41.189938624323609 ], [ 44.892931768188213, 41.19079295823046 ], [ 44.897400681874267, 41.19198970787032 ], [ 44.898964511217834, 41.193456494111636 ], [ 44.902025802529522, 41.192437116271293 ], [ 44.902838472743944, 41.193448228267357 ], [ 44.902232693224526, 41.19555331574464 ], [ 44.902241477995794, 41.198327717120186 ], [ 44.902849862985676, 41.200153573813296 ], [ 44.904820820691015, 41.203502709924429 ], [ 44.904204386726477, 41.204349120197236 ], [ 44.904378763317226, 41.206426483757966 ], [ 44.903421709251788, 41.207837067501124 ], [ 44.902078812402387, 41.208748459377546 ], [ 44.900921873647619, 41.211883597489127 ], [ 44.900441313753618, 41.212547102528745 ], [ 44.899800842549034, 41.213240645635658 ], [ 44.899240840337278, 41.213572118951951 ], [ 44.899023741163539, 41.213676772180158 ], [ 44.898240990393504, 41.214054093061357 ], [ 44.896681572065098, 41.214565737845376 ], [ 44.895641676172204, 41.215077831624647 ], [ 44.894201673777559, 41.215861153435078 ], [ 44.893441498371182, 41.216373482962787 ], [ 44.893001090384303, 41.216855925820063 ], [ 44.892720344242981, 41.2174592270107 ], [ 44.892719116274357, 41.218213677633997 ], [ 44.892797578430404, 41.219119092692424 ], [ 44.892796155358489, 41.219994254975653 ], [ 44.89239484838707, 41.220989758898256 ], [ 44.891794129320147, 41.221713472678076 ], [ 44.890794301543657, 41.222074668507382 ], [ 44.889714775507194, 41.222284889998271 ], [ 44.887436516173025, 41.222282693671978 ], [ 44.884319004846255, 41.222219259401875 ], [ 44.88280038098123, 41.222097018139657 ], [ 44.881521740793168, 41.221884467521953 ], [ 44.880642747131674, 41.221702494949248 ], [ 44.880163612199333, 41.221430395974934 ], [ 44.879996094611471, 41.221234333567885 ], [ 44.879724890158883, 41.220916913155811 ], [ 44.879246593798243, 41.220192141280194 ], [ 44.878608604719268, 41.219376665282098 ], [ 44.878209430672442, 41.219104642336703 ], [ 44.877210916819074, 41.218741448469352 ], [ 44.876172107616902, 41.218559272073676 ], [ 44.875252748566098, 41.218618639018771 ], [ 44.874173231171049, 41.218828714954753 ], [ 44.874122612088705, 41.218837574992158 ], [ 44.872973802617331, 41.219038648553664 ], [ 44.871974557413147, 41.219067724732056 ], [ 44.871055541957347, 41.218945989994253 ], [ 44.870456387104042, 41.218764251698552 ], [ 44.869059881317874, 41.218287850641261 ], [ 44.868858776045471, 41.218219244043823 ], [ 44.867420877356473, 41.217764931108135 ], [ 44.867194167589801, 41.21778368808021 ], [ 44.865981830617827, 41.217883983766427 ], [ 44.865301718098529, 41.218215150962308 ], [ 44.864861214276452, 41.218637129379744 ], [ 44.864299248283402, 41.21981341446385 ], [ 44.863214409049768, 41.222558338996592 ], [ 44.863208571430441, 41.223587179445524 ], [ 44.863207484958231, 41.224110265110035 ], [ 44.862566948944448, 41.224592352928219 ], [ 44.861234417814657, 41.224671234020143 ], [ 44.859943664093706, 41.224627302805182 ], [ 44.858783043585746, 41.22458778831281 ], [ 44.856970683218236, 41.22474650796461 ], [ 44.855476404368908, 41.225670107574523 ], [ 44.854408628420607, 41.226513751258032 ], [ 44.853393675785313, 41.22755863862924 ], [ 44.851791961931177, 41.228803951366565 ], [ 44.849817922358, 41.229686622875569 ], [ 44.847258471843226, 41.2301661144636 ], [ 44.845286128052848, 41.230284200399602 ], [ 44.842781746242956, 41.229999156477277 ], [ 44.841130261406619, 41.229674996166565 ], [ 44.839212498140149, 41.229269968812524 ], [ 44.837400757222532, 41.229106482019731 ], [ 44.835321227426398, 41.229465670446572 ], [ 44.832815080609024, 41.229904679027626 ], [ 44.830576019572412, 41.230102600891314 ], [ 44.829437772321356, 41.230352646057916 ], [ 44.827482893589, 41.23078205450053 ], [ 44.8249215248672, 41.231904842640553 ], [ 44.822733718573801, 41.232826961198178 ], [ 44.820544645225759, 41.234191646550187 ], [ 44.817338023847299, 41.237244650694429 ], [ 44.815414540926, 41.238851081568633 ], [ 44.814345581898792, 41.239855299277764 ], [ 44.813220768342198, 41.24174463433139 ], [ 44.812735723270606, 41.24359476193343 ], [ 44.811824505348952, 41.245323480627071 ], [ 44.811761027464179, 41.245395962855753 ], [ 44.810487317337319, 41.246850307335791 ], [ 44.809417802662651, 41.247975187390388 ], [ 44.808080976619429, 41.249341035688403 ], [ 44.806425386460852, 41.250303963275115 ], [ 44.804875304335816, 41.25162917971214 ], [ 44.803378354929571, 41.252994701887182 ], [ 44.80257363869076, 41.254643051997682 ], [ 44.802142241653456, 41.256251799244531 ], [ 44.801604667895297, 41.257699413247053 ], [ 44.801546850013878, 41.259188087538774 ], [ 44.801543689159843, 41.260234246328174 ], [ 44.802286339553739, 41.261523109407612 ], [ 44.802966012222242, 41.262104795174729 ], [ 44.803935188433577, 41.26293422255776 ], [ 44.805157377866138, 41.264384828454382 ], [ 44.806221060872154, 41.265352310227101 ], [ 44.807123373640621, 41.266802356766426 ], [ 44.807705513197099, 41.268332337365067 ], [ 44.808074235594013, 41.269902196035886 ], [ 44.808280630222782, 41.272276524975133 ], [ 44.80789988259032, 41.274810823974249 ], [ 44.807199674634489, 41.277143403182912 ], [ 44.807301387637892, 41.278833527035239 ], [ 44.80777860615332, 41.279800010799569 ], [ 44.807986785394107, 41.281570784790169 ], [ 44.80798219517925, 41.283140018735317 ], [ 44.807551213395143, 41.284587831419451 ], [ 44.807013877393686, 41.285914753270269 ], [ 44.806797067541588, 41.287081261417505 ], [ 44.806739692921397, 41.288449220039233 ], [ 44.806946691841361, 41.289506066717571 ], [ 44.807055038790622, 41.290059225545448 ], [ 44.808012117386106, 41.29114721935229 ], [ 44.808387972447782, 41.291444331328975 ], [ 44.809236323094055, 41.292114934794185 ], [ 44.811205498787984, 41.293767887137925 ], [ 44.811847702957962, 41.29490481467009 ], [ 44.812001723345283, 41.295177478580754 ], [ 44.812187632925841, 41.295408028580567 ], [ 44.814341001818633, 41.29807832172952 ], [ 44.815403782605522, 41.299609027664346 ], [ 44.815941691558365, 41.300233913835939 ], [ 44.816201519087656, 41.300535749007857 ], [ 44.817320205876854, 41.301181315303587 ], [ 44.818279956928542, 41.30142425134968 ], [ 44.81929373610091, 41.301425843629872 ], [ 44.820628977609495, 41.300945085328479 ], [ 44.821111050351661, 41.300261807670495 ], [ 44.821859234678335, 41.299820359784171 ], [ 44.822660547208081, 41.299459462413466 ], [ 44.82367418782637, 41.299501252668762 ], [ 44.825008069832016, 41.299503283574396 ], [ 44.82612767868504, 41.299826871615785 ], [ 44.827034935250275, 41.299747760311 ], [ 44.827356020196959, 41.299386109481986 ], [ 44.827943560772297, 41.299145565744084 ], [ 44.829010661287043, 41.29914715211838 ], [ 44.829810568933659, 41.299309281921992 ], [ 44.830504289872941, 41.299270066855001 ], [ 44.831038773407585, 41.298908718820677 ], [ 44.831733416545376, 41.298507364808067 ], [ 44.832643520916207, 41.297301582320465 ], [ 44.833874930195954, 41.295613412995145 ], [ 44.834251849189371, 41.294245901014712 ], [ 44.834413729910949, 41.293521868484603 ], [ 44.83532169761687, 41.293120799054897 ], [ 44.836281999114881, 41.293122166059703 ], [ 44.837188351595259, 41.293364869728499 ], [ 44.837882900622738, 41.292963478046076 ], [ 44.839272560922026, 41.291919261784685 ], [ 44.840075738567087, 41.290713269719376 ], [ 44.840611955295373, 41.289587377989335 ], [ 44.841521481013906, 41.288502233102051 ], [ 44.842643490454556, 41.287779503254512 ], [ 44.843871973505685, 41.287137380561504 ], [ 44.845847449304863, 41.286415770889604 ], [ 44.847342689514306, 41.285733730086811 ], [ 44.847930685878119, 41.285211425193118 ], [ 44.848412358969881, 41.284528030633908 ], [ 44.848574243694856, 41.283723503103879 ], [ 44.848523034199516, 41.282797985240158 ], [ 44.84820605283565, 41.281469748881037 ], [ 44.847835185217797, 41.280382861660193 ], [ 44.84778417680085, 41.279376869347388 ], [ 44.847786227491881, 41.278491657800174 ], [ 44.84789439482195, 41.277848008897053 ], [ 44.848205923256117, 41.277176130045703 ], [ 44.848323233370557, 41.276923121435836 ], [ 44.848751966894334, 41.276038469936815 ], [ 44.848827016761341, 41.275975411892617 ], [ 44.84966043182505, 41.275275152319622 ], [ 44.850568601493904, 41.274632538824804 ], [ 44.851582604462379, 41.274352188147844 ], [ 44.852702727565699, 41.274313385227707 ], [ 44.853193226022881, 41.274327716343038 ], [ 44.854142678532646, 41.274355450971626 ], [ 44.85563525941182, 41.274719460411916 ], [ 44.857447695331444, 41.275164319090145 ], [ 44.858542276695495, 41.275515268468048 ], [ 44.858833469425981, 41.275608629544557 ], [ 44.860273110979122, 41.275811566057151 ], [ 44.861659850122244, 41.275813235334866 ], [ 44.863100510273412, 41.275533292444564 ], [ 44.864540662640024, 41.275494753563976 ], [ 44.866087072401527, 41.275657506000591 ], [ 44.867632925674521, 41.276101894809912 ], [ 44.868538999402091, 41.276424826816211 ], [ 44.869498258555993, 41.276828284074725 ], [ 44.870458323887959, 41.27682936473964 ], [ 44.871525219543528, 41.276750082762909 ], [ 44.873020284330671, 41.275906758209899 ], [ 44.874515080673419, 41.275184125600816 ], [ 44.875689452908745, 41.27466231368409 ], [ 44.876543571095588, 41.27426085947188 ], [ 44.877986674150847, 41.272612673825982 ], [ 44.879482888641142, 41.271044999188142 ], [ 44.880925043865616, 41.269839381775824 ], [ 44.882632866178263, 41.269157099162513 ], [ 44.884607231237055, 41.26851529468891 ], [ 44.885307457165815, 41.26824053903951 ], [ 44.885834663304557, 41.268033668799909 ], [ 44.887328725118884, 41.267552290117109 ], [ 44.887367295157333, 41.267544182321771 ], [ 44.888662437686058, 41.267271922152204 ], [ 44.889371802843165, 41.267242871705783 ], [ 44.889622430263138, 41.26723260677521 ], [ 44.890262178062557, 41.267353927582903 ], [ 44.890901596934633, 41.267676428714232 ], [ 44.891060652456964, 41.268239898447547 ], [ 44.89095139121725, 41.269809041943454 ], [ 44.891055521295677, 41.271338148234882 ], [ 44.891427255336325, 41.272304188029608 ], [ 44.892143558710124, 41.27301530223184 ], [ 44.89227920453272, 41.273149963138039 ], [ 44.893824851102003, 41.273795186082943 ], [ 44.895530788352453, 41.274279585886667 ], [ 44.897023725048847, 41.274562584307972 ], [ 44.898624026407845, 41.274403050372371 ], [ 44.900011959681898, 41.273599518332951 ], [ 44.901507369241045, 41.272232741833335 ], [ 44.902576060104778, 41.270865587070503 ], [ 44.903324247142955, 41.269820051220307 ], [ 44.903592789996786, 41.268532688496165 ], [ 44.903433979309867, 41.267727814168374 ], [ 44.903648475508632, 41.266923251624142 ], [ 44.904502964366493, 41.266078980550823 ], [ 44.905838758425197, 41.264269405060702 ], [ 44.906800577737222, 41.262902122580186 ], [ 44.907442069306967, 41.261775997939971 ], [ 44.908509739185739, 41.260931867522849 ], [ 44.909843886100141, 41.26016841019176 ], [ 44.911658071537069, 41.259284590873229 ], [ 44.912298908358281, 41.25856081059964 ], [ 44.913206391556301, 41.257796989085925 ], [ 44.914539795438387, 41.257516320569607 ], [ 44.917631876012472, 41.257961171324332 ], [ 44.920244102533729, 41.258405610320175 ], [ 44.921949931154259, 41.258809144772165 ], [ 44.923708497081655, 41.259735770927676 ], [ 44.924614439044937, 41.260219210777208 ], [ 44.925840788762358, 41.260300476844826 ], [ 44.927227779743319, 41.259778274447505 ], [ 44.928454735662839, 41.259296192138088 ], [ 44.929841085368878, 41.259337277838107 ], [ 44.930960400656218, 41.259780558737752 ], [ 44.932239742934087, 41.260183685938713 ], [ 44.933412818964008, 41.260224602915514 ], [ 44.934906392947354, 41.259702367788933 ], [ 44.935760268207275, 41.258978576278921 ], [ 44.936667599519815, 41.258093857593316 ], [ 44.937628456972739, 41.256967738033701 ], [ 44.938322230292364, 41.256324314536585 ], [ 44.939069049180709, 41.25596257462179 ], [ 44.939922170939731, 41.255963019327091 ], [ 44.940561503402002, 41.256526669713914 ], [ 44.941999815332608, 41.25805641024423 ], [ 44.943118602419922, 41.259183605067442 ], [ 44.943758063987502, 41.25966676239846 ], [ 44.944824424337746, 41.259787986895667 ], [ 44.946531092183292, 41.259386413186775 ], [ 44.947864670562097, 41.258743225994259 ], [ 44.949038226387316, 41.258140188754062 ], [ 44.950371394127302, 41.257979817341571 ], [ 44.951491002694439, 41.258181476352355 ], [ 44.952663536959641, 41.25894646638649 ], [ 44.953729734141959, 41.259309029965216 ], [ 44.955062885452058, 41.259188842244093 ], [ 44.956343108903361, 41.258465060898693 ], [ 44.957836742649896, 41.257499920091874 ], [ 44.958796851060399, 41.256977180883567 ], [ 44.959490097260165, 41.25685671197256 ], [ 44.960289910213405, 41.256856987896278 ], [ 44.960449463288249, 41.257541074409893 ], [ 44.960587797338086, 41.258011822762441 ], [ 44.96108804437899, 41.259714096642547 ], [ 44.96144895280549, 41.261113095142569 ], [ 44.961513672075803, 41.26136396163438 ], [ 44.961882683639701, 41.261892098797389 ], [ 44.96252601783543, 41.262812829038495 ], [ 44.963271931305158, 41.263979943136526 ], [ 44.963293102916104, 41.264085675137615 ], [ 44.963356651709397, 41.264403038661186 ], [ 44.963535657323447, 41.265296978319846 ], [ 44.963537834743519, 41.265307852028428 ], [ 44.963537391849897, 41.266112594494068 ], [ 44.96428364111204, 41.266756619173179 ], [ 44.965029990912498, 41.267239690858901 ], [ 44.967056124053613, 41.268004785648294 ], [ 44.969935391474237, 41.26921267601594 ], [ 44.972601289061139, 41.270782577510388 ], [ 44.973507519185226, 41.271828950744897 ], [ 44.973620648483326, 41.272132766985273 ], [ 44.973987013649825, 41.273116644769232 ], [ 44.973826554108442, 41.274283483661357 ], [ 44.973132630257815, 41.275691623366193 ], [ 44.972904202872286, 41.276242475160359 ], [ 44.972865687050884, 41.276335354958007 ], [ 44.973238721446826, 41.277140180640217 ], [ 44.974145204834841, 41.277784177314153 ], [ 44.975798444137268, 41.278428323479041 ], [ 44.976758255786933, 41.279233258421172 ], [ 44.976773614231085, 41.279266596011844 ], [ 44.976964477907636, 41.279680888549187 ], [ 44.977184650832754, 41.280158793396375 ], [ 44.977397751739375, 41.280923338132197 ], [ 44.978677664108446, 41.281728318224211 ], [ 44.980597825222304, 41.282131019909642 ], [ 44.982571311130862, 41.282694646217848 ], [ 44.98507816493651, 41.28366067817668 ], [ 44.98667830065817, 41.284385133482125 ], [ 44.988118511250711, 41.284707181897829 ], [ 44.990092208962558, 41.284787835285918 ], [ 44.991745864479846, 41.284747723413915 ], [ 44.993079435232204, 41.284908753528249 ], [ 44.99419962240713, 41.285270943962558 ], [ 44.994839710091007, 41.285834290162171 ], [ 44.99569313968059, 41.287202378794191 ], [ 44.995991689919201, 41.287787940587343 ], [ 44.99635971564441, 41.288080164631353 ], [ 44.998834542746089, 41.289749134651764 ], [ 45.001401270225273, 41.29291607653564 ], [ 45.003962159694829, 41.294123115961959 ], [ 45.010631455246504, 41.296496646596239 ], [ 45.012765579418897, 41.296496421615153 ], [ 45.015540136345081, 41.297300807944559 ], [ 45.016466499233871, 41.294251683718102 ], [ 45.017451338729664, 41.292830080778536 ], [ 45.018007765969386, 41.291279312112302 ], [ 45.020375212802414, 41.287835318400838 ], [ 45.021047193770777, 41.28578679362279 ], [ 45.028920952885052, 41.277980212398973 ], [ 45.028517445680144, 41.274638691754255 ], [ 45.030136477759264, 41.271040105239365 ], [ 45.031548694433873, 41.26926289782493 ], [ 45.036318232480966, 41.264504742212146 ], [ 45.040793578047726, 41.262766496093491 ], [ 45.044512365003861, 41.259515284368582 ], [ 45.045335490527776, 41.255271555646878 ], [ 45.047112477835874, 41.253794841821168 ], [ 45.048919352660612, 41.249639270069167 ], [ 45.053272664382632, 41.249058887835339 ], [ 45.062958331950504, 41.246033285687162 ], [ 45.056920943773733, 41.243519131361836 ], [ 45.05174111814128, 41.240404925889301 ], [ 45.052336770482619, 41.230551279783413 ], [ 45.0488656968759, 41.226277593327843 ], [ 45.048869316403078, 41.222497465778247 ], [ 45.048010907388715, 41.221011423479688 ], [ 45.045722182850319, 41.215460106957956 ], [ 45.043497166936845, 41.215073287142651 ], [ 45.039488744171052, 41.216809936637382 ], [ 45.036524300184951, 41.217244477339449 ], [ 45.032117512669771, 41.21739115842238 ], [ 45.030897940760291, 41.216971506622293 ], [ 45.02886492896841, 41.215292098913366 ], [ 45.027151846898747, 41.211060377209137 ], [ 45.025923723758119, 41.202228313078287 ], [ 45.027108623602551, 41.198146740117039 ], [ 45.030726202371255, 41.196179946637798 ], [ 45.033424601898737, 41.197138174530828 ], [ 45.04310981229947, 41.203751887961936 ], [ 45.050691030988411, 41.205391231380474 ], [ 45.053935596554197, 41.205137861934809 ], [ 45.054539514085747, 41.203367688218094 ], [ 45.053168914189001, 41.201171488706244 ], [ 45.049423285373528, 41.199002455862214 ], [ 45.04937226782647, 41.197513649389812 ], [ 45.050962291050595, 41.194984177453925 ], [ 45.050962318939213, 41.193791702110239 ], [ 45.052955201755616, 41.192747579324035 ], [ 45.06027309113091, 41.192644120078491 ], [ 45.063384128275523, 41.193337713264469 ], [ 45.067573674065684, 41.193359315982995 ], [ 45.070301908569, 41.192134998616318 ], [ 45.079410457070686, 41.191865383168349 ], [ 45.08421680319907, 41.193856202625319 ], [ 45.086013090855687, 41.193822573052152 ], [ 45.089433047756494, 41.192624636975694 ], [ 45.094906682109951, 41.192071059815007 ], [ 45.098155410315471, 41.190937617954951 ], [ 45.100197067908965, 41.19097378080081 ], [ 45.102570915161202, 41.19266777169814 ], [ 45.103720209898924, 41.19413569426932 ], [ 45.105382423130941, 41.195075242478765 ], [ 45.108736029650984, 41.198218103026569 ], [ 45.112941874387126, 41.201187447209577 ], [ 45.115735344900244, 41.201256603576248 ], [ 45.118018791118757, 41.200127499899772 ], [ 45.12037559790587, 41.208064181759518 ], [ 45.121403901538997, 41.208935377232315 ], [ 45.124827902032429, 41.208727104170229 ], [ 45.126887288546563, 41.206928590125841 ], [ 45.129020436948778, 41.203986342876945 ], [ 45.129358203749895, 41.201724515761946 ], [ 45.127154010917195, 41.198490348633626 ], [ 45.132672589389571, 41.194645444706921 ], [ 45.136693891905296, 41.194371015477444 ], [ 45.138862054351733, 41.193106297780922 ], [ 45.143342862336787, 41.193106357518374 ], [ 45.142660201634442, 41.189886613726074 ], [ 45.147534743797401, 41.186349052961475 ], [ 45.148474298436476, 41.18504818326096 ], [ 45.153894666133105, 41.183530559576802 ], [ 45.158566054670857, 41.181468889567917 ], [ 45.159042075720933, 41.179028787196302 ], [ 45.169616903651345, 41.169855505360857 ], [ 45.183528635571989, 41.163888555113751 ], [ 45.192037352655142, 41.166128301435919 ], [ 45.196478565327332, 41.166000950160715 ], [ 45.202551270800953, 41.159948887408952 ], [ 45.202636778940104, 41.156808083023719 ], [ 45.204812635352489, 41.152656656093079 ], [ 45.205260088682202, 41.148926769444373 ], [ 45.205280391372291, 41.141722334422539 ], [ 45.204261888458376, 41.138704466561158 ], [ 45.19838459023169, 41.135111979922023 ], [ 45.193293637700144, 41.133101447648677 ], [ 45.189308724995307, 41.131152453615861 ], [ 45.183880001160738, 41.130635350871579 ], [ 45.183753269757403, 41.126826115766093 ], [ 45.183386747482935, 41.125665709269896 ], [ 45.178034690463605, 41.12013094016006 ], [ 45.174843483246896, 41.118829917359584 ], [ 45.171737863468699, 41.119036800263579 ], [ 45.168324631983516, 41.120786400419149 ], [ 45.160084269916425, 41.122865764259679 ], [ 45.156592810252391, 41.123123607257959 ], [ 45.150548327843296, 41.114117187001888 ], [ 45.143510497459594, 41.113982303134534 ], [ 45.139831008894518, 41.112931933607705 ], [ 45.130260642166114, 41.114477505956124 ], [ 45.118709466922716, 41.115368675972817 ], [ 45.117417441999265, 41.114420705626038 ], [ 45.114851842543189, 41.113372738566063 ], [ 45.111563527940767, 41.112505439968061 ], [ 45.108564283839478, 41.112234382900766 ], [ 45.106188981049705, 41.112957846602264 ], [ 45.104354106282216, 41.114203335091091 ], [ 45.101453944956866, 41.117242767764232 ], [ 45.09915079923055, 41.119732398059831 ], [ 45.097610531300091, 41.118182978744329 ], [ 45.093138298850839, 41.113973975199777 ], [ 45.093294568133345, 41.112391521305042 ], [ 45.090795316937275, 41.110844907937377 ], [ 45.0910039678649, 41.106423652330193 ], [ 45.080185116103991, 41.103129770476194 ], [ 45.075957422946885, 41.101164111216683 ], [ 45.07395270265279, 41.098238433280045 ], [ 45.077081010138933, 41.092130088016674 ], [ 45.077008588959018, 41.087235002739178 ], [ 45.076338021585393, 41.084157063747355 ], [ 45.075247881491705, 41.082032012990354 ], [ 45.074398866829128, 41.080326178253827 ], [ 45.075059495706689, 41.077665398705868 ], [ 45.076745939643601, 41.074170159073411 ], [ 45.076384047065552, 41.072342120395994 ], [ 45.073469517981174, 41.072415932782128 ], [ 45.069526498975975, 41.069910178345033 ], [ 45.068586263306294, 41.068876909914323 ], [ 45.067559989539184, 41.067165233007778 ], [ 45.064045612054755, 41.057125566346826 ], [ 45.059909178749962, 41.051670441320148 ], [ 45.063579542451464, 41.05176540574012 ], [ 45.072928216126449, 41.053827557125288 ], [ 45.078520153543259, 41.05466388529922 ], [ 45.087448105656378, 41.054065429053054 ], [ 45.091944728547766, 41.05351051736929 ], [ 45.093370622281505, 41.054778549621695 ], [ 45.092606410501077, 41.057654509191714 ], [ 45.097977723191264, 41.062583904188784 ], [ 45.101271358753962, 41.063452302094795 ], [ 45.104125812273665, 41.063310906388899 ], [ 45.106600400206169, 41.062597891463042 ], [ 45.110270628088536, 41.062206760498803 ], [ 45.11172107706782, 41.061720758892491 ], [ 45.106113249670408, 41.060594946997377 ], [ 45.101266223240117, 41.055465231390414 ], [ 45.107149367474676, 41.051324596968229 ], [ 45.105962258180504, 41.049211509249702 ], [ 45.102360710531627, 41.048054054349407 ], [ 45.101358706884845, 41.046692367046518 ], [ 45.103423570310369, 41.045681219100871 ], [ 45.109691056190648, 41.046634272100839 ], [ 45.113931665098576, 41.049347364525559 ], [ 45.115297747360806, 41.049604467547269 ], [ 45.114747044449636, 41.051963446719164 ], [ 45.112787557766055, 41.054129962669869 ], [ 45.114755388583603, 41.056777219045223 ], [ 45.118759936837527, 41.05948453942429 ], [ 45.120937632431968, 41.059966888358026 ], [ 45.123277938030093, 41.058923638874333 ], [ 45.126321758220591, 41.06055064220201 ], [ 45.13012731012558, 41.062871980156444 ], [ 45.132724976752549, 41.062988898380176 ], [ 45.131368241305715, 41.065675634388995 ], [ 45.12970669243979, 41.074524228385791 ], [ 45.133679154869817, 41.083615308420498 ], [ 45.132367362672589, 41.086663449210221 ], [ 45.132886975053673, 41.090584097854503 ], [ 45.132378063465318, 41.092721466660763 ], [ 45.131257809398093, 41.094961860021556 ], [ 45.137441484510802, 41.091920974932833 ], [ 45.1479558076107, 41.088911135366779 ], [ 45.156029103601938, 41.085831736104623 ], [ 45.159710459381664, 41.083485841135953 ], [ 45.16222757931466, 41.082642346908926 ], [ 45.163762045605807, 41.081574046270596 ], [ 45.164783626122684, 41.080312615766339 ], [ 45.164905748834855, 41.077921715687907 ], [ 45.162750500398417, 41.070805618785357 ], [ 45.165608958791253, 41.070371725199273 ], [ 45.164352968001751, 41.068705333637887 ], [ 45.157440013560723, 41.065968717032263 ], [ 45.160498907927014, 41.063046651576506 ], [ 45.164165985856478, 41.057626052926651 ], [ 45.164250676995749, 41.053466288085296 ], [ 45.165172086134717, 41.049088144824808 ], [ 45.167215120139751, 41.048451275190835 ], [ 45.175580686359417, 41.050308898143584 ], [ 45.176561734934808, 41.0488693240355 ], [ 45.180667874394061, 41.046033511606041 ], [ 45.183647107690234, 41.046915882514668 ], [ 45.182109737052272, 41.048925319048912 ], [ 45.181820637989325, 41.050156509472572 ], [ 45.181993565717114, 41.050963918450691 ], [ 45.183153535827159, 41.053740507163589 ], [ 45.184179264334212, 41.054255790826758 ], [ 45.185121691260804, 41.053290854246029 ], [ 45.185240453220153, 41.050461624669865 ], [ 45.191978648419159, 41.050495440770902 ], [ 45.193863700130223, 41.049558289237837 ], [ 45.196497694622167, 41.044641077051551 ], [ 45.198745769176526, 41.044541328023364 ], [ 45.200236078871477, 41.045186075256765 ], [ 45.206773507310025, 41.041426128483408 ], [ 45.21009761460445, 41.040095525325121 ], [ 45.212886109197029, 41.039912921901163 ], [ 45.215169018604129, 41.038147742475623 ], [ 45.21676587377965, 41.035326482358698 ], [ 45.217548925261205, 41.032735711621037 ], [ 45.216050353906738, 41.029525878484286 ], [ 45.216472461920176, 41.027248438297363 ], [ 45.217406558207884, 41.02588977227969 ], [ 45.218754332567407, 41.025433530720996 ], [ 45.22420672407786, 41.025318980707375 ], [ 45.227199262486323, 41.027154648975632 ], [ 45.228860376684999, 41.026375989576898 ], [ 45.230471693287818, 41.023701950150148 ], [ 45.230232901006225, 41.020100251698402 ], [ 45.231872530807202, 41.018538934886038 ], [ 45.231655763669401, 41.016515337537989 ], [ 45.232354567875973, 41.0144699008247 ], [ 45.233755855579233, 41.013739783369616 ], [ 45.236825947363272, 41.013685573924477 ], [ 45.239414316391631, 41.011714278396163 ], [ 45.243881641236094, 41.012927652090262 ], [ 45.245690686360703, 41.014242442713567 ], [ 45.248508110996006, 41.014332310069065 ], [ 45.250207141353044, 41.01486967668297 ], [ 45.251012901748631, 41.013640243944863 ], [ 45.251446793790905, 41.007034424494826 ], [ 45.25443255161926, 41.007124802596429 ], [ 45.255540163735596, 41.006799280377528 ], [ 45.256346102437732, 41.005666730851878 ], [ 45.258132636720489, 41.004467371195439 ], [ 45.259577252660904, 41.003874706746799 ], [ 45.260227682508798, 41.004308342800243 ], [ 45.260335952089441, 41.010234585662566 ], [ 45.258566557666256, 41.011711989833913 ], [ 45.257734121527371, 41.013306078694441 ], [ 45.259649256280888, 41.015438105603195 ], [ 45.260010581667721, 41.016738992663214 ], [ 45.259775623668538, 41.020063466440227 ], [ 45.260245294638764, 41.024002255084667 ], [ 45.265810030299328, 41.030000841628308 ], [ 45.268679316642995, 41.032004637215785 ], [ 45.271158019596356, 41.033108575823761 ], [ 45.276722899177891, 41.032891835994668 ], [ 45.278348947014081, 41.035132265934237 ], [ 45.28174566939515, 41.035963430257993 ], [ 45.283082667982463, 41.036686160380633 ], [ 45.284693728163226, 41.03852250460956 ], [ 45.284762564702611, 41.039645013101563 ], [ 45.285384998654557, 41.040507694951494 ], [ 45.286058655815445, 41.040877560283334 ], [ 45.28727429714079, 41.040769540936665 ], [ 45.288125410155068, 41.040242425083484 ], [ 45.291222370904386, 41.036163929780479 ], [ 45.292280338196655, 41.034190508336103 ], [ 45.294429300405497, 41.03160312375649 ], [ 45.298476618634616, 41.02776086690568 ], [ 45.30105333430582, 41.021928917332247 ], [ 45.303255254311537, 41.018369337584353 ], [ 45.303949538094699, 41.011647567462717 ], [ 45.305651438656675, 41.00968778014785 ], [ 45.308299326588212, 41.007379129570957 ], [ 45.31271194946347, 41.003507268088448 ], [ 45.317538778034113, 41.000329373903384 ], [ 45.320750675681715, 41.001037266696315 ], [ 45.32394290763775, 41.002709078689719 ], [ 45.334112252637233, 41.004813857882958 ], [ 45.339321510755617, 41.005006422736152 ], [ 45.34214530153006, 41.003735411259278 ], [ 45.342237415180968, 40.999828613977051 ], [ 45.343185994864108, 40.998898134366897 ], [ 45.355454022444967, 40.998536940832146 ], [ 45.361958479059624, 40.996043669330192 ], [ 45.363223178253165, 40.997995009540169 ], [ 45.363485116965542, 40.9999011669276 ], [ 45.364561516787852, 41.001771603668097 ], [ 45.365928105497872, 41.002122659045042 ], [ 45.366955876649698, 41.002894773395269 ], [ 45.367271060768289, 41.005898363115477 ], [ 45.367701749436414, 41.006656215914028 ], [ 45.36897753237475, 41.008049821911996 ], [ 45.37060360960097, 41.009025505194742 ], [ 45.373764239255273, 41.009870812851901 ], [ 45.377539333162922, 41.011392920819304 ], [ 45.38150367918626, 41.012770428723833 ], [ 45.38489511673562, 41.013488443675158 ], [ 45.391782259932199, 41.013271413053815 ], [ 45.392958157809247, 41.013768177595253 ], [ 45.394097192661498, 41.015234277326165 ], [ 45.395230510797582, 41.018035485832598 ], [ 45.396106043037634, 41.021780134724914 ], [ 45.398188239891105, 41.023986017402265 ], [ 45.399384925911264, 41.02435341414057 ], [ 45.401426138272591, 41.021960688476703 ], [ 45.402871471734549, 41.021131812220432 ], [ 45.406451070799967, 41.020537721697586 ], [ 45.40967523013466, 41.021107847104524 ], [ 45.41345075649901, 41.021158989823121 ], [ 45.415159358821384, 41.021524386759474 ], [ 45.420706102187289, 41.021714285729225 ], [ 45.425235755932356, 41.021565289432239 ], [ 45.428117142849644, 41.019942419741305 ], [ 45.430907249850144, 41.018922445597816 ], [ 45.433312509791556, 41.018186519400395 ], [ 45.434740594697232, 41.018051916071279 ], [ 45.437697826148252, 41.016942282107706 ], [ 45.440616069432437, 41.016398099613802 ], [ 45.440824171608917, 41.015621928211502 ], [ 45.440566461085183, 41.013019418486252 ], [ 45.439324326746032, 41.01192629952822 ], [ 45.435733391984961, 41.010381454187581 ], [ 45.434793893514502, 41.009261237520199 ], [ 45.432698047801551, 41.00855656516071 ], [ 45.427763805711969, 41.005812375889846 ], [ 45.422793870266716, 41.002244576204696 ], [ 45.422104966208785, 41.00121326134051 ], [ 45.420261765644561, 41.00009934599899 ], [ 45.414775184765809, 40.992512112469882 ], [ 45.408514248641985, 40.987987274472438 ], [ 45.407233772372919, 40.986573622791646 ], [ 45.408207479573463, 40.985419375980456 ], [ 45.409598597101869, 40.984074218499572 ], [ 45.413930396330876, 40.981377230616069 ], [ 45.415611146919368, 40.980406114727977 ], [ 45.419071421671958, 40.964625584592902 ], [ 45.421927595603876, 40.958829503182599 ], [ 45.425437240683351, 40.958696738690222 ], [ 45.431144309206594, 40.961969103982426 ], [ 45.433910227304523, 40.964559499552649 ], [ 45.438750643755824, 40.967273004085449 ], [ 45.439901435458751, 40.967268621728884 ], [ 45.443412014590493, 40.966399030221901 ], [ 45.446074868684988, 40.96624338038292 ], [ 45.447785064177737, 40.967028291528045 ], [ 45.454080681919258, 40.971126577230052 ], [ 45.454983947183244, 40.970406758738939 ], [ 45.461218520421156, 40.958844107660099 ], [ 45.46656595287039, 40.952635687916732 ], [ 45.477259878135015, 40.943465019547681 ], [ 45.483641731473817, 40.939574340657281 ], [ 45.483894692803773, 40.939032309696742 ], [ 45.48095467874144, 40.936169427445293 ], [ 45.478808679156984, 40.936195596220948 ], [ 45.476893505728498, 40.93572580782363 ], [ 45.475448115248909, 40.934352635131049 ], [ 45.475412017094335, 40.932726531737025 ], [ 45.476207019171213, 40.931859287363189 ], [ 45.474454463205014, 40.931064280535097 ], [ 45.473990143548733, 40.930111571841145 ], [ 45.474326308129918, 40.929464034312943 ], [ 45.476535573390883, 40.928647235807667 ], [ 45.477722471961883, 40.927834632455458 ], [ 45.480001412426724, 40.924885162808827 ], [ 45.481636578942528, 40.923457827425494 ], [ 45.484986286377392, 40.922570442329004 ], [ 45.493633600351529, 40.922663002408981 ], [ 45.496239763664974, 40.924756825139625 ], [ 45.498484427167121, 40.926145414068991 ], [ 45.500387721490739, 40.926903533597205 ], [ 45.501601396089384, 40.92672836507225 ], [ 45.506163965214974, 40.924681407164449 ], [ 45.510970881851378, 40.923852523947474 ], [ 45.514348121939051, 40.921268854724865 ], [ 45.516597824524631, 40.919140082984875 ], [ 45.516368539065589, 40.917041099849101 ], [ 45.51674379529976, 40.916005568751586 ], [ 45.521408853968978, 40.910473075822452 ], [ 45.523740831757152, 40.909170199172401 ], [ 45.526659403687759, 40.906669207313172 ], [ 45.527162187374024, 40.905633058649435 ], [ 45.531924136513929, 40.905725060892976 ], [ 45.535152618374141, 40.902449479537374 ], [ 45.538930062830715, 40.898796023555768 ], [ 45.541441494490996, 40.898326293659792 ], [ 45.543313902057484, 40.898429855916334 ], [ 45.547836123104233, 40.899506943464317 ], [ 45.557124281124246, 40.900205553110276 ], [ 45.557713050946688, 40.899330395280558 ], [ 45.557746677683845, 40.898264071571496 ], [ 45.555619238203747, 40.888258871852884 ], [ 45.555696004944018, 40.887256954895662 ], [ 45.556456116916522, 40.88522732933825 ], [ 45.557648626595871, 40.883637377755903 ], [ 45.560250411220927, 40.882553343476118 ], [ 45.565309382771161, 40.882806359620254 ], [ 45.570940506600515, 40.884695533152559 ], [ 45.573142510130666, 40.885815396309525 ], [ 45.580955878065694, 40.891488149209593 ], [ 45.584479137135176, 40.889627211227939 ], [ 45.589176781794727, 40.888633543658266 ], [ 45.595645112039193, 40.885742779331629 ], [ 45.599222344306618, 40.884705612694169 ], [ 45.600595726283828, 40.883845724549865 ], [ 45.601444946557478, 40.88232803965564 ], [ 45.602059326298317, 40.87903970620745 ], [ 45.602172748940355, 40.874379618816377 ], [ 45.601171630854516, 40.871916401903015 ], [ 45.596819930158773, 40.867729187539595 ], [ 45.598355711842402, 40.866825817267753 ], [ 45.603974935087585, 40.860502157643182 ], [ 45.604323274181283, 40.856687978356128 ], [ 45.606814985278362, 40.853543974167863 ], [ 45.607353804432513, 40.851974195528705 ], [ 45.606895424084449, 40.850700435499881 ], [ 45.605422714185039, 40.848508007019213 ], [ 45.597796204448528, 40.84088043365508 ], [ 45.597773932135951, 40.836385268351293 ], [ 45.597471100146066, 40.835821442357343 ], [ 45.595330107479107, 40.834123039912392 ], [ 45.594264157000715, 40.832009091998543 ], [ 45.594987009276039, 40.825829910256957 ], [ 45.594120649496332, 40.825169095011177 ], [ 45.592934611998444, 40.823127076590495 ], [ 45.591627306638699, 40.821986839680584 ], [ 45.585755483208018, 40.818644550416302 ], [ 45.583224170996743, 40.812006845662602 ], [ 45.581788842796726, 40.810770216008429 ], [ 45.576615440640737, 40.808265503605377 ], [ 45.573600156388444, 40.806218609826963 ], [ 45.572393761802076, 40.80365137474233 ], [ 45.571686349122878, 40.80048865295727 ], [ 45.568093833217112, 40.794798090841248 ], [ 45.566684578033509, 40.79342491865652 ], [ 45.564444214229276, 40.791654243683382 ], [ 45.560207370882004, 40.789458948845713 ], [ 45.558472915522522, 40.787218517468382 ], [ 45.55704558844058, 40.786026023155166 ], [ 45.553477322010707, 40.78488153019866 ], [ 45.550678082513102, 40.78305332783102 ], [ 45.549371490586609, 40.781815672538855 ], [ 45.547676414022042, 40.777093976520675 ], [ 45.545604457963805, 40.774418483873298 ], [ 45.531947953248896, 40.774175355909399 ], [ 45.526683348775734, 40.773500802308945 ], [ 45.519603779664834, 40.773403423126403 ], [ 45.516065903105144, 40.772012837413079 ], [ 45.507386655128819, 40.770776136476741 ], [ 45.505308879715535, 40.769954023711463 ], [ 45.503610542833407, 40.768463406965168 ], [ 45.500828424186103, 40.762945088529776 ], [ 45.498750462086861, 40.761850524301479 ], [ 45.496082829194755, 40.76024657899741 ], [ 45.49439350632349, 40.75876762202509 ], [ 45.492720137960667, 40.756561624790457 ], [ 45.485984657029128, 40.753488525321998 ], [ 45.484025443634181, 40.752274390718206 ], [ 45.48200186435615, 40.751768465354573 ], [ 45.475493961442588, 40.751279687563553 ], [ 45.472245230744477, 40.751470716639346 ], [ 45.471271641012208, 40.751975480188122 ], [ 45.470753913943568, 40.753867656133671 ], [ 45.469557364621053, 40.755356200694784 ], [ 45.466750485793867, 40.755247699313706 ], [ 45.46535560431829, 40.75380084148869 ], [ 45.463628733904592, 40.750656872136389 ], [ 45.460187715296222, 40.749264825063953 ], [ 45.450117776930668, 40.746685617671638 ], [ 45.444660401128068, 40.746916765996005 ], [ 45.441208860416538, 40.745721397300201 ], [ 45.437338458690824, 40.745895838174953 ], [ 45.436218292082529, 40.744341991736029 ], [ 45.435154045726925, 40.741604533767763 ], [ 45.433277280979475, 40.740416160903997 ], [ 45.429104190038842, 40.740647030765984 ], [ 45.426570162204797, 40.741631692998062 ], [ 45.424899556741572, 40.741173648378364 ], [ 45.423516735894694, 40.740421109459433 ], [ 45.423336593963619, 40.738806324985525 ], [ 45.422690197805842, 40.737674791435062 ], [ 45.419581921553586, 40.732762102991806 ], [ 45.418362993045406, 40.731696772273807 ], [ 45.415838151118713, 40.731774064708731 ], [ 45.412739831847077, 40.732124421518137 ], [ 45.409271237409534, 40.731375862359052 ], [ 45.404938978053508, 40.731358822420752 ], [ 45.403768872943154, 40.731007520032037 ], [ 45.404819690396195, 40.729194540144469 ], [ 45.404836327252326, 40.728435221055506 ], [ 45.402717872836845, 40.721291274388953 ], [ 45.401750040586208, 40.720410722876167 ], [ 45.399365117115146, 40.71941244493123 ], [ 45.396116443091699, 40.716646221079287 ], [ 45.402893003826151, 40.71265964747645 ], [ 45.405550948241746, 40.710538606503277 ], [ 45.406819797345719, 40.708727098645568 ], [ 45.405640872138733, 40.706857317330964 ], [ 45.406055035426505, 40.705143480214041 ], [ 45.403613881763732, 40.701630341634043 ], [ 45.399885207380649, 40.699284741777305 ], [ 45.398796452966501, 40.698238458143138 ], [ 45.396117941328434, 40.697157377238931 ], [ 45.392500876478735, 40.696566440429095 ], [ 45.390557018544051, 40.697679361338004 ], [ 45.387960116402617, 40.700062833334179 ], [ 45.382674192415536, 40.70240167465208 ], [ 45.382413374484997, 40.704194608541236 ], [ 45.379128665075164, 40.709895372562777 ], [ 45.37783306643864, 40.709786535302214 ], [ 45.378684793730926, 40.706488218342258 ], [ 45.377578852818367, 40.7061202833709 ], [ 45.375936035524035, 40.706037439746844 ], [ 45.375610827520212, 40.705513468973685 ], [ 45.379303035841275, 40.70320681467966 ], [ 45.379586053402335, 40.691646477319445 ], [ 45.378095726743219, 40.691287096560828 ], [ 45.373258514649109, 40.691593607699232 ], [ 45.373295916038124, 40.690688829313011 ], [ 45.379672732219149, 40.68423751195354 ], [ 45.376196635386933, 40.679853963152659 ], [ 45.375591803461027, 40.67794968414772 ], [ 45.376478767726205, 40.675313136256975 ], [ 45.375792270761622, 40.671862175529128 ], [ 45.374729207701101, 40.670813398481513 ], [ 45.37167288114334, 40.669097746343169 ], [ 45.370119082977105, 40.667760707941895 ], [ 45.367977694075606, 40.6652140945735 ], [ 45.366717971532424, 40.661292387212782 ], [ 45.363994739618583, 40.656547223196434 ], [ 45.36429707863924, 40.652981162805112 ] ], [ [ 45.438008113559249, 41.013648576406737 ], [ 45.436655167139911, 41.014876430485941 ], [ 45.434853518462539, 41.015266836820416 ], [ 45.433963009204525, 41.014622866268233 ], [ 45.435108300781394, 41.01267480706376 ], [ 45.435945652259697, 41.0119443225691 ], [ 45.43841132375622, 41.012400345131191 ], [ 45.438008113559249, 41.013648576406737 ] ], [ [ 45.431299331105862, 41.009022708427672 ], [ 45.431682562975666, 41.009548724929346 ], [ 45.430261293777477, 41.010009560479375 ], [ 45.42893324551374, 41.01020630682941 ], [ 45.427508039387185, 41.01028197224521 ], [ 45.427818370539669, 41.00910759707476 ], [ 45.42999734794769, 41.008356269248807 ], [ 45.431299331105862, 41.009022708427672 ] ], [ [ 45.183270591312194, 41.003302209869837 ], [ 45.184075662590935, 41.001427092307033 ], [ 45.187650285900773, 40.996881430579748 ], [ 45.189424365438661, 40.995357253286606 ], [ 45.191502657606279, 40.992608524141552 ], [ 45.193833442619585, 40.990783706384718 ], [ 45.193997464648049, 40.989786117375949 ], [ 45.195257774472338, 40.989218945177086 ], [ 45.196693242539844, 40.9896946255625 ], [ 45.198993870826563, 40.991733546511433 ], [ 45.200200093265394, 40.992253043076964 ], [ 45.201750789438186, 40.992858855789791 ], [ 45.204619849672831, 40.993114596943663 ], [ 45.206395737830746, 40.99232906244653 ], [ 45.207710356403524, 40.990805423412809 ], [ 45.209370459452842, 40.989715794809683 ], [ 45.209996487650223, 40.988149910735252 ], [ 45.211027601696962, 40.987713378383397 ], [ 45.212636965409992, 40.983877950950188 ], [ 45.214121691341688, 40.981843206691174 ], [ 45.217046715591678, 40.981805145109931 ], [ 45.221287319995881, 40.980688729977636 ], [ 45.222549118696293, 40.980686304183543 ], [ 45.22375106885157, 40.979945071319932 ], [ 45.224264753781156, 40.97920516508308 ], [ 45.228563694868733, 40.978457823380467 ], [ 45.229593631940666, 40.977760335130107 ], [ 45.230854617366504, 40.977540493738971 ], [ 45.231856807909082, 40.985318763008884 ], [ 45.231751057955911, 40.9878834222501 ], [ 45.231068640071712, 40.989579932650628 ], [ 45.229868406986476, 40.990842819271059 ], [ 45.22792911937541, 40.994063086876189 ], [ 45.227416256017932, 40.995063796800594 ], [ 45.227419090564631, 40.995889628798466 ], [ 45.229444853666074, 40.998191980831521 ], [ 45.230456634807325, 40.998806299771026 ], [ 45.231143185987321, 40.999854241812017 ], [ 45.230854074858982, 41.001010577756652 ], [ 45.228830438194095, 41.00299800989378 ], [ 45.228505189841279, 41.004226616594025 ], [ 45.229011064109763, 41.005238420618682 ], [ 45.227198244281986, 41.008603854527344 ], [ 45.220205234666153, 41.009069713290948 ], [ 45.21526258453256, 41.01053287395353 ], [ 45.212878089273616, 41.011764980407911 ], [ 45.210835546624757, 41.013254872908597 ], [ 45.208142575236877, 41.014308183665705 ], [ 45.204702182711706, 41.014232365982593 ], [ 45.200860262864019, 41.013205276580273 ], [ 45.192438117826583, 41.008843009381543 ], [ 45.184722392142461, 41.007017511711467 ], [ 45.183278098201853, 41.006016029438413 ], [ 45.183270591312194, 41.003302209869837 ] ], [ [ 45.003173274510928, 41.09393184482358 ], [ 45.002233743084105, 41.093156495570192 ], [ 44.997217622302273, 41.090461190655596 ], [ 44.990445324087105, 41.090016329366463 ], [ 44.988418651152685, 41.088997580950526 ], [ 44.986684185795426, 41.087244980459772 ], [ 44.98574913561329, 41.085137464442553 ], [ 44.984299324368244, 41.083613319271173 ], [ 44.9798908177575, 41.082330446157741 ], [ 44.978055645154384, 41.079907073464398 ], [ 44.975337829529686, 41.078445806772983 ], [ 44.970360165192886, 41.078147621610846 ], [ 44.970660130475984, 41.075692356922033 ], [ 44.971899078644881, 41.073721932815701 ], [ 44.972871546868248, 41.06957632866331 ], [ 44.97372604511672, 41.067799633828166 ], [ 44.974750894909263, 41.066927571377398 ], [ 44.976501429639718, 41.065958730135698 ], [ 44.981535386485469, 41.06507571144332 ], [ 44.983413730378288, 41.06449447206753 ], [ 44.988365695054014, 41.062265893033441 ], [ 44.992159326126604, 41.061227409849948 ], [ 44.995284113834678, 41.059628861670689 ], [ 44.996180519560177, 41.058530451079747 ], [ 44.998085725777912, 41.05390099261129 ], [ 44.99842906971503, 41.051479910902046 ], [ 44.997823877002325, 41.048137358350559 ], [ 44.998212381750044, 41.046086667307527 ], [ 45.000695028550446, 41.043520907472946 ], [ 45.001676461430996, 41.042067070090646 ], [ 45.002359103162561, 41.038868633186524 ], [ 45.005537911191219, 41.038157770384906 ], [ 45.00651924627185, 41.037640803801523 ], [ 45.009712788057442, 41.034496321512691 ], [ 45.011411165798037, 41.034189191380513 ], [ 45.015252972168255, 41.034878584580547 ], [ 45.02242161830732, 41.036767411455443 ], [ 45.0245124076976, 41.036928527690435 ], [ 45.027350449443752, 41.038430188134214 ], [ 45.034519424527915, 41.039542885042451 ], [ 45.040046411108598, 41.041624934026125 ], [ 45.042287814264931, 41.043465656554893 ], [ 45.043184655981456, 41.044579928688641 ], [ 45.044678851462599, 41.045532428518257 ], [ 45.045085368305209, 41.047179943771503 ], [ 45.044330321966122, 41.048210248693586 ], [ 45.04136718079782, 41.049348481175628 ], [ 45.039506164954922, 41.05086615229812 ], [ 45.039397732299008, 41.051986354966246 ], [ 45.040580393855855, 41.054747167744395 ], [ 45.041258550872051, 41.058960553721768 ], [ 45.041945086354474, 41.060677004645541 ], [ 45.045964579496435, 41.064227331699186 ], [ 45.046904577468069, 41.065519243286367 ], [ 45.046479034814887, 41.067409385390462 ], [ 45.045134710827604, 41.067910677823178 ], [ 45.043449545866949, 41.069462066004178 ], [ 45.038511860912173, 41.075673239777075 ], [ 45.033764426035489, 41.080277276805973 ], [ 45.032014453679302, 41.081456981562155 ], [ 45.025653697605328, 41.084253121793296 ], [ 45.022408761845554, 41.084738396928095 ], [ 45.021277429186981, 41.085336289746209 ], [ 45.019143292336864, 41.088244295914947 ], [ 45.018332410690256, 41.08985977909461 ], [ 45.015429159263263, 41.092057077064545 ], [ 45.012269630344171, 41.095062003865429 ], [ 45.010518818527352, 41.095837541424721 ], [ 45.008468986766026, 41.096354617711498 ], [ 45.005436812614782, 41.096193258099383 ], [ 45.004241006380177, 41.095741006993556 ], [ 45.003173274510928, 41.09393184482358 ] ] ] ] } },
{ "type": "Feature", "id": 12, "properties": { "cadastre_code": "01", "name_hy": "Երևան", "name_en": "Yerevan", "name_ru": "Ереван", "type": "capital", "province_hy": "Երևան", "province_en": "Yerevan", "province_ru": "Ереван", "name_alt": null }, "geometry": { "type": "MultiPolygon", "coordinates": [ [ [ [ 44.394781768530486, 40.217281355547122 ], [ 44.398706361936682, 40.223918054617968 ], [ 44.397740772517025, 40.224631000349554 ], [ 44.398738846355776, 40.225370380808002 ], [ 44.404545566836596, 40.226027408364224 ], [ 44.41226495905228, 40.22459759598631 ], [ 44.412980179394076, 40.225372132287646 ], [ 44.412734845986179, 40.226585349541807 ], [ 44.414758433025284, 40.228162006492731 ], [ 44.416241533763014, 40.228520945571113 ], [ 44.419801554965623, 40.227224911446065 ], [ 44.421827129030582, 40.227515908403554 ], [ 44.424411407252194, 40.228411641609277 ], [ 44.4270567082471, 40.228661594438819 ], [ 44.427550085835271, 40.228008708074213 ], [ 44.429081219687703, 40.227750631344541 ], [ 44.430960046264786, 40.229024434945039 ], [ 44.432559121338407, 40.228570742663415 ], [ 44.433054904046379, 40.229510682713716 ], [ 44.437246493997463, 40.229526290340345 ], [ 44.437168031071295, 40.231189867681046 ], [ 44.438319204790567, 40.232192842192802 ], [ 44.439560104731456, 40.234046109681067 ], [ 44.452194990456043, 40.22461650136983 ], [ 44.453567232050389, 40.225391388345784 ], [ 44.452806065705083, 40.226215937736505 ], [ 44.454564681374713, 40.229933241931604 ], [ 44.455361633871611, 40.229635316594042 ], [ 44.456727071680817, 40.23024830994224 ], [ 44.459011870132031, 40.229212612227848 ], [ 44.460822655083717, 40.227488568568681 ], [ 44.458660437165236, 40.225467755091842 ], [ 44.458162748703032, 40.223569634730801 ], [ 44.462281074059362, 40.223933416692496 ], [ 44.464150054488407, 40.223004067907823 ], [ 44.464757068694958, 40.222298075719799 ], [ 44.467202370249289, 40.22173899315365 ], [ 44.468128037825423, 40.22316665096637 ], [ 44.469065431501306, 40.222962428380299 ], [ 44.469333832257391, 40.221786769845913 ], [ 44.472787450588378, 40.220375812849198 ], [ 44.474985722613454, 40.220806984935564 ], [ 44.47557199298052, 40.221860935416757 ], [ 44.474985776963372, 40.223191472812672 ], [ 44.477803690277732, 40.224641064554561 ], [ 44.478177511828044, 40.224479104665789 ], [ 44.479094188779051, 40.225518072645009 ], [ 44.480231698224046, 40.225300197106414 ], [ 44.481392330943336, 40.22692508655053 ], [ 44.480962349087157, 40.227877047834916 ], [ 44.481874349346192, 40.229447224111325 ], [ 44.48145459106231, 40.230006129890562 ], [ 44.484280080369018, 40.231430803571804 ], [ 44.484025319768215, 40.232095450126813 ], [ 44.485983888869399, 40.232471831196399 ], [ 44.486522615265208, 40.233174205991709 ], [ 44.48866522191404, 40.233635185048811 ], [ 44.490162990604802, 40.232786567434289 ], [ 44.490620526265957, 40.232141279491039 ], [ 44.490388204170124, 40.230992550407549 ], [ 44.491123055836539, 40.229377989635118 ], [ 44.492621866345957, 40.229097322611125 ], [ 44.494488553332317, 40.228277460828984 ], [ 44.498094843363852, 40.227616516382277 ], [ 44.501093880778988, 40.225965780913427 ], [ 44.502064016127356, 40.227047688001115 ], [ 44.498620894541091, 40.228190508935974 ], [ 44.500193969336962, 40.23072920107041 ], [ 44.509231141650325, 40.228361004504151 ], [ 44.508494726079299, 40.227004116736524 ], [ 44.512402916395885, 40.226197929850919 ], [ 44.513064962127288, 40.228884388993805 ], [ 44.514358803331206, 40.229726392476955 ], [ 44.517151537760213, 40.230036869335173 ], [ 44.521606318134715, 40.228416648790983 ], [ 44.522615743948009, 40.229581030560027 ], [ 44.523960926421196, 40.230258161673696 ], [ 44.525596464403002, 40.232805582723977 ], [ 44.526265418803881, 40.232929815911312 ], [ 44.527837565135513, 40.23229566882145 ], [ 44.529061157594626, 40.233561395410071 ], [ 44.530928164482567, 40.234513519024247 ], [ 44.535010697072309, 40.237879129573109 ], [ 44.535450927137795, 40.23865542425937 ], [ 44.537574422141361, 40.238944154398446 ], [ 44.538829557266929, 40.239835235609384 ], [ 44.540385129170588, 40.240383763799329 ], [ 44.542959364699726, 40.240881739556364 ], [ 44.544506564815968, 40.240615534415575 ], [ 44.547474722292009, 40.241814721413 ], [ 44.548793279718744, 40.241211589367019 ], [ 44.550452105924705, 40.241542191202534 ], [ 44.551880464017728, 40.237124688099733 ], [ 44.553782211170514, 40.237332727153159 ], [ 44.555325292489414, 40.238001767671662 ], [ 44.557594209318729, 40.237967677179562 ], [ 44.559419218834073, 40.238757419845989 ], [ 44.561850612792277, 40.240574157682765 ], [ 44.561976510085763, 40.240972644132235 ], [ 44.563594506879497, 40.2417931116887 ], [ 44.563751750095072, 40.241237597316989 ], [ 44.56167745714388, 40.239218275055812 ], [ 44.562507673465575, 40.238289671538958 ], [ 44.564677530863818, 40.238046076751274 ], [ 44.564831037705247, 40.237276257491672 ], [ 44.562149558146039, 40.236457791463998 ], [ 44.558479392308357, 40.232777184047521 ], [ 44.560612089189185, 40.232269200572944 ], [ 44.563369767582664, 40.230139613038602 ], [ 44.564416340878701, 40.230377800403467 ], [ 44.565199647619522, 40.229986778547875 ], [ 44.567419452270919, 40.227489550328265 ], [ 44.568293048255249, 40.227355545246205 ], [ 44.568886276918157, 40.225948051846501 ], [ 44.570013747472053, 40.226746353157068 ], [ 44.572061626357666, 40.226281330008383 ], [ 44.573156181389194, 40.227319138231323 ], [ 44.574255689590828, 40.226895596925623 ], [ 44.575249021067279, 40.225072652897673 ], [ 44.57635312150591, 40.220492273996499 ], [ 44.582820656538374, 40.220802986080777 ], [ 44.583410711157455, 40.220517472264092 ], [ 44.584608884598019, 40.221059246121676 ], [ 44.587319371344527, 40.221295726704575 ], [ 44.587090053866255, 40.217791725886627 ], [ 44.587909887212312, 40.21689291557216 ], [ 44.586481477691827, 40.21577303862658 ], [ 44.585433178749113, 40.21415148697136 ], [ 44.583584404636532, 40.212651163836625 ], [ 44.587244867813041, 40.208944535457093 ], [ 44.582890088922007, 40.207016286650585 ], [ 44.58019998384124, 40.206451338425907 ], [ 44.578971802884809, 40.205847131858832 ], [ 44.581353379760642, 40.203157063789547 ], [ 44.584583932723987, 40.198638569194244 ], [ 44.588855106218261, 40.19102581641571 ], [ 44.588637497839571, 40.190419061915826 ], [ 44.589718174716168, 40.189796623654473 ], [ 44.595491946467092, 40.194221606082188 ], [ 44.596624862039619, 40.194132745474256 ], [ 44.597608472065325, 40.194813860394788 ], [ 44.600151933592791, 40.19477627683078 ], [ 44.604102806771792, 40.195376703199997 ], [ 44.6042657251081, 40.194295079871161 ], [ 44.601505024493513, 40.194292710774931 ], [ 44.599161675935832, 40.187978108982044 ], [ 44.598747272566463, 40.187598733317152 ], [ 44.597446177539709, 40.187815108651478 ], [ 44.597702017172686, 40.185430487401703 ], [ 44.596644309343951, 40.184601958083121 ], [ 44.595203581145995, 40.184435842472979 ], [ 44.593715858143405, 40.183739967213867 ], [ 44.593238217657763, 40.184278435956109 ], [ 44.593589433081839, 40.185133162017387 ], [ 44.594287735648422, 40.185024231245727 ], [ 44.594642141510285, 40.186079052411699 ], [ 44.592356149333057, 40.186606592036746 ], [ 44.59303431595648, 40.187442136218422 ], [ 44.590297483728349, 40.18828362473522 ], [ 44.58981115902418, 40.188851155456376 ], [ 44.590254285007028, 40.189458638781389 ], [ 44.589279647808254, 40.189588748791579 ], [ 44.585438191250844, 40.188131766279227 ], [ 44.583721112151821, 40.186156860646491 ], [ 44.580659750255045, 40.185159257155682 ], [ 44.578471244908677, 40.184780601789491 ], [ 44.577030023007723, 40.183395707456235 ], [ 44.578418375962656, 40.183415247187284 ], [ 44.578969758441097, 40.182992121696081 ], [ 44.580115380353114, 40.183435792833542 ], [ 44.58180352381477, 40.183197710324997 ], [ 44.582635577787102, 40.182731375352368 ], [ 44.581908954414338, 40.180951554843716 ], [ 44.582416003014856, 40.18006071598824 ], [ 44.58137386091768, 40.179820889031738 ], [ 44.584281393764478, 40.175180048862181 ], [ 44.582982508374116, 40.173479882972927 ], [ 44.577193397264928, 40.168390078492273 ], [ 44.576006939335961, 40.168131429415624 ], [ 44.572491545232033, 40.166556713737506 ], [ 44.574222960443926, 40.1645256944689 ], [ 44.568642633542659, 40.162232797888819 ], [ 44.568584968850359, 40.160859656593658 ], [ 44.568053223414452, 40.159774546173779 ], [ 44.567882436935022, 40.155791020201889 ], [ 44.565841145532779, 40.153957568542253 ], [ 44.564930806577117, 40.153557351585768 ], [ 44.563873912375421, 40.151902333162617 ], [ 44.57151929203625, 40.152972812506995 ], [ 44.578121103035372, 40.154271777025826 ], [ 44.580853341390011, 40.15573557788629 ], [ 44.582477284183859, 40.15272639822129 ], [ 44.585905449877785, 40.153291901232997 ], [ 44.58642619342541, 40.153117074600864 ], [ 44.591257286377811, 40.155180075631954 ], [ 44.594610544212728, 40.157372534582862 ], [ 44.597500725744126, 40.158330296966838 ], [ 44.602817158491611, 40.148963634706298 ], [ 44.607169994742996, 40.147351515624472 ], [ 44.608950264038661, 40.147559675998835 ], [ 44.611220544234918, 40.146562548358318 ], [ 44.61346869467792, 40.145995060705268 ], [ 44.614094855196356, 40.145544763449223 ], [ 44.617348248723815, 40.144956882340722 ], [ 44.619401920391603, 40.145018481176635 ], [ 44.621390924955804, 40.144565371303841 ], [ 44.625815702096098, 40.142685073700676 ], [ 44.622485615539553, 40.142264994628007 ], [ 44.620095951209876, 40.14097348622645 ], [ 44.620336748638358, 40.138557902866843 ], [ 44.617854826213076, 40.138928108698757 ], [ 44.615291015921095, 40.137789770972063 ], [ 44.608213501444993, 40.136389015295293 ], [ 44.605667989528484, 40.133337074152529 ], [ 44.606321281253258, 40.12956042129349 ], [ 44.606015276287998, 40.12682108815347 ], [ 44.603882190011895, 40.123809817833447 ], [ 44.600000769628103, 40.121781839323241 ], [ 44.594055484601697, 40.119381064899144 ], [ 44.591918029332192, 40.118032794661474 ], [ 44.589004672513582, 40.114475587984394 ], [ 44.587710814687625, 40.110052280117515 ], [ 44.585284849724118, 40.109835036831591 ], [ 44.58358842291323, 40.10933704980598 ], [ 44.581751155407098, 40.108455088938115 ], [ 44.579813106425874, 40.106967022404781 ], [ 44.575357178984831, 40.102257378673777 ], [ 44.574459845540659, 40.100097497413422 ], [ 44.57471105519349, 40.099153486114439 ], [ 44.568532708051997, 40.094892727966794 ], [ 44.560018171992851, 40.087830005509119 ], [ 44.555577916576105, 40.085056827933087 ], [ 44.552224843713105, 40.08234383399877 ], [ 44.554510417051553, 40.079210989298652 ], [ 44.552497081520642, 40.076480208250373 ], [ 44.548996031699922, 40.073190635196937 ], [ 44.545367278504322, 40.076578648069855 ], [ 44.54114870178725, 40.074297670618705 ], [ 44.537695710798346, 40.070753643496431 ], [ 44.537421818167616, 40.069585585719885 ], [ 44.536683786429187, 40.068593527254663 ], [ 44.530288181978449, 40.065894914035631 ], [ 44.52426942263024, 40.073904530283841 ], [ 44.523116452291873, 40.073526417032276 ], [ 44.522057865845596, 40.072511379068992 ], [ 44.517332564272891, 40.070293794545258 ], [ 44.516547286559302, 40.069632977450858 ], [ 44.515555365691945, 40.069487563081701 ], [ 44.514145562050011, 40.070615954172389 ], [ 44.510236952477882, 40.069881380896959 ], [ 44.509481532851474, 40.070668529862395 ], [ 44.509740913590939, 40.071644280690627 ], [ 44.507383716135053, 40.071507887422683 ], [ 44.508090535229151, 40.073218584694949 ], [ 44.505747866004533, 40.072238323529774 ], [ 44.503286135769535, 40.071798602662973 ], [ 44.502839829093894, 40.07195789154467 ], [ 44.503701076176192, 40.074057067997252 ], [ 44.505492828846215, 40.075187799111831 ], [ 44.506021468458485, 40.07609592509381 ], [ 44.504132957239932, 40.075447135279994 ], [ 44.503227990125282, 40.075668060793433 ], [ 44.506330467399309, 40.078305403248983 ], [ 44.506478772336841, 40.079337945042184 ], [ 44.505932101722905, 40.079767525154907 ], [ 44.504157413633116, 40.079199150198875 ], [ 44.50385149578581, 40.079491858367689 ], [ 44.505978398364888, 40.081608138696332 ], [ 44.507553986928123, 40.085000449769431 ], [ 44.508472892524964, 40.085851028861775 ], [ 44.508195309479568, 40.086383043108611 ], [ 44.506740522230785, 40.086182294170811 ], [ 44.506454976038945, 40.087409974074859 ], [ 44.507185070113536, 40.088357313405339 ], [ 44.505671628190782, 40.088087183395679 ], [ 44.504373907286187, 40.087295448217183 ], [ 44.502546531430276, 40.087607537134382 ], [ 44.500484961132443, 40.087245984794741 ], [ 44.494004094703776, 40.084518889913831 ], [ 44.493303368345302, 40.08447035731772 ], [ 44.491307629283803, 40.086807727091362 ], [ 44.49173471193172, 40.088242669786517 ], [ 44.490316068281075, 40.089080043608639 ], [ 44.490234343865758, 40.089972265732357 ], [ 44.489552842858195, 40.090738158164335 ], [ 44.490865448297257, 40.093455178964305 ], [ 44.492138656183855, 40.093763017655284 ], [ 44.492155410675686, 40.094959903721502 ], [ 44.493009267329036, 40.096159657721756 ], [ 44.492580379352766, 40.09640018341188 ], [ 44.490697280431135, 40.095510433263229 ], [ 44.489087661921523, 40.095819215326202 ], [ 44.489660073826158, 40.099298489226832 ], [ 44.490646543902301, 40.099954390419803 ], [ 44.490216949427555, 40.100991897142563 ], [ 44.491036320931606, 40.101856458252009 ], [ 44.490953945839209, 40.102732203503891 ], [ 44.491897538580503, 40.103084132619898 ], [ 44.492412672806964, 40.103780804085609 ], [ 44.491524593309087, 40.105123892302991 ], [ 44.481057106360055, 40.105728756616479 ], [ 44.473962271171231, 40.105760826046676 ], [ 44.470847420956936, 40.10687099340911 ], [ 44.465995892802148, 40.107023001233848 ], [ 44.4646656822175, 40.105567469928886 ], [ 44.46361382799973, 40.105274225729964 ], [ 44.462706528429337, 40.10438633407594 ], [ 44.459927745746775, 40.105932299341362 ], [ 44.457775101971201, 40.104661368896146 ], [ 44.456180227069801, 40.105565761509411 ], [ 44.459053724845518, 40.108674553497778 ], [ 44.444994441606703, 40.109379819328396 ], [ 44.435483251686108, 40.11855829545572 ], [ 44.429238698803523, 40.113614878704908 ], [ 44.428051860486327, 40.12008327830312 ], [ 44.42993120049789, 40.121070810530412 ], [ 44.430330084147833, 40.1204011303141 ], [ 44.431699292927796, 40.120636724636121 ], [ 44.433277229101471, 40.121491273955151 ], [ 44.432561423794759, 40.121846248543555 ], [ 44.432281095040544, 40.122510609739599 ], [ 44.430468890447273, 40.123129144503061 ], [ 44.43182260203983, 40.123765945921257 ], [ 44.431580078791704, 40.124416395703449 ], [ 44.433608818664993, 40.124782366905684 ], [ 44.433236909794658, 40.125568158182702 ], [ 44.433632808056394, 40.126812504313293 ], [ 44.426834492513969, 40.126752254623476 ], [ 44.426088889671114, 40.129681323470351 ], [ 44.425095630991706, 40.130820791706647 ], [ 44.428351039703777, 40.130705258848714 ], [ 44.428374385171665, 40.13328567707012 ], [ 44.430121504234762, 40.135362782749944 ], [ 44.430817707722355, 40.137012870499269 ], [ 44.433887796434774, 40.136828846478132 ], [ 44.433428132223796, 40.139102708231512 ], [ 44.436085011983856, 40.143096608260976 ], [ 44.435146408779651, 40.144820108286346 ], [ 44.438840904837257, 40.147666005582153 ], [ 44.441831267397887, 40.15066853488571 ], [ 44.442290186431372, 40.151792003484353 ], [ 44.444857071711553, 40.154679059370274 ], [ 44.446132692840486, 40.155234017908185 ], [ 44.44408614844707, 40.15647426782435 ], [ 44.443366606648908, 40.158717887432893 ], [ 44.442334978259034, 40.159746022223445 ], [ 44.439757383743718, 40.159692175298055 ], [ 44.437205668922459, 40.15869127532779 ], [ 44.434915606824426, 40.157926421229185 ], [ 44.433836488238413, 40.157809635619572 ], [ 44.430431411807703, 40.158508363376072 ], [ 44.416404146935633, 40.164424831101755 ], [ 44.413639444467208, 40.164443391577713 ], [ 44.403502305720338, 40.163560715929101 ], [ 44.403642392032616, 40.160975293939053 ], [ 44.401531751448793, 40.158811574530638 ], [ 44.401289241558551, 40.158091754929977 ], [ 44.401373502732007, 40.153949740698046 ], [ 44.404471624844128, 40.154027045186901 ], [ 44.405121825423251, 40.155104242179739 ], [ 44.407219412885375, 40.155279251388798 ], [ 44.40754673123849, 40.154903406809133 ], [ 44.409610694659222, 40.155221224113411 ], [ 44.409753421384643, 40.156854727468257 ], [ 44.413638612380289, 40.156942872207289 ], [ 44.415389632951076, 40.1575486253113 ], [ 44.418629791383175, 40.157947952617086 ], [ 44.419491169909996, 40.156130597162921 ], [ 44.413951926294558, 40.155066405381213 ], [ 44.412467638971748, 40.155059784026903 ], [ 44.412096183044753, 40.154514043052671 ], [ 44.414903508656174, 40.154495752003704 ], [ 44.415043931492939, 40.153860387194158 ], [ 44.418086982029635, 40.153859870089434 ], [ 44.41889027829415, 40.154977201898681 ], [ 44.418991824620086, 40.150463220499134 ], [ 44.421837216354106, 40.150378669779585 ], [ 44.421911773112484, 40.148636900960206 ], [ 44.425382634588431, 40.148276458151798 ], [ 44.425922657245998, 40.147208804850557 ], [ 44.423914782028774, 40.146341756973868 ], [ 44.4234964851276, 40.14576501899672 ], [ 44.39134247954339, 40.145598333293414 ], [ 44.367170304023226, 40.145481881266818 ], [ 44.366664006415157, 40.146785524777655 ], [ 44.362079596120275, 40.146746668408099 ], [ 44.362181508308886, 40.147483219551042 ], [ 44.365742371795555, 40.147519496025758 ], [ 44.367296234099058, 40.148485095879252 ], [ 44.380680554055878, 40.148575992239394 ], [ 44.383228705035961, 40.150251024377354 ], [ 44.392498726933553, 40.15020468914966 ], [ 44.394436064241141, 40.151528682040826 ], [ 44.394600735448989, 40.152850878767808 ], [ 44.396003206017447, 40.15415685200275 ], [ 44.398562594955749, 40.154323140868996 ], [ 44.401026827535055, 40.156645610859833 ], [ 44.40103701297943, 40.158077842444285 ], [ 44.401264597158317, 40.158772819678489 ], [ 44.403423275972017, 40.16111283915248 ], [ 44.403256034061087, 40.163748779473977 ], [ 44.413783807618159, 40.164611525137708 ], [ 44.416463965594559, 40.164713880401614 ], [ 44.430118438929419, 40.158899105939021 ], [ 44.432635575646032, 40.158251763059077 ], [ 44.434842404850386, 40.158169589191822 ], [ 44.437082240589355, 40.158891024234727 ], [ 44.435464474067537, 40.159486220683021 ], [ 44.434611794536487, 40.159006163659377 ], [ 44.431807120079256, 40.15915147738734 ], [ 44.431418430145747, 40.159490579069576 ], [ 44.429517715687211, 40.159649077591261 ], [ 44.429055530582694, 40.160014960491225 ], [ 44.429569369711544, 40.161685734738619 ], [ 44.430267750361104, 40.161877916877913 ], [ 44.429784741867742, 40.163645466538107 ], [ 44.430112109650068, 40.16417094872893 ], [ 44.430339403188945, 40.167430525919166 ], [ 44.427027941097656, 40.169394472856247 ], [ 44.425001168328571, 40.169199352474607 ], [ 44.423835432803912, 40.16843614513494 ], [ 44.42136818381158, 40.168127494831168 ], [ 44.420301677453352, 40.167184308543177 ], [ 44.418602287005221, 40.167479726486668 ], [ 44.418018990469157, 40.168408763843381 ], [ 44.416109779605968, 40.168814635711755 ], [ 44.414982165694902, 40.170009447601153 ], [ 44.413333184052966, 40.170401862826807 ], [ 44.41105846604286, 40.169993985207313 ], [ 44.410722627749394, 40.170625890293415 ], [ 44.408178295948531, 40.172546687524935 ], [ 44.406074480796704, 40.174916927325221 ], [ 44.405543888175409, 40.176927381602674 ], [ 44.405768300987098, 40.18004673370703 ], [ 44.405170019045492, 40.180826239697218 ], [ 44.406528025066571, 40.181747470169093 ], [ 44.407881121036716, 40.183706433253697 ], [ 44.406803704745883, 40.186401100685444 ], [ 44.404107275181083, 40.190065357887683 ], [ 44.406447919952342, 40.191237636289024 ], [ 44.405288270565286, 40.191294391183945 ], [ 44.403743919526683, 40.192770311146624 ], [ 44.402860027915622, 40.19183457427922 ], [ 44.402245720720295, 40.193237955843458 ], [ 44.403835278726213, 40.194149941805122 ], [ 44.404198964973546, 40.195506876652253 ], [ 44.407304664708072, 40.196080672879589 ], [ 44.409914496284074, 40.195508242462324 ], [ 44.41238506273816, 40.196200247716277 ], [ 44.409633494677998, 40.196230091086363 ], [ 44.408401790070229, 40.196951491655767 ], [ 44.405585266061443, 40.20078216832313 ], [ 44.402995163508066, 40.20793420195298 ], [ 44.402825500646372, 40.2129304089136 ], [ 44.401107654400114, 40.214528466372045 ], [ 44.394781768530486, 40.217281355547122 ] ] ] ] } },
{ "type": "Feature", "id": 15, "properties": { "cadastre_code": "", "name_hy": "Տիգրանաշեն", "name_en": "Tigranashen", "name_ru": "Тигранашен", "type": "enclave", "province_hy": "Արարատ", "province_en": "Ararat", "province_ru": "Арарат", "name_alt": "Kyarki" }, "geometry": { "type": "MultiPolygon", "coordinates": [ [ [ [ 44.971120606868858, 39.806661768492795 ], [ 44.972291349240898, 39.80390144779242 ], [ 44.97236532614933, 39.801811449457674 ], [ 44.971945563664384, 39.799121616906945 ], [ 44.970521104464389, 39.793436654423502 ], [ 44.966897482877997, 39.78260442777141 ], [ 44.96439187263514, 39.77901704666958 ], [ 44.962168664711641, 39.777554412782131 ], [ 44.959999816222123, 39.77690156466636 ], [ 44.957673400431453, 39.776762913216167 ], [ 44.954968667780953, 39.777174895124766 ], [ 44.948536461324842, 39.780896779925293 ], [ 44.945748018617486, 39.783170935622657 ], [ 44.941834924053559, 39.787052928136113 ], [ 44.939032604854866, 39.790544865819797 ], [ 44.935093704754756, 39.796344580972104 ], [ 44.932800174586077, 39.802081216175019 ], [ 44.932560786976296, 39.804438399686411 ], [ 44.933857644097614, 39.806781092875632 ], [ 44.935804431955923, 39.807825594673886 ], [ 44.937969034656916, 39.807873151962397 ], [ 44.946793920495494, 39.806852988699248 ], [ 44.96167923256592, 39.806376429351445 ], [ 44.971120606868858, 39.806661768492795 ] ] ] ] } },
{ "type": "Feature", "id": 16, "properties": { "cadastre_code": "05", "name_hy": "Արծվաշեն", "name_en": "Artsvashen", "name_ru": "Арцвашен", "type": "exclave", "province_hy": "Գեղարքունիք", "province_en": "Gegharkunik", "province_ru": "Гегаркуник", "name_alt": null }, "geometry": { "type": "MultiPolygon", "coordinates": [ [ [ [ 45.498668548937331, 40.589709459789439 ], [ 45.496579940972339, 40.59006984412833 ], [ 45.495841013492672, 40.590444577911043 ], [ 45.495463394136593, 40.590963152185559 ], [ 45.495163633774894, 40.593419971774452 ], [ 45.493453638710726, 40.594315801026021 ], [ 45.492654507580859, 40.595159261303237 ], [ 45.490307400842148, 40.598787922857404 ], [ 45.488038243977321, 40.60151153630153 ], [ 45.487605520657112, 40.604523860643795 ], [ 45.489666166349174, 40.612769061848674 ], [ 45.48948954382729, 40.615148816162034 ], [ 45.487466118247156, 40.618330831849086 ], [ 45.486830967100417, 40.621370604439434 ], [ 45.486201156468766, 40.622229458069476 ], [ 45.484564818507799, 40.622838196191559 ], [ 45.481895120168581, 40.623075526550174 ], [ 45.480372808149198, 40.623663435871691 ], [ 45.478052412136307, 40.625320842978105 ], [ 45.477719855818258, 40.626259193633459 ], [ 45.47799891415211, 40.629715154404671 ], [ 45.479146478106408, 40.633963868861606 ], [ 45.478432903796268, 40.64094566251832 ], [ 45.478990741070149, 40.641848014859306 ], [ 45.483110929120059, 40.645611060510923 ], [ 45.487876959947776, 40.64770729860647 ], [ 45.490609815429373, 40.650274285075348 ], [ 45.495956790728457, 40.659993206573823 ], [ 45.498811354418379, 40.66637118120282 ], [ 45.505862309415527, 40.666113807690436 ], [ 45.507443230803567, 40.666506803369785 ], [ 45.508870559601256, 40.667627026398222 ], [ 45.510496647046025, 40.668169082108555 ], [ 45.517346821789836, 40.667792701342101 ], [ 45.518735547526731, 40.668386004243288 ], [ 45.527281577664539, 40.668523205967155 ], [ 45.530082095927639, 40.669018526898114 ], [ 45.53494235696018, 40.667717708481049 ], [ 45.536261331193458, 40.666543318146879 ], [ 45.53693892635718, 40.664180960830997 ], [ 45.538116075992249, 40.663377406426534 ], [ 45.540275435342849, 40.662818071013511 ], [ 45.543280801099861, 40.660404871840086 ], [ 45.545521227352602, 40.659429239535321 ], [ 45.546749467156722, 40.657401760794279 ], [ 45.547815899922249, 40.656538421179228 ], [ 45.549423935632149, 40.656393898680669 ], [ 45.550525170380887, 40.655428956545009 ], [ 45.553062497207364, 40.654447559532102 ], [ 45.555810991876335, 40.65208480983604 ], [ 45.556344012748177, 40.651136256785982 ], [ 45.556690212293411, 40.64611361976246 ], [ 45.556470621485509, 40.645210016559062 ], [ 45.554023559448183, 40.641667749570395 ], [ 45.554329878067549, 40.632499283628881 ], [ 45.551818563492539, 40.627810653759482 ], [ 45.550355096820752, 40.62678980322351 ], [ 45.549198789075781, 40.625470837849896 ], [ 45.548476116522139, 40.623772454153197 ], [ 45.548530340707508, 40.622850996524242 ], [ 45.550843071541394, 40.620393804674308 ], [ 45.552071730955454, 40.618153412302362 ], [ 45.550012014408807, 40.617719757779469 ], [ 45.546217752201606, 40.619020590280151 ], [ 45.544049611630129, 40.619354816281586 ], [ 45.542297050129619, 40.618794691119582 ], [ 45.54117686320965, 40.618126167405286 ], [ 45.537870468972649, 40.617746699927316 ], [ 45.536732210190571, 40.617258854081555 ], [ 45.535756571607159, 40.616319315109074 ], [ 45.532739256461774, 40.616174732967401 ], [ 45.531686955998538, 40.615857360793356 ], [ 45.529053471680051, 40.614349835658466 ], [ 45.52630719443178, 40.613265730930927 ], [ 45.524428149116666, 40.613121163749277 ], [ 45.524392064269712, 40.610880754770584 ], [ 45.525295548677711, 40.606652898982475 ], [ 45.525331724695207, 40.604864186215842 ], [ 45.524076090570702, 40.601494523052587 ], [ 45.523043927814534, 40.600419903737595 ], [ 45.517156206595061, 40.5982331923217 ], [ 45.513976348118149, 40.595143554942346 ], [ 45.509721437027245, 40.592939226152232 ], [ 45.50841154726568, 40.59188224202753 ], [ 45.505873092746107, 40.58888295213599 ], [ 45.504770970749888, 40.588340903340509 ], [ 45.501527797856824, 40.588666081311459 ], [ 45.498668548937331, 40.589709459789439 ] ] ] ] } },
{ "type": "Feature", "id": 17, "properties": { "cadastre_code": null, "name_hy": "Սոֆուլու-Բարխուդարլու", "name_en": "Sofulu-Barkhudarly", "name_ru": "Софулу-Бархударли", "type": "enclave", "province_hy": "Տավուշ", "province_en": "Tavush", "province_ru": "Тавуш", "name_alt": null }, "geometry": { "type": "MultiPolygon", "coordinates": [ [ [ [ 45.184075662590935, 41.001427092307033 ], [ 45.183270591312194, 41.003302209869837 ], [ 45.183278098201853, 41.006016029438413 ], [ 45.184722392142461, 41.007017511711467 ], [ 45.192438117826583, 41.008843009381543 ], [ 45.200860262864019, 41.013205276580273 ], [ 45.204702182711706, 41.014232365982593 ], [ 45.208142575236877, 41.014308183665705 ], [ 45.210835546624757, 41.013254872908597 ], [ 45.212878089273616, 41.011764980407911 ], [ 45.21526258453256, 41.01053287395353 ], [ 45.220205234666153, 41.009069713290948 ], [ 45.227198244281986, 41.008603854527344 ], [ 45.229011064109763, 41.005238420618682 ], [ 45.228505189841279, 41.004226616594025 ], [ 45.228830438194095, 41.00299800989378 ], [ 45.230854074858982, 41.001010577756652 ], [ 45.231143185987321, 40.999854241812017 ], [ 45.230456634807325, 40.998806299771026 ], [ 45.229444853666074, 40.998191980831521 ], [ 45.227419090564631, 40.995889628798466 ], [ 45.227416256017932, 40.995063796800594 ], [ 45.22792911937541, 40.994063086876189 ], [ 45.229868406986476, 40.990842819271059 ], [ 45.231068640071712, 40.989579932650628 ], [ 45.231751057955911, 40.9878834222501 ], [ 45.231856807909082, 40.985318763008884 ], [ 45.230854617366504, 40.977540493738971 ], [ 45.229593631940666, 40.977760335130107 ], [ 45.228563694868733, 40.978457823380467 ], [ 45.224264753781156, 40.97920516508308 ], [ 45.22375106885157, 40.979945071319932 ], [ 45.222549118696293, 40.980686304183543 ], [ 45.221287319995881, 40.980688729977636 ], [ 45.217046715591678, 40.981805145109931 ], [ 45.214121691341688, 40.981843206691174 ], [ 45.212636965409992, 40.983877950950188 ], [ 45.211027601696962, 40.987713378383397 ], [ 45.209996487650223, 40.988149910735252 ], [ 45.209370459452842, 40.989715794809683 ], [ 45.207710356403524, 40.990805423412809 ], [ 45.206395737830746, 40.99232906244653 ], [ 45.204619849672831, 40.993114596943663 ], [ 45.201750789438186, 40.992858855789791 ], [ 45.200200093265394, 40.992253043076964 ], [ 45.198993870826563, 40.991733546511433 ], [ 45.196693242539844, 40.9896946255625 ], [ 45.195257774472338, 40.989218945177086 ], [ 45.193997464648049, 40.989786117375949 ], [ 45.193833442619585, 40.990783706384718 ], [ 45.191502657606279, 40.992608524141552 ], [ 45.189424365438661, 40.995357253286606 ], [ 45.187650285900773, 40.996881430579748 ], [ 45.184075662590935, 41.001427092307033 ] ] ] ] } },
{ "type": "Feature", "id": 18, "properties": { "cadastre_code": null, "name_hy": "Վերին Ոսկեպար", "name_en": "Verin Voskepar", "name_ru": "Верин-Воскепар", "type": "enclave", "province_hy": "Տավուշ", "province_en": "Tavush", "province_ru": "Тавуш", "name_alt": "Yukhari Askipara" }, "geometry": { "type": "MultiPolygon", "coordinates": [ [ [ [ 45.002233743084105, 41.093156495570192 ], [ 45.003173274510928, 41.09393184482358 ], [ 45.004241006380177, 41.095741006993556 ], [ 45.005436812614782, 41.096193258099383 ], [ 45.008468986766026, 41.096354617711498 ], [ 45.010518818527352, 41.095837541424721 ], [ 45.012269630344171, 41.095062003865429 ], [ 45.015429159263263, 41.092057077064545 ], [ 45.018332410690256, 41.08985977909461 ], [ 45.019143292336864, 41.088244295914947 ], [ 45.021277429186981, 41.085336289746209 ], [ 45.022408761845554, 41.084738396928095 ], [ 45.025653697605328, 41.084253121793296 ], [ 45.032014453679302, 41.081456981562155 ], [ 45.033764426035489, 41.080277276805973 ], [ 45.038511860912173, 41.075673239777075 ], [ 45.043449545866949, 41.069462066004178 ], [ 45.045134710827604, 41.067910677823178 ], [ 45.046479034814887, 41.067409385390462 ], [ 45.046904577468069, 41.065519243286367 ], [ 45.045964579496435, 41.064227331699186 ], [ 45.041945086354474, 41.060677004645541 ], [ 45.041258550872051, 41.058960553721768 ], [ 45.040580393855855, 41.054747167744395 ], [ 45.039397732299008, 41.051986354966246 ], [ 45.039506164954922, 41.05086615229812 ], [ 45.04136718079782, 41.049348481175628 ], [ 45.044330321966122, 41.048210248693586 ], [ 45.045085368305209, 41.047179943771503 ], [ 45.044678851462599, 41.045532428518257 ], [ 45.043184655981456, 41.044579928688641 ], [ 45.042287814264931, 41.043465656554893 ], [ 45.040046411108598, 41.041624934026125 ], [ 45.034519424527915, 41.039542885042451 ], [ 45.027350449443752, 41.038430188134214 ], [ 45.0245124076976, 41.036928527690435 ], [ 45.02242161830732, 41.036767411455443 ], [ 45.015252972168255, 41.034878584580547 ], [ 45.011411165798037, 41.034189191380513 ], [ 45.009712788057442, 41.034496321512691 ], [ 45.00651924627185, 41.037640803801523 ], [ 45.005537911191219, 41.038157770384906 ], [ 45.002359103162561, 41.038868633186524 ], [ 45.001676461430996, 41.042067070090646 ], [ 45.000695028550446, 41.043520907472946 ], [ 44.998212381750044, 41.046086667307527 ], [ 44.997823877002325, 41.048137358350559 ], [ 44.99842906971503, 41.051479910902046 ], [ 44.998085725777912, 41.05390099261129 ], [ 44.996180519560177, 41.058530451079747 ], [ 44.995284113834678, 41.059628861670689 ], [ 44.992159326126604, 41.061227409849948 ], [ 44.988365695054014, 41.062265893033441 ], [ 44.983413730378288, 41.06449447206753 ], [ 44.981535386485469, 41.06507571144332 ], [ 44.976501429639718, 41.065958730135698 ], [ 44.974750894909263, 41.066927571377398 ], [ 44.97372604511672, 41.067799633828166 ], [ 44.972871546868248, 41.06957632866331 ], [ 44.971899078644881, 41.073721932815701 ], [ 44.970660130475984, 41.075692356922033 ], [ 44.970360165192886, 41.078147621610846 ], [ 44.975337829529686, 41.078445806772983 ], [ 44.978055645154384, 41.079907073464398 ], [ 44.9798908177575, 41.082330446157741 ], [ 44.984299324368244, 41.083613319271173 ], [ 44.98574913561329, 41.085137464442553 ], [ 44.986684185795426, 41.087244980459772 ], [ 44.988418651152685, 41.088997580950526 ], [ 44.990445324087105, 41.090016329366463 ], [ 44.997217622302273, 41.090461190655596 ], [ 45.002233743084105, 41.093156495570192 ] ] ] ] } },
{ "type": "Feature", "id": 19, "properties": { "cadastre_code": "04", "name_hy": "Արմավիր", "name_en": "Armavir", "name_ru": "Армавир", "type": "province", "province_hy": "Արմավիր", "province_en": "Armavir", "province_ru": "Армавир", "name_alt": null }, "geometry": { "type": "MultiPolygon", "coordinates": [ [ [ [ 44.387465221535038, 40.13765377221776 ], [ 44.386568804371784, 40.133430969517264 ], [ 44.386620293744507, 40.131377009142192 ], [ 44.382446886757137, 40.129693995529799 ], [ 44.376244407126144, 40.129209750513105 ], [ 44.373679628547343, 40.130073972056429 ], [ 44.371444514833676, 40.131376931978487 ], [ 44.369070083163336, 40.131024731197947 ], [ 44.364171831025267, 40.131022324150031 ], [ 44.35672162920887, 40.132288627600595 ], [ 44.355238069368781, 40.131588404817506 ], [ 44.353208260418938, 40.132602515390744 ], [ 44.350042889513603, 40.13128567534288 ], [ 44.348103397165509, 40.129123221893323 ], [ 44.345411759107897, 40.128018735730002 ], [ 44.341506181084284, 40.12900988144267 ], [ 44.338673676681239, 40.12922467408162 ], [ 44.339396731942863, 40.122725567535049 ], [ 44.337081310333431, 40.123213373547685 ], [ 44.337307164696213, 40.117793137898616 ], [ 44.331397106307712, 40.117796335442875 ], [ 44.328851785210283, 40.11684637358303 ], [ 44.327877582114127, 40.118079432235966 ], [ 44.325088700150907, 40.125795685762427 ], [ 44.318557657273871, 40.125516159047642 ], [ 44.316387532041439, 40.124861981405864 ], [ 44.314955610689346, 40.12359677887715 ], [ 44.314485641525351, 40.122729459334188 ], [ 44.311898349010015, 40.120835840840293 ], [ 44.318768239000882, 40.114925757853136 ], [ 44.313987879175038, 40.111517478715712 ], [ 44.312330909479414, 40.105036550683863 ], [ 44.312224585659344, 40.103195512733741 ], [ 44.314327841277638, 40.101044930237165 ], [ 44.321937491538598, 40.098897718890903 ], [ 44.325527773369402, 40.099181618417411 ], [ 44.328532520151533, 40.096826441990203 ], [ 44.334349911922679, 40.091889453640604 ], [ 44.337472456491156, 40.077840199874537 ], [ 44.345497045390132, 40.077587717512664 ], [ 44.349452393006793, 40.072515216637839 ], [ 44.347682578394398, 40.071918282436314 ], [ 44.346125052510217, 40.069130715939714 ], [ 44.343547413267672, 40.069079281135281 ], [ 44.342803987315136, 40.068006567945361 ], [ 44.344542616523576, 40.066993497150577 ], [ 44.344291943216753, 40.065452933010278 ], [ 44.343174338278466, 40.063132225935441 ], [ 44.343987920974932, 40.057296446882773 ], [ 44.342879068303233, 40.055668567142149 ], [ 44.34230950078846, 40.052468624367243 ], [ 44.343585767518768, 40.052588842540494 ], [ 44.34926216665, 40.051755719236233 ], [ 44.34181820125076, 40.043678800984004 ], [ 44.340726559762359, 40.041996293585292 ], [ 44.340662680282193, 40.04068284455056 ], [ 44.342489309345261, 40.04000065803892 ], [ 44.344470749154929, 40.040186946761047 ], [ 44.344468468652927, 40.038965544710933 ], [ 44.345204206533857, 40.038767281445317 ], [ 44.345882768935702, 40.037858756112918 ], [ 44.345498192124715, 40.037322096057608 ], [ 44.345553200812269, 40.035870244752203 ], [ 44.342972403848094, 40.0350260704232 ], [ 44.342332143854655, 40.034415487341157 ], [ 44.342327422697899, 40.032039959176494 ], [ 44.340372963308205, 40.02822827744798 ], [ 44.339450210414498, 40.028591392232528 ], [ 44.338594462308521, 40.0293690042392 ], [ 44.337095162301765, 40.0320945337834 ], [ 44.336352231283101, 40.032894510210269 ], [ 44.335303151730507, 40.033064284141965 ], [ 44.3338051195391, 40.033001337455516 ], [ 44.330312881069126, 40.031568360164918 ], [ 44.328043165628799, 40.031235926943296 ], [ 44.324667623027047, 40.031911682052211 ], [ 44.319861207103706, 40.035312535891286 ], [ 44.318087143905302, 40.038035693901904 ], [ 44.315674511819367, 40.039361345049898 ], [ 44.312242790415375, 40.039447803719419 ], [ 44.304890902705118, 40.038053162421804 ], [ 44.300695334459512, 40.036493260852687 ], [ 44.297572025218649, 40.036858022392188 ], [ 44.295820711546703, 40.039557507401994 ], [ 44.295152872573482, 40.041248845944629 ], [ 44.294843436976841, 40.043833534548106 ], [ 44.294273373913171, 40.0442647801951 ], [ 44.285112993420178, 40.044012976687746 ], [ 44.283948778828204, 40.044462238295964 ], [ 44.283004861143425, 40.045477985048223 ], [ 44.28111261182336, 40.04759544862781 ], [ 44.278467494396693, 40.04932965904699 ], [ 44.274850894097888, 40.049812508461095 ], [ 44.271667399759508, 40.049718502963728 ], [ 44.266511417142965, 40.047527875029978 ], [ 44.261461097662142, 40.047126822208895 ], [ 44.258476377985012, 40.047608591923549 ], [ 44.253878457681232, 40.049184038038192 ], [ 44.24858348614584, 40.049736672680361 ], [ 44.246520881765868, 40.049549385362496 ], [ 44.242676233959273, 40.047338501685914 ], [ 44.237804826578561, 40.047449184076761 ], [ 44.233277482269337, 40.046226708398443 ], [ 44.231967585198632, 40.045522046757192 ], [ 44.229393173703329, 40.043182166269112 ], [ 44.227900067175476, 40.042672297975216 ], [ 44.226569770850084, 40.042772101371483 ], [ 44.225291597329239, 40.043263483237077 ], [ 44.223724209240231, 40.044318044525049 ], [ 44.222339294497537, 40.044243546461985 ], [ 44.221212106860079, 40.043888199304966 ], [ 44.220230533892284, 40.043164312470431 ], [ 44.21891375332936, 40.039848584128059 ], [ 44.218425995616876, 40.036623474524013 ], [ 44.21362278510415, 40.034268296126811 ], [ 44.211873543133798, 40.034472215821715 ], [ 44.210592492257646, 40.036268222468294 ], [ 44.208139693668706, 40.038077290595552 ], [ 44.206233856402697, 40.039042358025924 ], [ 44.200875407805242, 40.040222718125541 ], [ 44.195242185167373, 40.040705374533239 ], [ 44.191488792620198, 40.040048895929679 ], [ 44.189317725004834, 40.038711852591327 ], [ 44.188656362719477, 40.037250921467844 ], [ 44.18960596210205, 40.033475534085724 ], [ 44.18891611141337, 40.032036139804845 ], [ 44.186836275483039, 40.030978236706964 ], [ 44.176693629526163, 40.030297984970908 ], [ 44.172842391399428, 40.027907769747969 ], [ 44.171486145566426, 40.027832869404151 ], [ 44.170180649881637, 40.028236505332451 ], [ 44.165993712216967, 40.031631791913597 ], [ 44.162110336582735, 40.032564307310345 ], [ 44.155412876115541, 40.031820283101609 ], [ 44.147007397305536, 40.032981603130118 ], [ 44.140055685717947, 40.032159736400409 ], [ 44.135097623872959, 40.030054730088885 ], [ 44.132893771361616, 40.02992957434509 ], [ 44.129687971519104, 40.030774963684422 ], [ 44.123944931986287, 40.034780651742082 ], [ 44.120985646704781, 40.035220436075136 ], [ 44.117444795518516, 40.034757294684184 ], [ 44.114124942593484, 40.034312378999275 ], [ 44.112029787359731, 40.03234011723373 ], [ 44.108877083809503, 40.031250852903092 ], [ 44.104326749149436, 40.030909943103133 ], [ 44.098408112471844, 40.031603042074337 ], [ 44.094950987013661, 40.033234134678885 ], [ 44.08578892105006, 40.035280033634081 ], [ 44.083839264265727, 40.035456328158958 ], [ 44.080377131475323, 40.035325223521681 ], [ 44.076576104476914, 40.031860739359701 ], [ 44.074999601657822, 40.03134823878807 ], [ 44.069707807717727, 40.031658660172049 ], [ 44.066945246873402, 40.033114469304124 ], [ 44.0656985689591, 40.033300041755638 ], [ 44.064628354097231, 40.032987104400007 ], [ 44.061679693370785, 40.030601615195494 ], [ 44.056740392024608, 40.02790974052607 ], [ 44.054092558828785, 40.027192605504958 ], [ 44.050097619880461, 40.027815350287021 ], [ 44.045611259378603, 40.027442772889515 ], [ 44.04054992508199, 40.02803887398823 ], [ 44.038143709421377, 40.026834912182544 ], [ 44.03594182087776, 40.026891557510467 ], [ 44.034785489829595, 40.026638593006417 ], [ 44.032880981727551, 40.025397491636831 ], [ 44.0267735124743, 40.02512796178442 ], [ 44.020422376814864, 40.024689542840491 ], [ 44.018536762831118, 40.024086718113892 ], [ 44.015383369451897, 40.024444231031133 ], [ 44.012807606795647, 40.023385964435043 ], [ 44.011401264221234, 40.023738914901408 ], [ 44.008311045556283, 40.026062401001148 ], [ 44.003768754364245, 40.027414181621218 ], [ 44.000746891068559, 40.030282835562247 ], [ 43.999014769350275, 40.031037815765423 ], [ 43.996889272905875, 40.031118919421459 ], [ 43.99430455527451, 40.0318732053573 ], [ 43.991413706337141, 40.032198387693747 ], [ 43.988214820391029, 40.031851553633636 ], [ 43.984494562315241, 40.031036515378631 ], [ 43.983626540309821, 40.030463775790629 ], [ 43.983750594803276, 40.029725852569243 ], [ 43.984381903540502, 40.029101055906871 ], [ 43.984139401309967, 40.028294710686538 ], [ 43.983346552739562, 40.027654228591608 ], [ 43.978170151895938, 40.027094058385572 ], [ 43.977697680671561, 40.026546498587528 ], [ 43.97769891934901, 40.024108277563663 ], [ 43.977179675222949, 40.022908233061017 ], [ 43.975176050054905, 40.021248164366 ], [ 43.971404348687095, 40.018963875452926 ], [ 43.968186581316054, 40.018630960217024 ], [ 43.966299800936746, 40.01958672929635 ], [ 43.964980852021469, 40.019695118720193 ], [ 43.962423363347142, 40.018981984229988 ], [ 43.960313582226924, 40.019046150625528 ], [ 43.957744129097456, 40.020141896505478 ], [ 43.954412213832626, 40.020049397882119 ], [ 43.952757907752705, 40.02083593869073 ], [ 43.951213855425529, 40.021973958084018 ], [ 43.949243774452171, 40.022314742649343 ], [ 43.946759656960154, 40.02115106310854 ], [ 43.943298762180007, 40.020903800458107 ], [ 43.939311940340083, 40.02094669457454 ], [ 43.938161722402398, 40.022196822602631 ], [ 43.936068915711502, 40.022376142773446 ], [ 43.933985563603841, 40.021754439401313 ], [ 43.930221079391174, 40.022710375558617 ], [ 43.927345662024209, 40.021745317877262 ], [ 43.924021144177566, 40.023985681654153 ], [ 43.913462889835202, 40.023560356672206 ], [ 43.910063569817311, 40.022195309275389 ], [ 43.907269252511043, 40.022806558777845 ], [ 43.903951548945841, 40.023427282079531 ], [ 43.901542563979383, 40.025556283933071 ], [ 43.89731483405631, 40.026494216209869 ], [ 43.891499928665681, 40.026926540599341 ], [ 43.888492605780272, 40.028979063957692 ], [ 43.883704545274227, 40.029158200326407 ], [ 43.882498417049483, 40.030298552957454 ], [ 43.876568965172837, 40.032270522200271 ], [ 43.871801167001401, 40.03504979598388 ], [ 43.869503240935757, 40.035505571949571 ], [ 43.867076874556147, 40.035177568994641 ], [ 43.865266027217956, 40.03524678526383 ], [ 43.862973731186315, 40.036283030928359 ], [ 43.861313513181727, 40.038272697323002 ], [ 43.860318564954035, 40.040284308837663 ], [ 43.857249044520962, 40.043301828404097 ], [ 43.853185125934111, 40.043789184416269 ], [ 43.846120473318202, 40.042759889399704 ], [ 43.841618043025228, 40.044697012670859 ], [ 43.835000765468891, 40.047572023437688 ], [ 43.83247127108644, 40.047933346076611 ], [ 43.829501528212759, 40.047676524678224 ], [ 43.826481409187487, 40.047310269012769 ], [ 43.82513753448859, 40.048305101817007 ], [ 43.824316103188735, 40.049853979735026 ], [ 43.823690168863095, 40.055584944679403 ], [ 43.824934236560232, 40.057461342976559 ], [ 43.82463603048204, 40.058974392447936 ], [ 43.822230294670995, 40.0604551277805 ], [ 43.81769961346351, 40.060792615148131 ], [ 43.813981160938994, 40.061713096056849 ], [ 43.808856117038232, 40.061493276572484 ], [ 43.807201439041783, 40.062425795015287 ], [ 43.805585091450617, 40.063833157117919 ], [ 43.802247786903692, 40.06540710077104 ], [ 43.799093915329195, 40.068203492439757 ], [ 43.797362999519578, 40.068909977785701 ], [ 43.792468767125207, 40.069605147109165 ], [ 43.790038652526221, 40.069650284478932 ], [ 43.78796456533108, 40.068637816323658 ], [ 43.785636593467679, 40.068637389990094 ], [ 43.784933493360612, 40.0695651603274 ], [ 43.784870752675225, 40.071338879618942 ], [ 43.783949766333741, 40.071944814931975 ], [ 43.780484960717935, 40.072251900078733 ], [ 43.773767709703392, 40.076113367184213 ], [ 43.770279114398363, 40.080027384227584 ], [ 43.768562944733048, 40.081052435419856 ], [ 43.764583402279371, 40.08174108990066 ], [ 43.762560632052036, 40.082501957916101 ], [ 43.758682866674377, 40.082569130471242 ], [ 43.756657422316593, 40.081917081324086 ], [ 43.753686121215381, 40.078593366055436 ], [ 43.752403319257724, 40.078195857419196 ], [ 43.75018098412459, 40.078231963619658 ], [ 43.748480663796002, 40.079032083946238 ], [ 43.745967828419197, 40.080586137941687 ], [ 43.744218076972928, 40.082098018555719 ], [ 43.742232513686538, 40.083130622918112 ], [ 43.739511815043336, 40.083361860960906 ], [ 43.736702328374392, 40.083037820801849 ], [ 43.73485945063247, 40.081538168781684 ], [ 43.733351336746416, 40.079251064965199 ], [ 43.730052559198704, 40.078407508964474 ], [ 43.728315511346523, 40.078121737856776 ], [ 43.727062488713223, 40.077918241780864 ], [ 43.724528054417696, 40.081063681532463 ], [ 43.721632073483605, 40.081663945793565 ], [ 43.716616907586776, 40.081104935587447 ], [ 43.714401552398897, 40.081056384070109 ], [ 43.711917101038331, 40.082035847623416 ], [ 43.707735409313244, 40.085274229610889 ], [ 43.70397161051423, 40.086150718739397 ], [ 43.702013230737386, 40.087416194864183 ], [ 43.699065044662319, 40.091192567000569 ], [ 43.698609591342041, 40.092817576566915 ], [ 43.696998178330276, 40.094212231149228 ], [ 43.694940100088239, 40.094668349074198 ], [ 43.691094288417261, 40.096444282146734 ], [ 43.688255534057483, 40.096907185030986 ], [ 43.685186793819653, 40.096068184186315 ], [ 43.682488370449519, 40.097309008445208 ], [ 43.677966263875241, 40.096257655182605 ], [ 43.675329145335809, 40.097249059545696 ], [ 43.674582952311248, 40.099240138040052 ], [ 43.674782259496673, 40.100751122404994 ], [ 43.676834623833948, 40.102808691158167 ], [ 43.677210165421108, 40.103877995291448 ], [ 43.676925580423465, 40.105417925519255 ], [ 43.67575350109945, 40.107020432297567 ], [ 43.669733579650881, 40.109858587010855 ], [ 43.667511236462026, 40.110256049220531 ], [ 43.664765616824234, 40.110011342052637 ], [ 43.661354526019913, 40.110379574188848 ], [ 43.655740021378918, 40.113399690868761 ], [ 43.655288878144212, 40.114807554540555 ], [ 43.655543191001861, 40.121137784877263 ], [ 43.654204597898172, 40.124563404332996 ], [ 43.651860593816146, 40.12621456698853 ], [ 43.648904497077282, 40.130376189731884 ], [ 43.648900069710727, 40.131420139609034 ], [ 43.650239283804545, 40.133144200994884 ], [ 43.651054863655801, 40.135007545120367 ], [ 43.650902840989303, 40.136904331503246 ], [ 43.652638084678649, 40.138770006832054 ], [ 43.653552085475404, 40.140452729185576 ], [ 43.653567143042373, 40.142088641732016 ], [ 43.651817913511096, 40.145652798462898 ], [ 43.65616383036356, 40.148216351732664 ], [ 43.658765540352881, 40.150312251312478 ], [ 43.661674359913029, 40.154287206419632 ], [ 43.662802861358216, 40.154517596610283 ], [ 43.665076999016925, 40.153150710886415 ], [ 43.66746942366926, 40.153849649342362 ], [ 43.66845776178662, 40.156042980695602 ], [ 43.671301200659968, 40.157658174752051 ], [ 43.674592444218732, 40.157144425605821 ], [ 43.681606954309778, 40.159622291965938 ], [ 43.684774879496608, 40.15953180755519 ], [ 43.687696149209991, 40.160364658599001 ], [ 43.693336221982335, 40.160246719212495 ], [ 43.697715586768467, 40.161641015068469 ], [ 43.700358451619891, 40.162179616830265 ], [ 43.70378690661439, 40.161272970008717 ], [ 43.708687611459723, 40.162672689001873 ], [ 43.710912543467551, 40.162770189906787 ], [ 43.713953871772972, 40.162441348891463 ], [ 43.715732902945319, 40.162743654776605 ], [ 43.71428229381776, 40.164553273282436 ], [ 43.713894439204971, 40.17009133483765 ], [ 43.712596741340541, 40.17279375363519 ], [ 43.71184954328502, 40.173350543582316 ], [ 43.709196543676633, 40.174299049255069 ], [ 43.707777136316558, 40.175935050884476 ], [ 43.703829946690334, 40.176390810679514 ], [ 43.70256774785053, 40.177202587749619 ], [ 43.699355251618726, 40.18220898490123 ], [ 43.697014210623806, 40.184677718944876 ], [ 43.696497253777153, 40.18643683114658 ], [ 43.695315758187782, 40.188363528141146 ], [ 43.696146839226593, 40.1899535057929 ], [ 43.696869583641487, 40.191001985648143 ], [ 43.69596609462004, 40.192410723498959 ], [ 43.691738206661206, 40.194361991131622 ], [ 43.689208655223005, 40.197252805977918 ], [ 43.686787528268404, 40.199348638946894 ], [ 43.680499878127044, 40.202456217542803 ], [ 43.676550942888319, 40.20403079840105 ], [ 43.674329840041992, 40.204548739029676 ], [ 43.670508270984861, 40.208508798764228 ], [ 43.667202409110594, 40.212582796645847 ], [ 43.664953820987876, 40.21361100481203 ], [ 43.663109398154475, 40.213371613318444 ], [ 43.662388352044459, 40.213872170537876 ], [ 43.663873116996186, 40.215525044042728 ], [ 43.664177818376295, 40.216909835586662 ], [ 43.659821700023357, 40.219004070109349 ], [ 43.659066166911899, 40.221248970937395 ], [ 43.657034113150964, 40.223297309921449 ], [ 43.655231837191934, 40.223312725958863 ], [ 43.653550196574564, 40.224419994686293 ], [ 43.653713208203783, 40.22576681278224 ], [ 43.655593840439778, 40.226588363279234 ], [ 43.657378258492109, 40.227481465269705 ], [ 43.66031281274914, 40.227769926307815 ], [ 43.663298380090808, 40.227877156234968 ], [ 43.665478653869677, 40.22793867413958 ], [ 43.667949819726481, 40.227676357215906 ], [ 43.670245536262662, 40.226684986045164 ], [ 43.673302606158266, 40.225556904420905 ], [ 43.676828023470293, 40.224724892576951 ], [ 43.680654196291641, 40.225495571461273 ], [ 43.683588779895203, 40.225783442489529 ], [ 43.684456159047862, 40.227173023895148 ], [ 43.68355781320885, 40.227382458767259 ], [ 43.681366251766299, 40.22790274138913 ], [ 43.678979353786268, 40.22871154626705 ], [ 43.67816850143069, 40.230605822887988 ], [ 43.677915523403989, 40.231906701308141 ], [ 43.67871327972238, 40.232828128028814 ], [ 43.681611196570351, 40.234013115536776 ], [ 43.683174517296827, 40.235291520634817 ], [ 43.683243576317494, 40.236118217564012 ], [ 43.682088367547884, 40.237191788599532 ], [ 43.679994475634011, 40.238406782949518 ], [ 43.680087631507149, 40.239451100916824 ], [ 43.681672127014977, 40.239643043211046 ], [ 43.683849932518577, 40.2392356367369 ], [ 43.685211078951845, 40.239978097827802 ], [ 43.684477942111677, 40.241096589068952 ], [ 43.682572592331354, 40.24151109797495 ], [ 43.68016545736414, 40.243337470027569 ], [ 43.678252998872445, 40.246550711656219 ], [ 43.678214104761366, 40.248549470441795 ], [ 43.680197932432556, 40.249491123658501 ], [ 43.680818067627222, 40.249707487414689 ], [ 43.692834151135337, 40.250171973453192 ], [ 43.709493088894476, 40.253211587116702 ], [ 43.711575555350542, 40.254435753899465 ], [ 43.714912019387334, 40.25476733543239 ], [ 43.715206668240818, 40.256215973713672 ], [ 43.721409531130881, 40.259571654447875 ], [ 43.722439900846098, 40.264265037572308 ], [ 43.720985970796676, 40.270201432756011 ], [ 43.721165762639806, 40.272389924973815 ], [ 43.728786517099486, 40.275778884372706 ], [ 43.734167008148717, 40.280547613419365 ], [ 43.735974764245775, 40.281413552728054 ], [ 43.73878016284042, 40.278669833325814 ], [ 43.739204511419658, 40.277110992525103 ], [ 43.740473117080278, 40.276074025485549 ], [ 43.741932388181105, 40.276214078976217 ], [ 43.742680679471064, 40.275275569525519 ], [ 43.744004112001306, 40.274870070729612 ], [ 43.745109920799777, 40.273510303790253 ], [ 43.745228384566261, 40.272044059114066 ], [ 43.746389278064527, 40.271087557538344 ], [ 43.747766611430748, 40.270718579502763 ], [ 43.749139112366734, 40.269497490478422 ], [ 43.749637037905302, 40.268193584120702 ], [ 43.75201593614657, 40.264688313352899 ], [ 43.753666896044521, 40.26406278828906 ], [ 43.752901671541281, 40.262148287556748 ], [ 43.753607856066637, 40.261304781686626 ], [ 43.753860232836736, 40.259743129356664 ], [ 43.752959130298095, 40.259327114375154 ], [ 43.753642482983985, 40.258343789673148 ], [ 43.752068389131786, 40.257936751276702 ], [ 43.752627893058722, 40.256750247520557 ], [ 43.749932440267578, 40.256660156349234 ], [ 43.749465554540933, 40.255372754871246 ], [ 43.750788849839559, 40.254273401746737 ], [ 43.750592462501828, 40.253533352719053 ], [ 43.752182822156136, 40.25254071999975 ], [ 43.752098192402542, 40.251340137301952 ], [ 43.752837272822553, 40.25096768770743 ], [ 43.755771059201024, 40.25128597759975 ], [ 43.759070165305573, 40.249492592675473 ], [ 43.760979641802145, 40.25220934619783 ], [ 43.763340378986918, 40.253344960354575 ], [ 43.766256304997725, 40.256926567718004 ], [ 43.772109186681192, 40.25863975663102 ], [ 43.776840635704183, 40.259645787143242 ], [ 43.777854055056082, 40.260549007153109 ], [ 43.790196923105654, 40.258563412117923 ], [ 43.795658779896968, 40.269358546566558 ], [ 43.798157756834762, 40.270846085378949 ], [ 43.800579408625893, 40.277711667281373 ], [ 43.801535927428205, 40.278540611012254 ], [ 43.802908314023369, 40.281990181582145 ], [ 43.804523278910885, 40.281167858734896 ], [ 43.806674098529065, 40.281021900684259 ], [ 43.807238449077936, 40.280138122691504 ], [ 43.80803854159435, 40.280034709365999 ], [ 43.811699311812198, 40.277554433019546 ], [ 43.814196959520807, 40.277366793162201 ], [ 43.815365532402126, 40.276940219200632 ], [ 43.817102153623885, 40.2770486161034 ], [ 43.819185337646097, 40.27649384907685 ], [ 43.818795213647817, 40.275936741714133 ], [ 43.817280862184582, 40.275620458204017 ], [ 43.816610300060354, 40.274878662129133 ], [ 43.814626958841664, 40.274565653513172 ], [ 43.814628744740197, 40.272645541675651 ], [ 43.816587461037486, 40.269928068415126 ], [ 43.816474855740609, 40.26858395285155 ], [ 43.817673942840671, 40.268292373178909 ], [ 43.818208111788778, 40.26665363140998 ], [ 43.817531319002264, 40.266092998206346 ], [ 43.817005395067547, 40.26487102724014 ], [ 43.818151408175574, 40.26036647225505 ], [ 43.819089269169602, 40.25949860373774 ], [ 43.820658761103701, 40.25947439710783 ], [ 43.820906986249469, 40.260600591850533 ], [ 43.822378017383294, 40.25998505620943 ], [ 43.826621145629879, 40.260114298115731 ], [ 43.827422753503953, 40.260442644663321 ], [ 43.827342813091306, 40.262495756651276 ], [ 43.827720075168664, 40.263484703870361 ], [ 43.826980126490014, 40.264962228363387 ], [ 43.827667332146966, 40.268531839661115 ], [ 43.826549635231068, 40.269662647469382 ], [ 43.826872156459622, 40.270845726940237 ], [ 43.825161527638834, 40.271636449991419 ], [ 43.824171416410472, 40.272714846909537 ], [ 43.826966371735288, 40.274325204626784 ], [ 43.83181761447657, 40.27154122768475 ], [ 43.832492607707294, 40.272069789575561 ], [ 43.834035218370076, 40.272384753122026 ], [ 43.83603666880628, 40.272135307141482 ], [ 43.839138466993283, 40.271238136812535 ], [ 43.840067636709705, 40.271210200748349 ], [ 43.84075222313821, 40.27191330864671 ], [ 43.843945228212291, 40.271077564686451 ], [ 43.845562227994719, 40.271888225716836 ], [ 43.848288803795405, 40.271479842251686 ], [ 43.850134767661878, 40.270834555629911 ], [ 43.851156346689919, 40.270853214729875 ], [ 43.851991136627973, 40.269841348110909 ], [ 43.853562356191965, 40.270326363949195 ], [ 43.853732439356037, 40.270954780808189 ], [ 43.864863551632773, 40.27128080987648 ], [ 43.868431305310494, 40.270476009915264 ], [ 43.874279852956313, 40.272412480041446 ], [ 43.878403041050241, 40.262101527110445 ], [ 43.891055874396237, 40.253232831213658 ], [ 43.89534335146832, 40.251260821510762 ], [ 43.900429698650846, 40.247895093648545 ], [ 43.910343910743805, 40.238626639997563 ], [ 43.921615239063577, 40.22684951242843 ], [ 43.931092839824217, 40.216033502448951 ], [ 43.934083399959654, 40.213426952749387 ], [ 43.937957172506053, 40.211188655839429 ], [ 43.940343209961618, 40.208903294629778 ], [ 43.942778990519294, 40.208470787697493 ], [ 43.944406219188302, 40.207232061047726 ], [ 43.946784269501705, 40.206426111181244 ], [ 43.948752212048461, 40.204108845592344 ], [ 43.949943138537549, 40.201218056266441 ], [ 43.952218542439297, 40.192263144089686 ], [ 43.952872125387067, 40.192611012891106 ], [ 43.956002447792905, 40.192890969293174 ], [ 43.957633506787964, 40.193705072172733 ], [ 43.958999636083753, 40.193452051603998 ], [ 43.960814063749936, 40.192448293504832 ], [ 43.964087419793728, 40.192356998400108 ], [ 43.964992834710721, 40.192062765868371 ], [ 43.966676909008669, 40.192352049409749 ], [ 43.969812426744163, 40.192277913126368 ], [ 43.970142804036577, 40.19170436767137 ], [ 43.973905712796189, 40.190060549747699 ], [ 43.976951542221407, 40.191030079270433 ], [ 43.978908331448629, 40.190396870902191 ], [ 43.980627762569895, 40.190704720231231 ], [ 43.983430314608107, 40.190070225646551 ], [ 43.986180022124906, 40.192140815951156 ], [ 43.987807609545158, 40.192879552182163 ], [ 43.987951009833651, 40.194719850713959 ], [ 43.98854118464579, 40.19556610955955 ], [ 43.990221217803239, 40.196714611529941 ], [ 43.991349292653382, 40.196468909348319 ], [ 43.99239453615057, 40.196847180547152 ], [ 43.993011267466407, 40.195862360786272 ], [ 43.994001582905199, 40.196179822593798 ], [ 43.994291887408352, 40.196821415353945 ], [ 43.997494920087405, 40.196162276267458 ], [ 43.997375964749338, 40.194653118114353 ], [ 43.998426475479533, 40.194950455296386 ], [ 44.000441035354903, 40.194658968062924 ], [ 44.000625830017292, 40.193795540282537 ], [ 44.002480003431224, 40.194409849542119 ], [ 44.006688683747512, 40.194839346896657 ], [ 44.007863963682958, 40.195476353825249 ], [ 44.009508193206216, 40.195407874956288 ], [ 44.011471017262409, 40.196168074991988 ], [ 44.012670287133332, 40.196068055859193 ], [ 44.012820675168371, 40.194964292641338 ], [ 44.013983860441165, 40.194076861885371 ], [ 44.015723871227841, 40.193877504649393 ], [ 44.016320903973302, 40.195336426645135 ], [ 44.018070075806662, 40.196042829255632 ], [ 44.019816819361054, 40.195982186059254 ], [ 44.020566971586291, 40.196812265723082 ], [ 44.0215366319757, 40.196905911455211 ], [ 44.022686758770853, 40.197661701272494 ], [ 44.024297194186119, 40.197205321523512 ], [ 44.025927353931415, 40.197576402268787 ], [ 44.02653224264116, 40.198694024137417 ], [ 44.028453777878973, 40.199612372878427 ], [ 44.029423397255215, 40.199480725286328 ], [ 44.029757821655302, 40.198873388115558 ], [ 44.030524933259791, 40.199137903661963 ], [ 44.031573511789539, 40.197823361744469 ], [ 44.030953682055191, 40.196903905351697 ], [ 44.031311421855868, 40.196468676610728 ], [ 44.034748847100111, 40.195899927201452 ], [ 44.046934214598096, 40.196376182217158 ], [ 44.061987596174518, 40.195874141174428 ], [ 44.062503997267505, 40.194313455058712 ], [ 44.06496242560857, 40.191266173615233 ], [ 44.06481282160248, 40.189369370012543 ], [ 44.06162327925027, 40.18251884349079 ], [ 44.059950256818958, 40.177864159520887 ], [ 44.059583451603004, 40.174236402222135 ], [ 44.068525754524423, 40.172690371255719 ], [ 44.0744598850739, 40.172125851135029 ], [ 44.08010301038442, 40.172213398531561 ], [ 44.082690063697747, 40.172957761658701 ], [ 44.082472999166164, 40.17594161615483 ], [ 44.084351697927183, 40.178905744256262 ], [ 44.087464255002551, 40.178523353424843 ], [ 44.096814026625822, 40.174120141507856 ], [ 44.098562584228567, 40.171826010865104 ], [ 44.098325488803255, 40.170174636152723 ], [ 44.100727222822933, 40.170718165819281 ], [ 44.10241338372284, 40.170360732836841 ], [ 44.10329468617374, 40.169542522024074 ], [ 44.104126296462276, 40.170542768582969 ], [ 44.104892491142451, 40.170385388440117 ], [ 44.105984487129589, 40.171018095467559 ], [ 44.106748839597671, 40.172517477077712 ], [ 44.107460695385321, 40.17310894202577 ], [ 44.11101082097445, 40.174072584339442 ], [ 44.114031240486305, 40.172798597968594 ], [ 44.115225519769794, 40.177508320843486 ], [ 44.11643397816259, 40.17821197900718 ], [ 44.117816457676525, 40.181653149229291 ], [ 44.116348847704124, 40.183284809685773 ], [ 44.11755990985133, 40.185867542006164 ], [ 44.119889314370489, 40.184948114307311 ], [ 44.121672706649989, 40.184766398210002 ], [ 44.121588603014374, 40.187611463170938 ], [ 44.124961810235376, 40.189377660138504 ], [ 44.127785333977059, 40.189566739649713 ], [ 44.133686118569528, 40.191720659382526 ], [ 44.137191231589632, 40.191921549105096 ], [ 44.139709429817493, 40.192999362361633 ], [ 44.144928477836253, 40.19334782811417 ], [ 44.14568077096331, 40.194247611630622 ], [ 44.147344724722707, 40.194600175253854 ], [ 44.148435451703826, 40.193597292519279 ], [ 44.158208927032447, 40.193358712764521 ], [ 44.151283625436299, 40.196768134717104 ], [ 44.15175217861448, 40.197807224979229 ], [ 44.15418864712958, 40.1986543870715 ], [ 44.155136508618796, 40.198649970130731 ], [ 44.158583744132471, 40.200760198600257 ], [ 44.158982215060362, 40.201297374855386 ], [ 44.161298794707129, 40.202462166523155 ], [ 44.16189001968722, 40.203357846634425 ], [ 44.16352210596704, 40.203388704382476 ], [ 44.163933778946671, 40.204005758119777 ], [ 44.165975550748492, 40.205451409511547 ], [ 44.168085752741, 40.206409313390715 ], [ 44.173203635337828, 40.213060203153127 ], [ 44.170628643000583, 40.213893074102742 ], [ 44.170457494328915, 40.216368409890045 ], [ 44.169677666074989, 40.217218356926985 ], [ 44.169828035706459, 40.218469423283089 ], [ 44.173019323882116, 40.222224604418507 ], [ 44.173234918925914, 40.224198314408923 ], [ 44.172920475709937, 40.225618504829903 ], [ 44.180163905398921, 40.226247451052018 ], [ 44.216250608263074, 40.244235936278926 ], [ 44.217906805390072, 40.244059376573475 ], [ 44.222405459503264, 40.245361919699207 ], [ 44.228306196400652, 40.250165127755935 ], [ 44.234642027236134, 40.254321084641134 ], [ 44.240026612833958, 40.255425858954354 ], [ 44.244688665788608, 40.258017129721487 ], [ 44.244042348772723, 40.258608616644672 ], [ 44.242403124717434, 40.259242061373428 ], [ 44.241518174036074, 40.260375046722437 ], [ 44.241699199981745, 40.262374928466627 ], [ 44.24628606939212, 40.260290355205072 ], [ 44.252972304913236, 40.262063670596774 ], [ 44.257607334447947, 40.261589753479782 ], [ 44.259090553721308, 40.262831681775047 ], [ 44.259753370357515, 40.263839143722855 ], [ 44.263298441529471, 40.26485328951037 ], [ 44.264557414288667, 40.264562354734927 ], [ 44.266650039517579, 40.263218442449407 ], [ 44.267447203789288, 40.260893889833383 ], [ 44.266930240518114, 40.259718867879222 ], [ 44.266983063504384, 40.257038528032098 ], [ 44.266464141360792, 40.255648911827507 ], [ 44.267054344370635, 40.253506101071501 ], [ 44.266137020988964, 40.252571178249084 ], [ 44.267025549923844, 40.248793758256717 ], [ 44.27156673959086, 40.248546211459718 ], [ 44.274081048829721, 40.248844406949409 ], [ 44.275304186942364, 40.249256168451993 ], [ 44.276509618871749, 40.250326949323657 ], [ 44.278624677195147, 40.249406068267497 ], [ 44.279117561192223, 40.250128625193582 ], [ 44.281176098737298, 40.250944797716393 ], [ 44.282920785551639, 40.251045566338007 ], [ 44.284779926669863, 40.251555474747079 ], [ 44.286912249452847, 40.253093832647863 ], [ 44.29110555851021, 40.249776432682502 ], [ 44.301027235756521, 40.237253362989087 ], [ 44.316886899212882, 40.230552154364716 ], [ 44.316886551076841, 40.22998827975978 ], [ 44.318458221822979, 40.229260889940434 ], [ 44.319430660596275, 40.227764546939909 ], [ 44.324131796469779, 40.222959056245799 ], [ 44.326553747268647, 40.224399208018419 ], [ 44.326790884873176, 40.226317004711952 ], [ 44.330771644981681, 40.227853952085454 ], [ 44.334868833382714, 40.230839551163662 ], [ 44.339419772036742, 40.22991066850237 ], [ 44.35171133306747, 40.229981220881321 ], [ 44.355478356547231, 40.229686978581078 ], [ 44.358938010557509, 40.228825974486206 ], [ 44.35993971106101, 40.231415571920216 ], [ 44.361512389719145, 40.230566609334858 ], [ 44.361982048425396, 40.228343874097597 ], [ 44.363947528559791, 40.224222860576965 ], [ 44.366044922099263, 40.221606248603209 ], [ 44.367907283649878, 40.219954597755766 ], [ 44.369258921564665, 40.215550586086195 ], [ 44.371924240403601, 40.215861706314598 ], [ 44.375354103575134, 40.216830871625312 ], [ 44.380247250109988, 40.217283096996717 ], [ 44.385243575805895, 40.217207646251595 ], [ 44.388245626121076, 40.21675062427898 ], [ 44.393596652051201, 40.217763053893279 ], [ 44.394781768530486, 40.217281355547122 ], [ 44.401107654400114, 40.214528466372045 ], [ 44.402825500646372, 40.2129304089136 ], [ 44.402995163508066, 40.20793420195298 ], [ 44.405585266061443, 40.20078216832313 ], [ 44.408401790070229, 40.196951491655767 ], [ 44.409633494677998, 40.196230091086363 ], [ 44.41238506273816, 40.196200247716277 ], [ 44.409914496284074, 40.195508242462324 ], [ 44.407304664708072, 40.196080672879589 ], [ 44.404198964973546, 40.195506876652253 ], [ 44.403835278726213, 40.194149941805122 ], [ 44.402245720720295, 40.193237955843458 ], [ 44.402860027915622, 40.19183457427922 ], [ 44.403743919526683, 40.192770311146624 ], [ 44.405288270565286, 40.191294391183945 ], [ 44.406447919952342, 40.191237636289024 ], [ 44.404107275181083, 40.190065357887683 ], [ 44.406803704745883, 40.186401100685444 ], [ 44.407881121036716, 40.183706433253697 ], [ 44.406528025066571, 40.181747470169093 ], [ 44.405170019045492, 40.180826239697218 ], [ 44.405768300987098, 40.18004673370703 ], [ 44.405543888175409, 40.176927381602674 ], [ 44.406074480796704, 40.174916927325221 ], [ 44.408178295948531, 40.172546687524935 ], [ 44.410722627749394, 40.170625890293415 ], [ 44.41105846604286, 40.169993985207313 ], [ 44.413333184052966, 40.170401862826807 ], [ 44.414982165694902, 40.170009447601153 ], [ 44.416109779605968, 40.168814635711755 ], [ 44.418018990469157, 40.168408763843381 ], [ 44.418602287005221, 40.167479726486668 ], [ 44.420301677453352, 40.167184308543177 ], [ 44.42136818381158, 40.168127494831168 ], [ 44.423835432803912, 40.16843614513494 ], [ 44.425001168328571, 40.169199352474607 ], [ 44.427027941097656, 40.169394472856247 ], [ 44.430339403188945, 40.167430525919166 ], [ 44.430112109650068, 40.16417094872893 ], [ 44.429784741867742, 40.163645466538107 ], [ 44.430267750361104, 40.161877916877913 ], [ 44.429569369711544, 40.161685734738619 ], [ 44.429055530582694, 40.160014960491225 ], [ 44.429517715687211, 40.159649077591261 ], [ 44.431418430145747, 40.159490579069576 ], [ 44.431807120079256, 40.15915147738734 ], [ 44.434611794536487, 40.159006163659377 ], [ 44.435464474067537, 40.159486220683021 ], [ 44.437082240589355, 40.158891024234727 ], [ 44.434842404850386, 40.158169589191822 ], [ 44.432635575646032, 40.158251763059077 ], [ 44.430118438929419, 40.158899105939021 ], [ 44.416463965594559, 40.164713880401614 ], [ 44.413783807618159, 40.164611525137708 ], [ 44.403256034061087, 40.163748779473977 ], [ 44.403423275972017, 40.16111283915248 ], [ 44.401264597158317, 40.158772819678489 ], [ 44.40103701297943, 40.158077842444285 ], [ 44.401026827535055, 40.156645610859833 ], [ 44.398562594955749, 40.154323140868996 ], [ 44.396003206017447, 40.15415685200275 ], [ 44.394600735448989, 40.152850878767808 ], [ 44.394436064241141, 40.151528682040826 ], [ 44.392498726933553, 40.15020468914966 ], [ 44.383228705035961, 40.150251024377354 ], [ 44.380680554055878, 40.148575992239394 ], [ 44.367296234099058, 40.148485095879252 ], [ 44.365742371795555, 40.147519496025758 ], [ 44.362181508308886, 40.147483219551042 ], [ 44.362079596120275, 40.146746668408099 ], [ 44.366664006415157, 40.146785524777655 ], [ 44.367170304023226, 40.145481881266818 ], [ 44.39134247954339, 40.145598333293414 ], [ 44.387465221535038, 40.13765377221776 ] ] ], [ [ [ 44.437331113103035, 40.157732874020709 ], [ 44.435707393184401, 40.157839851074243 ], [ 44.432877121050353, 40.157395139883 ], [ 44.430448408203546, 40.157375702629707 ], [ 44.429460463826835, 40.154584435049209 ], [ 44.428649660397014, 40.154346100883131 ], [ 44.425878552292104, 40.151804378049597 ], [ 44.426501903276424, 40.151401497710438 ], [ 44.424812732517601, 40.149838223775681 ], [ 44.424100041610622, 40.150227361079942 ], [ 44.421911773112484, 40.148636900960206 ], [ 44.421837216354106, 40.150378669779585 ], [ 44.418991824620086, 40.150463220499134 ], [ 44.41889027829415, 40.154977201898681 ], [ 44.418086982029635, 40.153859870089434 ], [ 44.415043931492939, 40.153860387194158 ], [ 44.414903508656174, 40.154495752003704 ], [ 44.412096183044753, 40.154514043052671 ], [ 44.412467638971748, 40.155059784026903 ], [ 44.413951926294558, 40.155066405381213 ], [ 44.419491169909996, 40.156130597162921 ], [ 44.418629791383175, 40.157947952617086 ], [ 44.415389632951076, 40.1575486253113 ], [ 44.413638612380289, 40.156942872207289 ], [ 44.409753421384643, 40.156854727468257 ], [ 44.409610694659222, 40.155221224113411 ], [ 44.40754673123849, 40.154903406809133 ], [ 44.407219412885375, 40.155279251388798 ], [ 44.405121825423251, 40.155104242179739 ], [ 44.404471624844128, 40.154027045186901 ], [ 44.401373502732007, 40.153949740698046 ], [ 44.401289241558551, 40.158091754929977 ], [ 44.401531751448793, 40.158811574530638 ], [ 44.403642392032616, 40.160975293939053 ], [ 44.403502305720338, 40.163560715929101 ], [ 44.413639444467208, 40.164443391577713 ], [ 44.416404146935633, 40.164424831101755 ], [ 44.430431411807703, 40.158508363376072 ], [ 44.433836488238413, 40.157809635619572 ], [ 44.434915606824426, 40.157926421229185 ], [ 44.437205668922459, 40.15869127532779 ], [ 44.437331113103035, 40.157732874020709 ] ] ] ] } },
{ "type": "Feature", "id": 20, "properties": { "cadastre_code": null, "name_hy": "Յարադուլլու", "name_en": "Ярадуллу", "name_ru": "Yaradullu", "type": "enclave", "province_hy": "Տավուշ", "province_en": "Tavush", "province_ru": "Тавуш", "name_alt": null }, "geometry": { "type": "MultiPolygon", "coordinates": [ [ [ [ 45.436655167139911, 41.014876430485941 ], [ 45.438008113559249, 41.013648576406737 ], [ 45.43841132375622, 41.012400345131191 ], [ 45.435945652259697, 41.0119443225691 ], [ 45.435108300781394, 41.01267480706376 ], [ 45.433963009204525, 41.014622866268233 ], [ 45.434853518462539, 41.015266836820416 ], [ 45.436655167139911, 41.014876430485941 ] ] ], [ [ [ 45.431682562975666, 41.009548724929346 ], [ 45.431299331105862, 41.009022708427672 ], [ 45.42999734794769, 41.008356269248807 ], [ 45.427818370539669, 41.00910759707476 ], [ 45.427508039387185, 41.01028197224521 ], [ 45.42893324551374, 41.01020630682941 ], [ 45.430261293777477, 41.010009560479375 ], [ 45.431682562975666, 41.009548724929346 ] ] ] ] } }
]
}
