{
"type": "FeatureCollection",
"name": "artsakh_admin_1994_2020",
"crs": { "type": "name", "properties": { "name": "urn:ogc:def:crs:OGC:1.3:CRS84" } },
"features": [
{ "type": "Feature", "id": 1, "properties": { "name_en": "Shahumyan", "Name_hy": "Շահումյան", "Name_Alt": "Kelbajar", "Center": "Karvachar", "status": "controlled", "name_ru": "Шаумян" }, "geometry": { "type": "Polygon", "coordinates": [ [ [ 46.353488284602278, 40.283505541280512 ], [ 46.354749876376552, 40.282039036504145 ], [ 46.357668196752371, 40.279683222813659 ], [ 46.359879845953571, 40.278244097534873 ], [ 46.362163355629001, 40.2771069017546 ], [ 46.363589367437619, 40.27592930141364 ], [ 46.364355553074112, 40.27470899704803 ], [ 46.366627692952655, 40.273016681362833 ], [ 46.370016501686514, 40.271159694293203 ], [ 46.371917628585877, 40.270682939326939 ], [ 46.376348445151152, 40.2714882971202 ], [ 46.379392943946215, 40.272158612862768 ], [ 46.381982547336371, 40.27313710038441 ], [ 46.383654087176993, 40.274328391211725 ], [ 46.386608165622761, 40.273788327570436 ], [ 46.390704907600181, 40.271646978738517 ], [ 46.387792914910577, 40.270845656545021 ], [ 46.383429518725848, 40.268698108737489 ], [ 46.37952394742458, 40.265708645580844 ], [ 46.375990443361871, 40.263496373636983 ], [ 46.373776763885019, 40.261995538466714 ], [ 46.371546799126762, 40.260858458290187 ], [ 46.368072162927469, 40.258008932975365 ], [ 46.366670559926895, 40.256752877872053 ], [ 46.364054011063757, 40.255256610786667 ], [ 46.360883162468873, 40.254512196245479 ], [ 46.357232478444722, 40.25350061935729 ], [ 46.35242766683762, 40.251720668957077 ], [ 46.347578003396642, 40.250059211686519 ], [ 46.34104619420679, 40.24790800793847 ], [ 46.334312990460205, 40.245749664966603 ], [ 46.329936615576578, 40.24398201179082 ], [ 46.32734968745774, 40.24272090945216 ], [ 46.32606348464526, 40.241244865866328 ], [ 46.325803602432089, 40.2400842997952 ], [ 46.326577736403777, 40.238421013333472 ], [ 46.327894840893372, 40.236624229299224 ], [ 46.328999495084737, 40.234884411329986 ], [ 46.330564178394418, 40.232412078380143 ], [ 46.332147121851868, 40.229666807606542 ], [ 46.333577492398966, 40.227614128200287 ], [ 46.334959994663905, 40.225543802604868 ], [ 46.335236497694552, 40.223922556171246 ], [ 46.334505313727767, 40.221712979310801 ], [ 46.333380904292, 40.218798891292693 ], [ 46.331845697964717, 40.215489548973338 ], [ 46.330681206026227, 40.21293950101326 ], [ 46.32910879793593, 40.210139598622433 ], [ 46.327653282645116, 40.207247429776437 ], [ 46.326005767939861, 40.204230177142307 ], [ 46.325087948875684, 40.202149932730279 ], [ 46.323690090342438, 40.199766102536408 ], [ 46.320649461154701, 40.195801124669586 ], [ 46.317518605679602, 40.192055256069274 ], [ 46.315010275257492, 40.188611297469883 ], [ 46.312360356592208, 40.185187067278065 ], [ 46.310177407814841, 40.182611975497274 ], [ 46.307988341907937, 40.179709659407891 ], [ 46.306928912575998, 40.178848957610271 ], [ 46.305438437885165, 40.177756760052539 ], [ 46.302831846422997, 40.176549845601713 ], [ 46.302314760569502, 40.175537550689825 ], [ 46.302629819431736, 40.174661337098499 ], [ 46.303602775922329, 40.173486826146181 ], [ 46.306006799816799, 40.172787047033651 ], [ 46.308628565210377, 40.17232110467738 ], [ 46.312600887744495, 40.171839797307378 ], [ 46.314818358825384, 40.171305576099982 ], [ 46.320543327619973, 40.16954961615501 ], [ 46.326243594023957, 40.167757295649885 ], [ 46.328035410001029, 40.167282239345575 ], [ 46.330855927898867, 40.167304390275682 ], [ 46.333455739564855, 40.166947222635386 ], [ 46.336857658824407, 40.165199012397551 ], [ 46.339168166105758, 40.163390610454385 ], [ 46.342479410022825, 40.159461613264597 ], [ 46.343789244459238, 40.157392009442098 ], [ 46.345593590175596, 40.155171199123465 ], [ 46.347644758326297, 40.153456544608339 ], [ 46.348869285694619, 40.151878751988399 ], [ 46.349253263562147, 40.150928885943863 ], [ 46.349257109863437, 40.148728986654923 ], [ 46.348981358324899, 40.145568771389428 ], [ 46.347280235271477, 40.138607213133874 ], [ 46.346549654262709, 40.13279790050931 ], [ 46.34511739356924, 40.129832917240165 ], [ 46.338344441235016, 40.122639119917572 ], [ 46.334434076641756, 40.118866298029431 ], [ 46.328969397525881, 40.115511164339871 ], [ 46.323750450186679, 40.112589297758134 ], [ 46.317518739543914, 40.108696957146144 ], [ 46.312854938774713, 40.105041042382048 ], [ 46.311117090253958, 40.103315373694826 ], [ 46.310282985201518, 40.10179762624356 ], [ 46.310231068027974, 40.10032556801719 ], [ 46.311295101409016, 40.099022687460106 ], [ 46.313209777116583, 40.097637431402049 ], [ 46.314917658105486, 40.09658174652467 ], [ 46.315703830142319, 40.095609234506405 ], [ 46.315905145570348, 40.093770684282525 ], [ 46.318216308612335, 40.092089946574454 ], [ 46.318667542871857, 40.090939417619104 ], [ 46.314768623473675, 40.088838405283482 ], [ 46.310666021271366, 40.087212267045047 ], [ 46.307828636018471, 40.084899010601426 ], [ 46.306296769972356, 40.082770955666028 ], [ 46.305483278374403, 40.079834825927129 ], [ 46.306194674975941, 40.076190628725364 ], [ 46.307119611177171, 40.073816678575383 ], [ 46.308465144086426, 40.071165256465029 ], [ 46.309022879140343, 40.069395407148228 ], [ 46.308615457518329, 40.067890995278987 ], [ 46.308275551230864, 40.066204009835836 ], [ 46.308340273877306, 40.064639719808547 ], [ 46.311025338683756, 40.062754907542669 ], [ 46.31491951358435, 40.061001761796824 ], [ 46.318217894210534, 40.059037095935714 ], [ 46.320739689049269, 40.057299364253346 ], [ 46.321897840977783, 40.05601348899949 ], [ 46.322553243002638, 40.054424267152484 ], [ 46.322723249478187, 40.052204251822637 ], [ 46.323004024528757, 40.050819293984389 ], [ 46.324886794935516, 40.049088767802544 ], [ 46.329103184164978, 40.046931480246037 ], [ 46.333701962428158, 40.044987809449154 ], [ 46.335640469715557, 40.043710990901452 ], [ 46.336134152822112, 40.04234172686332 ], [ 46.334994614070283, 40.04091856838113 ], [ 46.332824497427296, 40.040016325995062 ], [ 46.332039790622439, 40.038589054683079 ], [ 46.330780394684965, 40.037076326271951 ], [ 46.328557162344453, 40.035865535924849 ], [ 46.328064466779637, 40.03485304975559 ], [ 46.328288961750268, 40.033014196419607 ], [ 46.329340340665063, 40.031129495573296 ], [ 46.329218584816914, 40.029730955787549 ], [ 46.325061393786754, 40.027560492527812 ], [ 46.321532182391472, 40.026055414690013 ], [ 46.320144708257146, 40.025234904995528 ], [ 46.319872185542152, 40.023365364057483 ], [ 46.320146426672515, 40.020416912257716 ], [ 46.320217519972132, 40.019197972558572 ], [ 46.318682250325253, 40.016833738495599 ], [ 46.316974391782281, 40.015325954165242 ], [ 46.315624348380737, 40.013977711318972 ], [ 46.315043907652537, 40.010838975508499 ], [ 46.316387959885397, 40.008187458112971 ], [ 46.318473955075589, 40.004782060307427 ], [ 46.32015233735239, 40.003544818355714 ], [ 46.32468005290886, 40.001729582049144 ], [ 46.32739467416598, 40.000298574156076 ], [ 46.328081889700933, 39.999163472574601 ], [ 46.325894640676005, 39.996079551661651 ], [ 46.323636342383239, 39.992978217359394 ], [ 46.323171664198021, 39.990947238656531 ], [ 46.323311253191569, 39.988382106069793 ], [ 46.325260072947721, 39.986487180044065 ], [ 46.327336490837112, 39.983863514354461 ], [ 46.328593852369458, 39.981667369904663 ], [ 46.329850798287396, 39.97823489803055 ], [ 46.330683055013012, 39.974843650389076 ], [ 46.331348807425819, 39.972617902779348 ], [ 46.331430939024386, 39.968326202664514 ], [ 46.331729220085613, 39.966650107144588 ], [ 46.334211284226512, 39.963058049332169 ], [ 46.337248060243759, 39.960059518542934 ], [ 46.339895764911347, 39.956594849795202 ], [ 46.339897426190319, 39.956592675792578 ], [ 46.337866830653553, 39.953016251615452 ], [ 46.337159484027453, 39.950660855048113 ], [ 46.33447117644883, 39.948473725388467 ], [ 46.330464040238461, 39.946483488736781 ], [ 46.324961848763436, 39.945346547703075 ], [ 46.320046179330227, 39.94522081744482 ], [ 46.316295305246953, 39.944245319445585 ], [ 46.313288415807676, 39.942643109526216 ], [ 46.30924815560612, 39.941343396785641 ], [ 46.306423555480158, 39.939375321662666 ], [ 46.305132752719182, 39.936080864167188 ], [ 46.303502541919705, 39.932317492375248 ], [ 46.300236967021398, 39.929481514358848 ], [ 46.296012266104363, 39.928365214245837 ], [ 46.289619501839908, 39.930000099410435 ], [ 46.283614402852308, 39.932175781668292 ], [ 46.279240154444807, 39.933169562828809 ], [ 46.274071282838449, 39.93368235734895 ], [ 46.27028841598279, 39.931849850698491 ], [ 46.263473848089795, 39.928578946512516 ], [ 46.2583106209538, 39.925180637150611 ], [ 46.254823746601872, 39.923036660855139 ], [ 46.251726079712093, 39.921506544746833 ], [ 46.247079919217029, 39.923120216425502 ], [ 46.242568622746276, 39.924368628627185 ], [ 46.236898348693202, 39.924211085138282 ], [ 46.232060447050905, 39.923062623805166 ], [ 46.228407702516947, 39.922155948687575 ], [ 46.22572404180525, 39.922620706810164 ], [ 46.220234959101205, 39.924678568528435 ], [ 46.216865799517365, 39.92511397202486 ], [ 46.213566890517619, 39.923512219217073 ], [ 46.210453445649641, 39.92103572464346 ], [ 46.20783088414823, 39.918263127886732 ], [ 46.206478848556834, 39.916568145202262 ], [ 46.204444870756646, 39.913680253190385 ], [ 46.203402750014426, 39.912145646307749 ], [ 46.2022033844462, 39.911067197759678 ], [ 46.200324900862448, 39.910304854646249 ], [ 46.197420045437049, 39.908898550120696 ], [ 46.195954858011774, 39.907459149950476 ], [ 46.194267511442106, 39.905458391417312 ], [ 46.192096230930446, 39.902771684725245 ], [ 46.190284497242942, 39.900390331673115 ], [ 46.187559034483932, 39.898400123205377 ], [ 46.18598473678027, 39.897452612411755 ], [ 46.183457551305253, 39.89736934299988 ], [ 46.178371873143163, 39.898130217506896 ], [ 46.176905792869377, 39.897981472593088 ], [ 46.175799628007844, 39.896792709862765 ], [ 46.175519512426561, 39.8942137641762 ], [ 46.17466930454502, 39.892804215380409 ], [ 46.170941992952983, 39.890151034990012 ], [ 46.167548112581756, 39.887658010364724 ], [ 46.165257482283756, 39.886190156748434 ], [ 46.162506987719169, 39.88543595170627 ], [ 46.158864463023484, 39.884963323217605 ], [ 46.15409695876204, 39.884956322379679 ], [ 46.147501611863916, 39.885730855937588 ], [ 46.143354219406717, 39.886117272200693 ], [ 46.136832722722218, 39.887090469743384 ], [ 46.133134440014956, 39.887526662303515 ], [ 46.129685840409707, 39.887360310042084 ], [ 46.122626463770189, 39.88721068437431 ], [ 46.116898918523752, 39.886229633412441 ], [ 46.111568467430558, 39.886444484724322 ], [ 46.105013510018047, 39.886834400766432 ], [ 46.101124484998344, 39.887162300158899 ], [ 46.099316136429302, 39.88772490767542 ], [ 46.096680226125564, 39.88967712525789 ], [ 46.0963389837191, 39.890480346477062 ], [ 46.097858807208631, 39.892538680508217 ], [ 46.100026405975115, 39.895245390798308 ], [ 46.1008346160136, 39.897074070003093 ], [ 46.101026269063389, 39.900199496666943 ], [ 46.100948990388801, 39.902745662203465 ], [ 46.097974460134189, 39.905701111736491 ], [ 46.094046306608696, 39.909574568272092 ], [ 46.090508656349357, 39.912789680175663 ], [ 46.086439517692689, 39.915264218341143 ], [ 46.083480386769821, 39.916273716174878 ], [ 46.081029123871602, 39.916551139386421 ], [ 46.078069433979088, 39.917487386450212 ], [ 46.075286984830825, 39.915766445150922 ], [ 46.072714052066509, 39.913832269235009 ], [ 46.068847522330231, 39.911623255978029 ], [ 46.066403876811123, 39.909806624633667 ], [ 46.064365204822245, 39.910795878269006 ], [ 46.061847673178903, 39.914418929981899 ], [ 46.060248448727705, 39.916360820232669 ], [ 46.058966221537531, 39.917427074100864 ], [ 46.056506425776703, 39.91715860751097 ], [ 46.055156537656671, 39.916898175024677 ], [ 46.052899007457412, 39.917500510519844 ], [ 46.04904045043854, 39.918408205346637 ], [ 46.046304536877287, 39.918614743414714 ], [ 46.043692598230969, 39.917656474458575 ], [ 46.041584700582781, 39.915675445611392 ], [ 46.040962010933477, 39.913535599527087 ], [ 46.040613015795834, 39.910756934030424 ], [ 46.039451038133045, 39.908858278428184 ], [ 46.037517550513705, 39.90745742215708 ], [ 46.035304335899582, 39.904768520895182 ], [ 46.033271442127614, 39.903023026841815 ], [ 46.030586740436945, 39.901883288133384 ], [ 46.027437390291226, 39.901238511419734 ], [ 46.023787827027576, 39.900288976673991 ], [ 46.020158999769514, 39.899139144850103 ], [ 46.018113006252115, 39.898066221357006 ], [ 46.016855535632594, 39.894440902897898 ], [ 46.016566878640091, 39.890879806551602 ], [ 46.015688295467321, 39.888923872662936 ], [ 46.013382861687788, 39.88623495495824 ], [ 46.010706721133431, 39.884003765968892 ], [ 46.006743485769896, 39.880892784989207 ], [ 46.004376903606179, 39.878822395125837 ], [ 46.002190758613395, 39.876168577902099 ], [ 46.000115625200827, 39.873022850547883 ], [ 45.996619753769124, 39.867889295668782 ], [ 45.993193346256419, 39.862627761007175 ], [ 45.990702071578468, 39.858376321654227 ], [ 45.986530198268476, 39.850411835901774 ], [ 45.983701036254324, 39.845563103112021 ], [ 45.981000801016101, 39.841458666167014 ], [ 45.978074097551513, 39.837992441163678 ], [ 45.975138764758867, 39.835562585050326 ], [ 45.972876978532618, 39.83405428804614 ], [ 45.968891874124481, 39.832414895881534 ], [ 45.965983331623825, 39.831857326943329 ], [ 45.96259333615928, 39.830594582189349 ], [ 45.959604819519001, 39.829364781481608 ], [ 45.956537098266537, 39.827517367242642 ], [ 45.953409819319411, 39.824761258190868 ], [ 45.950048773640681, 39.822134251516587 ], [ 45.947212899805379, 39.819957410443493 ], [ 45.946875838428838, 39.816014653158923 ], [ 45.945483577926147, 39.814207799551518 ], [ 45.942372232654158, 39.810814879854945 ], [ 45.938442620164842, 39.802701144810406 ], [ 45.936030846427549, 39.798684192713367 ], [ 45.93461141722922, 39.78854289204255 ], [ 45.922099787610698, 39.79404963560787 ], [ 45.910349270983588, 39.799682413880909 ], [ 45.905883936833121, 39.80343416374879 ], [ 45.902136109015274, 39.802719386380787 ], [ 45.899682690176704, 39.804127911881011 ], [ 45.891827115874804, 39.806646599155755 ], [ 45.89011065534239, 39.80765837450295 ], [ 45.888520655121276, 39.80932059272638 ], [ 45.887526918112691, 39.809754207400701 ], [ 45.878023001243669, 39.811959186454878 ], [ 45.873011820526379, 39.812462595457113 ], [ 45.870366166477254, 39.817182460432058 ], [ 45.863449004740467, 39.821046877205411 ], [ 45.856974060903937, 39.821299145120911 ], [ 45.853902458989367, 39.823073974703398 ], [ 45.848265350021109, 39.823309076791553 ], [ 45.846554010572, 39.823580198108999 ], [ 45.844384914869885, 39.824403837794705 ], [ 45.84070208650671, 39.824818336401101 ], [ 45.827576454508304, 39.824833213574209 ], [ 45.826035488221706, 39.827113880129801 ], [ 45.825474409422483, 39.828830099160882 ], [ 45.825645169555557, 39.835380148372202 ], [ 45.825305386314511, 39.83893743776536 ], [ 45.824535307893136, 39.841140227262009 ], [ 45.817048073041093, 39.854593090233905 ], [ 45.815730222926575, 39.856618009413481 ], [ 45.815111481907536, 39.85954785073163 ], [ 45.814510545981214, 39.863988266710422 ], [ 45.811734390083345, 39.869067713860716 ], [ 45.811628851606329, 39.871677752354543 ], [ 45.81251716739304, 39.873487446107589 ], [ 45.812345978247848, 39.876479336065088 ], [ 45.809285744668003, 39.882776714265759 ], [ 45.803007719842888, 39.886249385287712 ], [ 45.803261564008508, 39.891207333039937 ], [ 45.792533715217985, 39.89615325779868 ], [ 45.790821705456622, 39.900195908568961 ], [ 45.788301168398988, 39.90398108255394 ], [ 45.788445686943824, 39.905065153138551 ], [ 45.790089820889911, 39.906600938425221 ], [ 45.797083204147626, 39.90955017144713 ], [ 45.799666073480942, 39.911059155864386 ], [ 45.802213649274201, 39.913626613257129 ], [ 45.804428756997083, 39.916454823746555 ], [ 45.805417306941102, 39.918451373912873 ], [ 45.805605230580028, 39.919957769178872 ], [ 45.804051306734635, 39.924321125661706 ], [ 45.802612411992342, 39.929845914492368 ], [ 45.800225246300037, 39.933901533433492 ], [ 45.798594584571809, 39.935965759839647 ], [ 45.794055008361845, 39.938537821712082 ], [ 45.789697502938367, 39.941564967029372 ], [ 45.784691250025674, 39.944303875027202 ], [ 45.780232989204791, 39.94602025942195 ], [ 45.777911266290737, 39.946657119722644 ], [ 45.774225428300426, 39.947208140248847 ], [ 45.759373714583539, 39.947361524286912 ], [ 45.751804971236027, 39.94627988118134 ], [ 45.745074431715395, 39.94612851484186 ], [ 45.734299548385636, 39.946556923237196 ], [ 45.71913665888065, 39.952989126299279 ], [ 45.712117217064517, 39.958093192093031 ], [ 45.700629843891299, 39.968778078971248 ], [ 45.692753497600791, 39.969455080723236 ], [ 45.663867365839451, 39.970025462632918 ], [ 45.661265182984003, 39.971119424772517 ], [ 45.658232577994362, 39.973918224175875 ], [ 45.657568757999918, 39.976200007290508 ], [ 45.65068188404495, 39.975713028505723 ], [ 45.648495688617651, 39.975478118595667 ], [ 45.643056055607545, 39.974123270626869 ], [ 45.637944149406508, 39.973635064947715 ], [ 45.634378458819619, 39.972708336672852 ], [ 45.630601309151878, 39.972057520809471 ], [ 45.626889624173721, 39.971741936088392 ], [ 45.620758854301101, 39.973099448311849 ], [ 45.611443067679566, 39.974269708105602 ], [ 45.611368728010881, 39.978730796919599 ], [ 45.612289846027096, 39.987646173816806 ], [ 45.610042047053106, 39.987274355036739 ], [ 45.604004194415467, 39.988385022058395 ], [ 45.60148130597014, 39.993477490118899 ], [ 45.600888572578356, 39.999263739178524 ], [ 45.60017914326891, 40.000921135162002 ], [ 45.599395916591945, 40.002750842214724 ], [ 45.599305500752415, 40.00625599638456 ], [ 45.599739804080393, 40.007869391999236 ], [ 45.602299951992364, 40.010862276196157 ], [ 45.607249801484841, 40.011815668729902 ], [ 45.609423310441855, 40.012778607589766 ], [ 45.61517969769578, 40.017892437653771 ], [ 45.62041333306103, 40.020694068389112 ], [ 45.625376959330175, 40.021650110059518 ], [ 45.637056267246521, 40.022785895348804 ], [ 45.652909801325897, 40.022971495615174 ], [ 45.657076859539636, 40.022029945754468 ], [ 45.659624413235996, 40.022138385699819 ], [ 45.662669435517877, 40.023885499265937 ], [ 45.667019008162221, 40.028132523893177 ], [ 45.675288982496966, 40.030811138532478 ], [ 45.677348667022855, 40.032708285470605 ], [ 45.679914266684698, 40.033810455277589 ], [ 45.683686523123484, 40.033950630900215 ], [ 45.687785524642827, 40.033622231751892 ], [ 45.690131633290001, 40.031967671167763 ], [ 45.691730693198494, 40.029149113341347 ], [ 45.694892616333426, 40.026294440176088 ], [ 45.696991849651063, 40.025095211647631 ], [ 45.699699834142336, 40.02427110561424 ], [ 45.705107559110758, 40.025466196180204 ], [ 45.709884300323331, 40.025863729419299 ], [ 45.719290723542159, 40.024606801866113 ], [ 45.723376119611636, 40.024557401646526 ], [ 45.727262474761659, 40.025910947496577 ], [ 45.734226086866293, 40.029646529701807 ], [ 45.738230826205893, 40.031105892688558 ], [ 45.741997414012907, 40.029936599859226 ], [ 45.746894937135274, 40.027549482237148 ], [ 45.752522565652598, 40.027639185470527 ], [ 45.759339985913151, 40.02751658527702 ], [ 45.764649332871976, 40.025945151473401 ], [ 45.780976604798084, 40.022736198181263 ], [ 45.781437287260829, 40.024823036423641 ], [ 45.786559413141894, 40.02884319099104 ], [ 45.788404057071553, 40.029672472978227 ], [ 45.796334160507705, 40.025139416316961 ], [ 45.804284144267008, 40.017713648694027 ], [ 45.804850469659975, 40.011767172716432 ], [ 45.807622491312564, 40.011520948465375 ], [ 45.814311880480581, 40.012185028223378 ], [ 45.821333057808232, 40.00400509328486 ], [ 45.821776234196861, 40.002418636588828 ], [ 45.82171524826903, 40.00083575236512 ], [ 45.822352311293777, 39.99981771510582 ], [ 45.824637924188394, 39.99801999742423 ], [ 45.826471837367237, 39.996466189350159 ], [ 45.828608092429725, 39.995477015108442 ], [ 45.829444024117073, 39.994740751806901 ], [ 45.830600383667097, 39.993738003218581 ], [ 45.831467674446685, 39.992021572307799 ], [ 45.83244335565189, 39.991045923095392 ], [ 45.834728947763594, 39.990196765535629 ], [ 45.836065971410498, 39.989817358801361 ], [ 45.838161829735618, 39.989979996259137 ], [ 45.839697566075188, 39.991100220502787 ], [ 45.840727392058071, 39.992798608181182 ], [ 45.841323608057778, 39.993738142134404 ], [ 45.841468127309881, 39.994786077109168 ], [ 45.841992075769504, 39.995562999817508 ], [ 45.841832366149063, 39.998653436995085 ], [ 45.841778489120941, 40.001109582945283 ], [ 45.842470709554192, 40.002970808985829 ], [ 45.850050018457772, 40.008571928946317 ], [ 45.850754626450048, 40.010179973356898 ], [ 45.851965059680225, 40.015094433946125 ], [ 45.854818138257414, 40.016010372198068 ], [ 45.860921727507787, 40.016044496233846 ], [ 45.862769552975855, 40.016747778757534 ], [ 45.869031668324368, 40.021926388002221 ], [ 45.870890892396652, 40.022475380458573 ], [ 45.876438243871497, 40.020647708107312 ], [ 45.882898512542376, 40.020982341198497 ], [ 45.884133159474928, 40.026156923550644 ], [ 45.88823045300699, 40.03362452988344 ], [ 45.889466383425805, 40.03680601334586 ], [ 45.892079326568435, 40.041370950969764 ], [ 45.89425043047509, 40.04522731252748 ], [ 45.895471527639977, 40.048610789461023 ], [ 45.899737065155747, 40.054841346852847 ], [ 45.898901245826913, 40.058434483400667 ], [ 45.89964492007924, 40.060625938760509 ], [ 45.900543018079482, 40.061766044116339 ], [ 45.903558961245494, 40.06405288492553 ], [ 45.904462585976738, 40.066831018086333 ], [ 45.908388802265307, 40.071068479002463 ], [ 45.911388687016363, 40.073707187157602 ], [ 45.911857944996363, 40.07647425150644 ], [ 45.911216016605536, 40.079462722623902 ], [ 45.911741061072938, 40.081903591245542 ], [ 45.910428679093002, 40.084434246761958 ], [ 45.906952321087559, 40.087960119544277 ], [ 45.904667087677907, 40.091305149253202 ], [ 45.905044689507818, 40.095823428074262 ], [ 45.905464412084022, 40.098922094367325 ], [ 45.903451085379601, 40.100989618566821 ], [ 45.903329824314113, 40.102579446816215 ], [ 45.904353701131498, 40.103637752032185 ], [ 45.906203329791843, 40.103983984042195 ], [ 45.9129977478878, 40.103019462719502 ], [ 45.916638424823773, 40.106610836004677 ], [ 45.921830976406184, 40.113962408627771 ], [ 45.926813357773938, 40.115546334284339 ], [ 45.936256463674553, 40.11562088801012 ], [ 45.939452484566495, 40.117058056833521 ], [ 45.943270049802933, 40.11768942625276 ], [ 45.948959975186447, 40.119791687121662 ], [ 45.951258129393182, 40.119352554622012 ], [ 45.953819094396572, 40.118136193085085 ], [ 45.961761531008563, 40.120267722368155 ], [ 45.962130932907471, 40.123882160443117 ], [ 45.959872427457526, 40.125399827407286 ], [ 45.955870300245145, 40.13061233942215 ], [ 45.955617286927271, 40.133539321775686 ], [ 45.954822262194128, 40.135472567405799 ], [ 45.957499572719499, 40.145701108867648 ], [ 45.962862551589097, 40.153761248613193 ], [ 45.967734256654424, 40.160146767156192 ], [ 45.972970675172753, 40.165808660252388 ], [ 45.973139316907087, 40.170987500708819 ], [ 45.972256853149254, 40.172376300877097 ], [ 45.967980143450141, 40.175239376669957 ], [ 45.967876425705882, 40.176762347914689 ], [ 45.973703612849455, 40.179854612363492 ], [ 45.974720874296743, 40.184290774798967 ], [ 45.973051382545442, 40.186717790000102 ], [ 45.975442033685923, 40.187580459004444 ], [ 45.97708583819341, 40.18763122277695 ], [ 45.978008742799041, 40.188334035669385 ], [ 45.978363382514175, 40.189558869968344 ], [ 45.978308118476662, 40.193985569150357 ], [ 45.979480996175489, 40.199084070539193 ], [ 45.979442960707061, 40.200714956596705 ], [ 45.977903652879903, 40.202234454937454 ], [ 45.975455700558932, 40.204904626239227 ], [ 45.975156695316052, 40.206805042359953 ], [ 45.976230972054104, 40.20824999444973 ], [ 45.980339412611485, 40.210850002932986 ], [ 45.978931628059662, 40.212995941660196 ], [ 45.977766532636018, 40.217320056336682 ], [ 45.977651410501025, 40.219672592125121 ], [ 45.978385326095349, 40.222855439039563 ], [ 45.97582821427963, 40.225586510930299 ], [ 45.974530317200269, 40.228882399047983 ], [ 45.9685618412948, 40.231546064889898 ], [ 45.96577379841375, 40.233487578848852 ], [ 45.960818555976815, 40.235496055586552 ], [ 45.95971632882754, 40.239687773771678 ], [ 45.958419667932155, 40.240859200250114 ], [ 45.954472019681418, 40.24185363903068 ], [ 45.95165589167248, 40.244082776566238 ], [ 45.947565493315452, 40.245601351288464 ], [ 45.944013916529258, 40.245823791062108 ], [ 45.941164993710672, 40.247981007667164 ], [ 45.937192104089938, 40.24928381634534 ], [ 45.934917840582145, 40.251076803853906 ], [ 45.933366165789458, 40.254302340530103 ], [ 45.933635276242676, 40.255666899831397 ], [ 45.934746069341585, 40.256928999671374 ], [ 45.936534961136317, 40.258206980174343 ], [ 45.938309652362925, 40.258795362365142 ], [ 45.93982329089345, 40.258459972314775 ], [ 45.942463684669093, 40.255029912526503 ], [ 45.943776952617426, 40.253546549627622 ], [ 45.949080051208895, 40.252328282436245 ], [ 45.955435692764638, 40.250309825353284 ], [ 45.956439142986675, 40.254705257276754 ], [ 45.957562117220341, 40.256586165762329 ], [ 45.957814595213151, 40.25923384183249 ], [ 45.959968768763737, 40.262670034607908 ], [ 45.959679604259819, 40.266283593355148 ], [ 45.960203446850983, 40.271830418616588 ], [ 45.960072610469574, 40.275256458241927 ], [ 45.959597817974704, 40.27598739056701 ], [ 45.955320853578513, 40.276329726053042 ], [ 45.951166946028266, 40.277931016688498 ], [ 45.946480379938166, 40.27916494055205 ], [ 45.944931778336766, 40.280049988331953 ], [ 45.939208402028555, 40.284820902676124 ], [ 45.936389812811015, 40.285543578498185 ], [ 45.934324899178158, 40.286847960070183 ], [ 45.933220488248082, 40.287842352052778 ], [ 45.931513413442204, 40.292633532949488 ], [ 45.930945445672023, 40.29688213026602 ], [ 45.934764100747181, 40.297615552042771 ], [ 45.937830169251761, 40.299554242842916 ], [ 45.940231611177424, 40.30149825478307 ], [ 45.942293035223877, 40.304026764535287 ], [ 45.943855118858785, 40.305929051227785 ], [ 45.947535638823133, 40.307607937063381 ], [ 45.951231847105227, 40.308135140169007 ], [ 45.95777429419725, 40.308408407652244 ], [ 45.959619558591257, 40.307908300399241 ], [ 45.961786220658567, 40.306629788310453 ], [ 45.963861614244358, 40.305618644313533 ], [ 45.965218979570942, 40.305328558320596 ], [ 45.967402223454457, 40.30522547890719 ], [ 45.972947180211648, 40.306609179533268 ], [ 45.976526772499483, 40.306724462265841 ], [ 45.983301529616398, 40.304461169099589 ], [ 45.986863029479458, 40.303340009065657 ], [ 45.989296069521316, 40.303004098552215 ], [ 45.990988259672285, 40.3039713643265 ], [ 45.992777994551858, 40.304028741087784 ], [ 45.995335167909822, 40.303521953208907 ], [ 45.999824830847942, 40.303095385883552 ], [ 46.003354318918788, 40.301973995589357 ], [ 46.006772175830783, 40.301871579213064 ], [ 46.010053036429412, 40.303200459561651 ], [ 46.010672949619931, 40.304431320875544 ], [ 46.011259058325983, 40.305517029914704 ], [ 46.012355709549688, 40.306864916473891 ], [ 46.015414939561381, 40.30817134106448 ], [ 46.019326924989883, 40.309324728997694 ], [ 46.024293079950617, 40.310032322636999 ], [ 46.02672427593609, 40.310616785986461 ], [ 46.02890038637873, 40.31108226394818 ], [ 46.031195612028796, 40.311049705902384 ], [ 46.033818282727232, 40.310686927749416 ], [ 46.039608450021476, 40.310392629569563 ], [ 46.042656396848891, 40.308862277994244 ], [ 46.044389090573851, 40.308289113012378 ], [ 46.049379115990597, 40.30950446650882 ], [ 46.051950900062039, 40.309953800035785 ], [ 46.055043956278006, 40.308289389285413 ], [ 46.056842489319543, 40.307885121948672 ], [ 46.059797767838248, 40.308561062753789 ], [ 46.062940401595725, 40.309065522072729 ], [ 46.065448216341629, 40.307454691258499 ], [ 46.066662693965483, 40.307164732073936 ], [ 46.070776454383399, 40.308011508672976 ], [ 46.072918421012673, 40.308306789619181 ], [ 46.077040303940066, 40.307662470843475 ], [ 46.078857981981947, 40.307475848722852 ], [ 46.082164986188339, 40.308353981397943 ], [ 46.084757410748651, 40.309093278690767 ], [ 46.089039399243809, 40.309549977263515 ], [ 46.090594926316278, 40.311765454509285 ], [ 46.091647218267497, 40.315170416732911 ], [ 46.094804409496703, 40.318013081924974 ], [ 46.099572199691323, 40.319095041996093 ], [ 46.107509328363342, 40.319346565836739 ], [ 46.115405403433741, 40.318543478806014 ], [ 46.11962043139804, 40.319211791249792 ], [ 46.129755524217408, 40.323076562497199 ], [ 46.133681107658447, 40.323456301532154 ], [ 46.139300695137464, 40.321455789727501 ], [ 46.142762747343973, 40.321112571875098 ], [ 46.145935401816651, 40.321917479102289 ], [ 46.151276029118129, 40.321700822562136 ], [ 46.159752423743335, 40.320125357353575 ], [ 46.165512018116736, 40.318731211675484 ], [ 46.169408866519667, 40.318137380680213 ], [ 46.17106016172648, 40.317484363245363 ], [ 46.174861441917074, 40.314809669468922 ], [ 46.178076225182451, 40.312568063148731 ], [ 46.182101251956766, 40.309818131133525 ], [ 46.186302226513142, 40.308320697874649 ], [ 46.191996988214242, 40.305353302522974 ], [ 46.196846829853804, 40.302976142951735 ], [ 46.199742128999844, 40.30220984751594 ], [ 46.204547121947549, 40.302014471089784 ], [ 46.209390487121354, 40.301309444775789 ], [ 46.213410148523181, 40.301021916331251 ], [ 46.215943547717096, 40.300613527956699 ], [ 46.219859608073136, 40.299190594421091 ], [ 46.223036164412804, 40.298902529319491 ], [ 46.226550236810311, 40.300210666616628 ], [ 46.229007336021716, 40.300839079053382 ], [ 46.231074730297316, 40.300926177857811 ], [ 46.232887977796665, 40.302706716547434 ], [ 46.23386169042108, 40.302714514977211 ], [ 46.235889834288244, 40.301947472164855 ], [ 46.23959135904213, 40.299199002181119 ], [ 46.242377661810472, 40.298350998003855 ], [ 46.24677948785785, 40.29755824764316 ], [ 46.249549927839197, 40.297146569158564 ], [ 46.252765898429999, 40.295148314700967 ], [ 46.255060289108982, 40.293396316837971 ], [ 46.258161142176725, 40.292889946065088 ], [ 46.264021863577504, 40.293971415345545 ], [ 46.270173156613168, 40.296612900224794 ], [ 46.275434941277453, 40.298645736623293 ], [ 46.277614273962641, 40.300894219531003 ], [ 46.278060333677161, 40.303143642874929 ], [ 46.278798609614192, 40.304517181978596 ], [ 46.280824168057762, 40.304894736769846 ], [ 46.28394390476705, 40.302860325164872 ], [ 46.28628520927829, 40.301107191602782 ], [ 46.288384598022034, 40.300374798851337 ], [ 46.291221041721577, 40.300943120415553 ], [ 46.293589665076546, 40.301880209230923 ], [ 46.297704103270625, 40.300979654415428 ], [ 46.305214121558336, 40.297622720350084 ], [ 46.308636922960616, 40.296584137560174 ], [ 46.31379720055758, 40.294544001786882 ], [ 46.315573745596218, 40.293105753984364 ], [ 46.316447527078317, 40.291641395230315 ], [ 46.319962316295324, 40.290474169839904 ], [ 46.324671564977578, 40.289693131665352 ], [ 46.328000849780921, 40.288764129637698 ], [ 46.330303737211331, 40.287555955872584 ], [ 46.332799442122216, 40.285291061721381 ], [ 46.334387117413584, 40.285145497910648 ], [ 46.336849617922375, 40.286026079255564 ], [ 46.340118196188598, 40.283243047731759 ], [ 46.341750396182576, 40.282951425458748 ], [ 46.345013043156591, 40.284677020614161 ], [ 46.346750290369613, 40.284893152491378 ], [ 46.350456223070189, 40.28383185885582 ], [ 46.353488284602278, 40.283505541280512 ] ] ] } },
{ "type": "Feature", "id": 2, "properties": { "name_en": "Martakert", "Name_hy": "Մարտակերտ", "Name_Alt": null, "Center": "Martakert", "status": "controlled", "name_ru": "Мардакерт" }, "geometry": { "type": "Polygon", "coordinates": [ [ [ 46.854715893272228, 40.375028153390211 ], [ 46.839603858691561, 40.370005754259729 ], [ 46.811777506619912, 40.355910516346327 ], [ 46.785598119158095, 40.343801767048369 ], [ 46.784054089096067, 40.325253409710946 ], [ 46.81443180398955, 40.317109657835566 ], [ 46.852380654296219, 40.316104294538441 ], [ 46.882061403831706, 40.30230160827454 ], [ 46.932186649763153, 40.247777432586695 ], [ 46.942627370557709, 40.244372640868377 ], [ 46.974282035588004, 40.227687085700055 ], [ 46.981102808891912, 40.226763010690426 ], [ 46.991042173953446, 40.229335952809784 ], [ 46.995322855267474, 40.227298834251627 ], [ 46.999614500143288, 40.225643135764059 ], [ 47.003065030543688, 40.223620076915481 ], [ 47.004523580856251, 40.222413157153483 ], [ 47.004581965494964, 40.221175947833082 ], [ 47.003361453309708, 40.219997247794176 ], [ 46.999980827993141, 40.218746816414601 ], [ 46.998134567303929, 40.217251645119994 ], [ 46.997725651942091, 40.21544076532205 ], [ 46.998662682353029, 40.212225006669435 ], [ 46.999782160460427, 40.210378632773498 ], [ 47.001480424014616, 40.208058662711913 ], [ 47.002123922360376, 40.206156870038953 ], [ 47.002579491827433, 40.203912916790109 ], [ 47.002866643609124, 40.200781083849996 ], [ 47.003436892936271, 40.198407884722776 ], [ 47.00552905639676, 40.195390214594148 ], [ 47.008948941996593, 40.192385823474226 ], [ 47.013735154325367, 40.189103051774048 ], [ 47.020703087087128, 40.184273114191733 ], [ 47.025715859518904, 40.180676843641031 ], [ 47.030855596259123, 40.176587284361347 ], [ 47.033617441058119, 40.174629943800888 ], [ 47.035381049612987, 40.172581021194269 ], [ 47.036005267990951, 40.169679507377204 ], [ 47.035573220223327, 40.166323905306164 ], [ 47.029096552393952, 40.162092736001263 ], [ 47.022264342835904, 40.157031149862426 ], [ 47.016260818935969, 40.152718257726676 ], [ 47.009824882746642, 40.148176220139582 ], [ 47.005002685826753, 40.145314756165064 ], [ 47.001441183674082, 40.144231076710774 ], [ 46.998794412147817, 40.14364052412391 ], [ 46.990338982848627, 40.142877238178137 ], [ 46.985618888072381, 40.142667426611396 ], [ 46.979936911933031, 40.141146764307024 ], [ 46.976251825567083, 40.139864441505551 ], [ 46.970995944203715, 40.137499796005855 ], [ 46.967399097431006, 40.135979349475591 ], [ 46.963990626827155, 40.135237320750136 ], [ 46.959547358066779, 40.134749048076138 ], [ 46.952888675753741, 40.134643413407872 ], [ 46.948572185162625, 40.134443455037868 ], [ 46.944844975672247, 40.134142538203051 ], [ 46.943104340849167, 40.133735454333632 ], [ 46.939738299947862, 40.131973929929707 ], [ 46.937784614695659, 40.130734066179514 ], [ 46.93475277648006, 40.127385159472531 ], [ 46.932746812686069, 40.125128014258202 ], [ 46.930539261518909, 40.123274149666436 ], [ 46.926452671761368, 40.12112428741095 ], [ 46.921893850724729, 40.119854749603292 ], [ 46.918015977923567, 40.118373773560357 ], [ 46.912155697614871, 40.115434677055511 ], [ 46.906862403144409, 40.112431402590374 ], [ 46.902695046713269, 40.109882060701167 ], [ 46.898785286656789, 40.107219262071816 ], [ 46.893886456939995, 40.104736129524369 ], [ 46.886216941521248, 40.100498141310027 ], [ 46.882720133336719, 40.098173479209379 ], [ 46.880718753510948, 40.095988049311146 ], [ 46.875906533969953, 40.093157314954802 ], [ 46.874671122369215, 40.091268424685133 ], [ 46.873737871901653, 40.089174651416705 ], [ 46.873559741821609, 40.085268834911446 ], [ 46.873005132876877, 40.083168926332142 ], [ 46.871846437897673, 40.081478740530301 ], [ 46.868421876327545, 40.078279820464488 ], [ 46.863706042018485, 40.075447003964833 ], [ 46.860825306326461, 40.073075381152151 ], [ 46.855863278526108, 40.070737055680311 ], [ 46.851252898072538, 40.069138277313129 ], [ 46.84642494838706, 40.067360981359322 ], [ 46.843341592814355, 40.065337566256581 ], [ 46.840935001095097, 40.062957889522345 ], [ 46.839345389047658, 40.061037872338872 ], [ 46.837869719846488, 40.058952402891265 ], [ 46.83630637825992, 40.057122825435414 ], [ 46.834673151493014, 40.055330693118648 ], [ 46.831349345945817, 40.053128955656788 ], [ 46.828015555293931, 40.050545494414088 ], [ 46.826384033946923, 40.047916925261902 ], [ 46.824560573572334, 40.045182273602364 ], [ 46.817962129771104, 40.042558992386716 ], [ 46.810363299281001, 40.041441749277396 ], [ 46.80495428201818, 40.040835311405367 ], [ 46.800398431084702, 40.040288083584159 ], [ 46.796551948948846, 40.039729676068738 ], [ 46.790354252329969, 40.037898524466655 ], [ 46.78288013794679, 40.034268660820558 ], [ 46.779165079268793, 40.034198517401386 ], [ 46.775703482600015, 40.033869845232893 ], [ 46.768168555465209, 40.030585380046496 ], [ 46.761404777016438, 40.029670322076122 ], [ 46.755537415243666, 40.03050478171518 ], [ 46.751069771052919, 40.0305905805183 ], [ 46.74545620649311, 40.032111547882401 ], [ 46.742414273454081, 40.033393607835002 ], [ 46.737151341016094, 40.033836257442793 ], [ 46.732077930650831, 40.034294014941466 ], [ 46.728075242350229, 40.03500828872194 ], [ 46.723154200126608, 40.036826912764866 ], [ 46.719279065911095, 40.037920774533838 ], [ 46.714746741005499, 40.038278840694559 ], [ 46.708151425301686, 40.038430823192151 ], [ 46.704005560398912, 40.038164635577374 ], [ 46.699126038322717, 40.036927319266567 ], [ 46.693926670025775, 40.037094367760339 ], [ 46.690895618857631, 40.035993282297866 ], [ 46.688263343537358, 40.033795478024622 ], [ 46.68622863959542, 40.032807007008977 ], [ 46.681123643015802, 40.031990359274253 ], [ 46.6770607877367, 40.031231125485277 ], [ 46.672448929457964, 40.030261509607833 ], [ 46.668499875228918, 40.030282092744798 ], [ 46.665336951005195, 40.02956402252947 ], [ 46.660195395642113, 40.027219809896543 ], [ 46.655579191414539, 40.026049594618947 ], [ 46.651482782985859, 40.024853604929284 ], [ 46.64912534249212, 40.02417814515433 ], [ 46.647733261568966, 40.022343535768158 ], [ 46.645892122137411, 40.02051528910004 ], [ 46.641210159065494, 40.018545484032579 ], [ 46.637792976201347, 40.017048491056464 ], [ 46.635816064842153, 40.015458347189636 ], [ 46.635318798474955, 40.013447320041713 ], [ 46.633603777385794, 40.011926162236144 ], [ 46.629695790731738, 40.009654077913595 ], [ 46.625442169424694, 40.007750321471725 ], [ 46.621878035149081, 40.006000383300524 ], [ 46.621236461474588, 40.004863981135301 ], [ 46.620738418886624, 40.002798353848874 ], [ 46.619654329915143, 40.000940904315549 ], [ 46.618321940850073, 39.999577790129344 ], [ 46.61299890467555, 39.998397545772214 ], [ 46.610879048583016, 39.997717989172131 ], [ 46.607836101863533, 39.99597854460611 ], [ 46.605971830700611, 39.994095423758431 ], [ 46.602799806235296, 39.990866813891486 ], [ 46.599145776061064, 39.987226609444583 ], [ 46.594628944248747, 39.98407086099413 ], [ 46.591573932201619, 39.982785664471507 ], [ 46.589820951997254, 39.982609738756643 ], [ 46.587071545192906, 39.981247506127325 ], [ 46.584513039854308, 39.978937196405141 ], [ 46.582118819788917, 39.976570043174938 ], [ 46.579727462179932, 39.973293759122988 ], [ 46.577439380107904, 39.971415940224176 ], [ 46.573083398440261, 39.96900255630112 ], [ 46.571221237214445, 39.967137010247889 ], [ 46.569261370781049, 39.965127309303497 ], [ 46.564728305035757, 39.963206885632061 ], [ 46.561685522949674, 39.962393425258774 ], [ 46.559849462503287, 39.961654554201964 ], [ 46.558473441643763, 39.960364042207694 ], [ 46.558082848083046, 39.958769376002195 ], [ 46.556024882614558, 39.957615265487377 ], [ 46.553088843517308, 39.957327389474202 ], [ 46.549064763039347, 39.956981262284152 ], [ 46.544663242883608, 39.956658206778734 ], [ 46.542064464742111, 39.956656450213387 ], [ 46.539298729426875, 39.956584129118511 ], [ 46.53800992617515, 39.956001267914871 ], [ 46.536066419345694, 39.9536089775916 ], [ 46.535171053598567, 39.952657250518129 ], [ 46.532483313133184, 39.951838313932015 ], [ 46.529802646544972, 39.950273802100405 ], [ 46.527040406237248, 39.950346588241565 ], [ 46.525427259703129, 39.950040572229163 ], [ 46.520634596701399, 39.948030916839144 ], [ 46.515006124014853, 39.946668322810694 ], [ 46.512139536409741, 39.945214913402197 ], [ 46.508801645557092, 39.94273125046265 ], [ 46.506920714199808, 39.940973979199178 ], [ 46.50628764642007, 39.940109518633392 ], [ 46.505437810615646, 39.937975198140933 ], [ 46.504406955911229, 39.934043297216149 ], [ 46.503590953921936, 39.931290365646497 ], [ 46.502302289211734, 39.929598054364881 ], [ 46.499557708890933, 39.927197327578703 ], [ 46.496750416405405, 39.925160965008295 ], [ 46.491313126308434, 39.923794733184515 ], [ 46.4845828303093, 39.921590298157192 ], [ 46.481056176054437, 39.92010819286709 ], [ 46.47665644586592, 39.917546235287524 ], [ 46.471582330826365, 39.915009005529967 ], [ 46.46959254942611, 39.915976964633529 ], [ 46.466149455549527, 39.918384107046535 ], [ 46.462986290591168, 39.922860264759777 ], [ 46.460859954390294, 39.927250549616289 ], [ 46.458250967189429, 39.933392252893405 ], [ 46.458116863341218, 39.935975656617899 ], [ 46.458284625740781, 39.93942795441378 ], [ 46.459441880707836, 39.942758709472315 ], [ 46.459265219403022, 39.945560819141569 ], [ 46.460781874702221, 39.950232429690438 ], [ 46.461134126940664, 39.953464216687728 ], [ 46.463312437422601, 39.958127443584701 ], [ 46.464214685716925, 39.960552306210062 ], [ 46.46423795224959, 39.961642873361399 ], [ 46.462612413461407, 39.962972431184106 ], [ 46.457792066635932, 39.965178521122759 ], [ 46.454233922804598, 39.966750426301722 ], [ 46.452254267760758, 39.966993421128784 ], [ 46.449015522673939, 39.965797648765985 ], [ 46.444936460813224, 39.96508497117199 ], [ 46.441420579696768, 39.964183336299755 ], [ 46.437406077131946, 39.963160511659346 ], [ 46.432723759873525, 39.962963951756429 ], [ 46.428451346752446, 39.963162134678221 ], [ 46.425180817297118, 39.963820552672559 ], [ 46.422949582084954, 39.964466123640932 ], [ 46.421559283970808, 39.964646813865244 ], [ 46.420040712937961, 39.964338170225261 ], [ 46.416555910227878, 39.962635430359306 ], [ 46.413398973670652, 39.960783137865661 ], [ 46.410700699887606, 39.959397884970727 ], [ 46.408079359118659, 39.958302531455537 ], [ 46.406653973760015, 39.957919854438508 ], [ 46.403414353398929, 39.957777314212528 ], [ 46.39847745879301, 39.95781880422323 ], [ 46.392457727059941, 39.95805490889952 ], [ 46.388327179833006, 39.958249906797612 ], [ 46.384504033080177, 39.958459267211857 ], [ 46.381714295000407, 39.958365288818271 ], [ 46.380054673207454, 39.958075981551389 ], [ 46.376656225612905, 39.957080069699316 ], [ 46.374935784803036, 39.956700505332847 ], [ 46.373208097789345, 39.956548265625884 ], [ 46.371478776400934, 39.956905091934878 ], [ 46.369061894932024, 39.957733635292058 ], [ 46.366682870057438, 39.959279837863164 ], [ 46.364542117211045, 39.96093227379248 ], [ 46.360994228187224, 39.96311936473554 ], [ 46.359591674101893, 39.963881252892776 ], [ 46.358014738640811, 39.964190638563295 ], [ 46.355578619628545, 39.96466459459797 ], [ 46.353517183202932, 39.964370515895233 ], [ 46.351444489185653, 39.964103803419576 ], [ 46.349790934328119, 39.963523093501657 ], [ 46.347012009156899, 39.962182743957641 ], [ 46.344966699450843, 39.960897450626682 ], [ 46.343406050756371, 39.959624685378863 ], [ 46.339895764911347, 39.956594849795202 ], [ 46.337248060243759, 39.960059518542934 ], [ 46.334211284226512, 39.963058049332169 ], [ 46.331729220085613, 39.966650107144588 ], [ 46.331430939024386, 39.968326202664514 ], [ 46.331348807425819, 39.972617902779348 ], [ 46.330683055013012, 39.974843650389076 ], [ 46.329850798287396, 39.97823489803055 ], [ 46.328593852369458, 39.981667369904663 ], [ 46.327336490837112, 39.983863514354461 ], [ 46.325260072947721, 39.986487180044065 ], [ 46.323311253191569, 39.988382106069793 ], [ 46.323171664198021, 39.990947238656531 ], [ 46.323636342383239, 39.992978217359394 ], [ 46.325894640676005, 39.996079551661651 ], [ 46.328081889700933, 39.999163472574601 ], [ 46.32739467416598, 40.000298574156076 ], [ 46.32468005290886, 40.001729582049144 ], [ 46.32015233735239, 40.003544818355714 ], [ 46.318473955075589, 40.004782060307427 ], [ 46.316387959885397, 40.008187458112971 ], [ 46.315043907652537, 40.010838975508499 ], [ 46.315624348380737, 40.013977711318972 ], [ 46.316974391782281, 40.015325954165242 ], [ 46.318682250325253, 40.016833738495599 ], [ 46.320217519972132, 40.019197972558572 ], [ 46.320146426672515, 40.020416912257716 ], [ 46.319872185542152, 40.023365364057483 ], [ 46.320144708257146, 40.025234904995528 ], [ 46.321532182391472, 40.026055414690013 ], [ 46.325061393786754, 40.027560492527812 ], [ 46.329218584816914, 40.029730955787549 ], [ 46.329340340665063, 40.031129495573296 ], [ 46.328288961750268, 40.033014196419607 ], [ 46.328064466779637, 40.03485304975559 ], [ 46.328557162344453, 40.035865535924849 ], [ 46.330780394684965, 40.037076326271951 ], [ 46.332039790622439, 40.038589054683079 ], [ 46.332824497427296, 40.040016325995062 ], [ 46.334994614070283, 40.04091856838113 ], [ 46.336134152822112, 40.04234172686332 ], [ 46.335640469715557, 40.043710990901452 ], [ 46.333701962428158, 40.044987809449154 ], [ 46.329103184164978, 40.046931480246037 ], [ 46.324886794935516, 40.049088767802544 ], [ 46.323004024528757, 40.050819293984389 ], [ 46.322723249478187, 40.052204251822637 ], [ 46.322553243002638, 40.054424267152484 ], [ 46.321897840977783, 40.05601348899949 ], [ 46.320739689049269, 40.057299364253346 ], [ 46.318217894210534, 40.059037095935714 ], [ 46.31491951358435, 40.061001761796824 ], [ 46.311025338683756, 40.062754907542669 ], [ 46.308340273877306, 40.064639719808547 ], [ 46.308275551230864, 40.066204009835836 ], [ 46.308615457518329, 40.067890995278987 ], [ 46.309022879140343, 40.069395407148228 ], [ 46.308465144086426, 40.071165256465029 ], [ 46.307119611177171, 40.073816678575383 ], [ 46.306194674975941, 40.076190628725364 ], [ 46.305483278374403, 40.079834825927129 ], [ 46.306296769972356, 40.082770955666028 ], [ 46.307828636018471, 40.084899010601426 ], [ 46.310666021271366, 40.087212267045047 ], [ 46.314768623473675, 40.088838405283482 ], [ 46.318667542871857, 40.090939417619104 ], [ 46.318216308612335, 40.092089946574454 ], [ 46.315905145570348, 40.093770684282525 ], [ 46.315703830142319, 40.095609234506405 ], [ 46.314917658105486, 40.09658174652467 ], [ 46.313209777116583, 40.097637431402049 ], [ 46.311295101409016, 40.099022687460106 ], [ 46.310231068027974, 40.10032556801719 ], [ 46.310282985201518, 40.10179762624356 ], [ 46.311117090253958, 40.103315373694826 ], [ 46.312854938774713, 40.105041042382048 ], [ 46.317518739543914, 40.108696957146144 ], [ 46.323750450186679, 40.112589297758134 ], [ 46.328969397525881, 40.115511164339871 ], [ 46.334434076641756, 40.118866298029431 ], [ 46.338344441235016, 40.122639119917572 ], [ 46.34511739356924, 40.129832917240165 ], [ 46.346549654262709, 40.13279790050931 ], [ 46.347280235271477, 40.138607213133874 ], [ 46.348981358324899, 40.145568771389428 ], [ 46.349257109863437, 40.148728986654923 ], [ 46.349253263562147, 40.150928885943863 ], [ 46.348869285694619, 40.151878751988399 ], [ 46.347644758326297, 40.153456544608339 ], [ 46.345593590175596, 40.155171199123465 ], [ 46.343789244459238, 40.157392009442098 ], [ 46.342479410022825, 40.159461613264597 ], [ 46.339168166105758, 40.163390610454385 ], [ 46.336857658824407, 40.165199012397551 ], [ 46.333455739564855, 40.166947222635386 ], [ 46.330855927898867, 40.167304390275682 ], [ 46.328035410001029, 40.167282239345575 ], [ 46.326243594023957, 40.167757295649885 ], [ 46.320543327619973, 40.16954961615501 ], [ 46.314818358825384, 40.171305576099982 ], [ 46.312600887744495, 40.171839797307378 ], [ 46.308628565210377, 40.17232110467738 ], [ 46.306006799816799, 40.172787047033651 ], [ 46.303602775922329, 40.173486826146181 ], [ 46.302629819431736, 40.174661337098499 ], [ 46.302314760569502, 40.175537550689825 ], [ 46.302831846422997, 40.176549845601713 ], [ 46.305438437885165, 40.177756760052539 ], [ 46.306928912575998, 40.178848957610271 ], [ 46.307988341907937, 40.179709659407891 ], [ 46.310177407814841, 40.182611975497274 ], [ 46.312360356592208, 40.185187067278065 ], [ 46.315010275257492, 40.188611297469883 ], [ 46.317518605679602, 40.192055256069274 ], [ 46.320649461154701, 40.195801124669586 ], [ 46.323690090342438, 40.199766102536408 ], [ 46.325087948875684, 40.202149932730279 ], [ 46.326005767939861, 40.204230177142307 ], [ 46.327653282645116, 40.207247429776437 ], [ 46.32910879793593, 40.210139598622433 ], [ 46.330681206026227, 40.21293950101326 ], [ 46.331845697964717, 40.215489548973338 ], [ 46.333380904292, 40.218798891292693 ], [ 46.334505313727767, 40.221712979310801 ], [ 46.335236497694552, 40.223922556171246 ], [ 46.334959994663905, 40.225543802604868 ], [ 46.333577492398966, 40.227614128200287 ], [ 46.332147121851868, 40.229666807606542 ], [ 46.330564178394418, 40.232412078380143 ], [ 46.328999495084737, 40.234884411329986 ], [ 46.327894840893372, 40.236624229299224 ], [ 46.326577736403777, 40.238421013333472 ], [ 46.325803602432089, 40.2400842997952 ], [ 46.32606348464526, 40.241244865866328 ], [ 46.32734968745774, 40.24272090945216 ], [ 46.329936615576578, 40.24398201179082 ], [ 46.334312990460205, 40.245749664966603 ], [ 46.34104619420679, 40.24790800793847 ], [ 46.347578003396642, 40.250059211686519 ], [ 46.35242766683762, 40.251720668957077 ], [ 46.357232478444722, 40.25350061935729 ], [ 46.360883162468873, 40.254512196245479 ], [ 46.364054011063757, 40.255256610786667 ], [ 46.366670559926895, 40.256752877872053 ], [ 46.368072162927469, 40.258008932975365 ], [ 46.371546799126762, 40.260858458290187 ], [ 46.373776763885019, 40.261995538466714 ], [ 46.375990443361871, 40.263496373636983 ], [ 46.37952394742458, 40.265708645580844 ], [ 46.383429518725848, 40.268698108737489 ], [ 46.387792914910577, 40.270845656545021 ], [ 46.390704907600181, 40.271646978738517 ], [ 46.392645063420986, 40.271350937642431 ], [ 46.396685810183733, 40.270484118352968 ], [ 46.400459444250295, 40.26932950878561 ], [ 46.403492460585973, 40.26909277288096 ], [ 46.405914560243723, 40.269154265966499 ], [ 46.408725289864556, 40.267356597792762 ], [ 46.410986457700758, 40.266529115132137 ], [ 46.413930833120361, 40.266602250273614 ], [ 46.418463196608243, 40.267710302444385 ], [ 46.419971079860829, 40.267182760525969 ], [ 46.423710477907584, 40.265555130016892 ], [ 46.427227338319156, 40.264639151263971 ], [ 46.433083007033495, 40.264348605948278 ], [ 46.435489575301723, 40.263682466095879 ], [ 46.439997439018484, 40.261390287755951 ], [ 46.442891448200399, 40.261336052214823 ], [ 46.444977016691475, 40.260091953153712 ], [ 46.4471911003142, 40.260427883300352 ], [ 46.450993918607217, 40.261816486251689 ], [ 46.454309563472329, 40.263720131805336 ], [ 46.45823680029968, 40.265361451977725 ], [ 46.462413232517861, 40.267544891306535 ], [ 46.463960338259149, 40.268852473295361 ], [ 46.465129244551122, 40.271328350904831 ], [ 46.466176234259272, 40.272551333760916 ], [ 46.46796881953675, 40.273128545064324 ], [ 46.472080053788993, 40.274457991843171 ], [ 46.479677702114969, 40.276742655508599 ], [ 46.486082968747688, 40.278751259011173 ], [ 46.488484286740146, 40.280011170439018 ], [ 46.488600739034851, 40.280991394431112 ], [ 46.488680693127954, 40.283553751118887 ], [ 46.48890065921335, 40.286005224510482 ], [ 46.48980811734905, 40.288411484353325 ], [ 46.490807152064228, 40.289580314745578 ], [ 46.492755992687144, 40.290755063270893 ], [ 46.49567561693722, 40.291808150391709 ], [ 46.498625532757515, 40.292079030884096 ], [ 46.502040114063583, 40.2929619229553 ], [ 46.504848553402248, 40.294343460183306 ], [ 46.505933669615935, 40.296165516192879 ], [ 46.506316030729757, 40.298414854068177 ], [ 46.507078316228366, 40.3017318578434 ], [ 46.507167097204821, 40.30465767342443 ], [ 46.507640175986126, 40.307778458370649 ], [ 46.508038729548602, 40.309682155935917 ], [ 46.509801901468016, 40.312077084375417 ], [ 46.512052030933326, 40.313938401836282 ], [ 46.515077087277753, 40.316462182270904 ], [ 46.515776038601686, 40.317980135850959 ], [ 46.515664471088812, 40.319363270004565 ], [ 46.515312203097373, 40.320604118501301 ], [ 46.515266809918408, 40.322822659439453 ], [ 46.515448139558004, 40.325619985029114 ], [ 46.516329292721743, 40.327844559755462 ], [ 46.517411207602628, 40.329484737189787 ], [ 46.5199377329917, 40.330924128404121 ], [ 46.525024278693095, 40.333166006437061 ], [ 46.526936078300402, 40.334722425917818 ], [ 46.529015445707863, 40.3363311370342 ], [ 46.53180732952432, 40.336875944741848 ], [ 46.534552991477469, 40.337475837519172 ], [ 46.540075646344022, 40.339002245663281 ], [ 46.54529185208434, 40.340623382554391 ], [ 46.548417382244793, 40.341199687729201 ], [ 46.550746650639397, 40.342277442581086 ], [ 46.55727857634831, 40.345298404988355 ], [ 46.55713780687563, 40.346409265830566 ], [ 46.556915813253475, 40.348121151764857 ], [ 46.557555989774066, 40.349094237279822 ], [ 46.55937678357143, 40.349742348558763 ], [ 46.561125372472745, 40.349318801017873 ], [ 46.563004711982117, 40.348384427129965 ], [ 46.568492645995455, 40.348346478960458 ], [ 46.570780582062881, 40.348642658079896 ], [ 46.575632608712986, 40.349867407811246 ], [ 46.579875672735007, 40.350445804678657 ], [ 46.582129382997607, 40.351305796905471 ], [ 46.587070955420224, 40.353292385707178 ], [ 46.588196529988387, 40.354676767789492 ], [ 46.588980318616962, 40.356683944791762 ], [ 46.590577708327096, 40.357916380402877 ], [ 46.593450974646593, 40.359840224933706 ], [ 46.598346408532187, 40.361845139205116 ], [ 46.603262800403868, 40.364722175911737 ], [ 46.608088888315436, 40.367782052058686 ], [ 46.612077216590677, 40.369580833942543 ], [ 46.618790181092336, 40.371995826606515 ], [ 46.621602730140211, 40.37232000575753 ], [ 46.626510684426492, 40.372796453283271 ], [ 46.6301874761511, 40.373471853217573 ], [ 46.632034590066937, 40.375154674003056 ], [ 46.634230380411125, 40.375523608088585 ], [ 46.637418057252987, 40.375623943210968 ], [ 46.644311783880795, 40.375635182800117 ], [ 46.648129692962684, 40.376235284401474 ], [ 46.652639668178502, 40.377916140565858 ], [ 46.656661234225318, 40.379058433099303 ], [ 46.660030273837322, 40.378791954002487 ], [ 46.665296749342062, 40.378352625758929 ], [ 46.669716662409407, 40.378288877087066 ], [ 46.672169242287339, 40.379416918094002 ], [ 46.674118900923609, 40.381352087358444 ], [ 46.675183628450256, 40.384027227490328 ], [ 46.676409065906171, 40.387427204464821 ], [ 46.678105172765171, 40.388711518081323 ], [ 46.680372297639316, 40.388096844570256 ], [ 46.685556454085393, 40.386239789434327 ], [ 46.689258423239714, 40.385967602375267 ], [ 46.693799340492497, 40.386919210213392 ], [ 46.70184131745706, 40.389055353349974 ], [ 46.711531232795856, 40.392402745855293 ], [ 46.722525036152426, 40.396493430303479 ], [ 46.732361476888002, 40.399909593478725 ], [ 46.740121829799641, 40.402083630199584 ], [ 46.748149109173383, 40.403525933205366 ], [ 46.753738834251081, 40.404495663146143 ], [ 46.757504118945022, 40.404802062240321 ], [ 46.761786713022531, 40.404882303690805 ], [ 46.767132353528744, 40.405600593582875 ], [ 46.775872036105305, 40.408775278114966 ], [ 46.782308363187397, 40.407549101167504 ], [ 46.787102567785055, 40.40718421134644 ], [ 46.791316245339246, 40.408246100447471 ], [ 46.804071580402763, 40.412119865000143 ], [ 46.807813820894189, 40.410875203562263 ], [ 46.811159425094552, 40.410586499627748 ], [ 46.813888065045788, 40.409907440434729 ], [ 46.818268110056074, 40.408293392226447 ], [ 46.825162954943636, 40.405585105028479 ], [ 46.83000553007431, 40.403508830336804 ], [ 46.833938168447425, 40.401210464719178 ], [ 46.837080809202952, 40.397851952252843 ], [ 46.841293621284919, 40.393640070538126 ], [ 46.845147411771244, 40.38848844873835 ], [ 46.851023055558798, 40.380795612002181 ], [ 46.854715893272228, 40.375028153390211 ] ] ] } },
{ "type": "Feature", "id": 4, "properties": { "name_en": "Askeran", "Name_hy": "Ասկերան", "Name_Alt": null, "Center": "Askeran", "status": "controlled", "name_ru": "Аскеран" }, "geometry": { "type": "Polygon", "coordinates": [ [ [ 46.737665978380051, 39.777652722058356 ], [ 46.739406876923198, 39.779325333982548 ], [ 46.740339271521648, 39.780533097020822 ], [ 46.742052592013941, 39.782502385214656 ], [ 46.741985161562653, 39.783802467586909 ], [ 46.741795943505259, 39.785042517683522 ], [ 46.741819729182978, 39.785985532457318 ], [ 46.742358269045937, 39.786673375872297 ], [ 46.743561208181973, 39.787474954472849 ], [ 46.744364184112982, 39.788313464841899 ], [ 46.745869712016599, 39.789187794431392 ], [ 46.747278212018479, 39.790187286196705 ], [ 46.748485184145636, 39.791143402616356 ], [ 46.749324425199752, 39.791826680026276 ], [ 46.749890570938419, 39.792807907327855 ], [ 46.749852002229019, 39.793659068577597 ], [ 46.750033484966117, 39.79449144536472 ], [ 46.750290823196799, 39.795152561461677 ], [ 46.751513651337746, 39.7959382897157 ], [ 46.75257225448896, 39.796571835170013 ], [ 46.753507881372009, 39.797098974172577 ], [ 46.754682445022269, 39.797560631464073 ], [ 46.755205881313429, 39.79843422166018 ], [ 46.755165018970231, 39.799192627854374 ], [ 46.755906182377267, 39.799954664779513 ], [ 46.756991197714079, 39.800046492122455 ], [ 46.757870322649914, 39.800713636288322 ], [ 46.758481871155077, 39.801895176570412 ], [ 46.759989845005464, 39.802846605852231 ], [ 46.761579133734486, 39.80305445842486 ], [ 46.763101983924606, 39.803015858317544 ], [ 46.766050233030157, 39.803048336984361 ], [ 46.767896136579992, 39.803097545496165 ], [ 46.769068913285857, 39.803481757328164 ], [ 46.769837057678316, 39.804506197268978 ], [ 46.769831287543212, 39.805063026153626 ], [ 46.769470682886329, 39.805857243402102 ], [ 46.769289670522284, 39.80661779040048 ], [ 46.76941644818988, 39.807652012933701 ], [ 46.770778228447348, 39.809146804437674 ], [ 46.772345678841312, 39.810839482014522 ], [ 46.773137001343244, 39.812760513902511 ], [ 46.774342972752734, 39.814427757643365 ], [ 46.774743172087859, 39.815952669383279 ], [ 46.77563764473306, 39.817980358412662 ], [ 46.776488632258747, 39.819096271858207 ], [ 46.777619117766626, 39.820161500669926 ], [ 46.778999094685759, 39.820789872586275 ], [ 46.78074643422822, 39.820886779595618 ], [ 46.782711105618397, 39.820856600449574 ], [ 46.785111620099158, 39.820618636659901 ], [ 46.785549828118334, 39.821276885085872 ], [ 46.785025743693446, 39.821949944884736 ], [ 46.784882563909697, 39.822617141467703 ], [ 46.785476767191454, 39.823102874769411 ], [ 46.787174041529255, 39.823587078846231 ], [ 46.788842468359896, 39.823731473907827 ], [ 46.790805204903002, 39.823623862143258 ], [ 46.791981229191194, 39.823342794913806 ], [ 46.794237833693998, 39.822967680590153 ], [ 46.79546519680521, 39.823118802318554 ], [ 46.797146113622823, 39.823742297502832 ], [ 46.798871996191139, 39.824550649846529 ], [ 46.800044623753898, 39.825676862139744 ], [ 46.800395273346197, 39.826815824196579 ], [ 46.800324088000984, 39.827930403568224 ], [ 46.799920804028964, 39.828617119168875 ], [ 46.799513074079115, 39.829133788216019 ], [ 46.798639348051154, 39.829472104234135 ], [ 46.797774884280294, 39.830165963300914 ], [ 46.797221233619055, 39.831241623123788 ], [ 46.79647350319155, 39.832567725205621 ], [ 46.79597746586775, 39.832776451302891 ], [ 46.795104078513823, 39.833130200581557 ], [ 46.793840859605702, 39.833149745155779 ], [ 46.792397983203003, 39.833202982398447 ], [ 46.791332895991481, 39.833899894060458 ], [ 46.790659608940807, 39.835008300375584 ], [ 46.790792396963795, 39.836258908432256 ], [ 46.791761765460627, 39.837280085924853 ], [ 46.791321854582627, 39.838106521599279 ], [ 46.790641299624966, 39.838936671253933 ], [ 46.789764193656922, 39.839151253889298 ], [ 46.788465973628142, 39.840145570141978 ], [ 46.78686851679398, 39.841206342379358 ], [ 46.785752302848813, 39.842259683727136 ], [ 46.784449202763675, 39.842295206034798 ], [ 46.782704515231124, 39.842322037439665 ], [ 46.780526227626375, 39.842649333693167 ], [ 46.77890574015354, 39.843602096136706 ], [ 46.777934931581683, 39.844854176326066 ], [ 46.777731251295705, 39.847068781092354 ], [ 46.778198077996393, 39.85038657870772 ], [ 46.778883085838373, 39.851273037384665 ], [ 46.779072081096608, 39.852375878236522 ], [ 46.779036813047128, 39.853729597413839 ], [ 46.779238043817287, 39.854917306690069 ], [ 46.779180126198398, 39.856170851112921 ], [ 46.779443385201027, 39.857040577747021 ], [ 46.7800979909548, 39.857912029394427 ], [ 46.780098666828231, 39.859102814639627 ], [ 46.77990662604266, 39.859824879146309 ], [ 46.779407457745073, 39.86069857276653 ], [ 46.778776340907704, 39.861125806954497 ], [ 46.77803588651188, 39.861593376432154 ], [ 46.777880093490204, 39.862554587214646 ], [ 46.778665572723227, 39.863052882532855 ], [ 46.77929417718844, 39.863692763405901 ], [ 46.779008051266658, 39.864269353435219 ], [ 46.778397709607383, 39.865113818194956 ], [ 46.777947492324117, 39.865553738254107 ], [ 46.77758839488304, 39.865636567906563 ], [ 46.776982184451178, 39.865475745683597 ], [ 46.776524098483137, 39.864833240156337 ], [ 46.775999859879995, 39.863959772820358 ], [ 46.776042498122706, 39.863278665416011 ], [ 46.776478357551078, 39.862282237119885 ], [ 46.776470902528281, 39.861215274895173 ], [ 46.775929026356032, 39.860434866029024 ], [ 46.775889165706083, 39.858888988299178 ], [ 46.775959165900986, 39.857712585027826 ], [ 46.776333749192148, 39.855897455911119 ], [ 46.776918857153895, 39.854465721938901 ], [ 46.777611407240585, 39.853310706088926 ], [ 46.777764794391139, 39.85225674189541 ], [ 46.777110613568759, 39.851787356609044 ], [ 46.775560668292172, 39.851594589034775 ], [ 46.774295106884367, 39.851536634160865 ], [ 46.772454040435051, 39.85094619103797 ], [ 46.772126774025928, 39.850703753900206 ], [ 46.771604692167266, 39.849907555254411 ], [ 46.771236712045571, 39.848861561934903 ], [ 46.77089833487139, 39.848186273185576 ], [ 46.769669376286473, 39.847988524105901 ], [ 46.768428918275362, 39.847342454545618 ], [ 46.768249432035581, 39.846602874987902 ], [ 46.768111868815701, 39.845151269222214 ], [ 46.767751900572215, 39.844414440010311 ], [ 46.76642892988135, 39.843676816191078 ], [ 46.764634580929453, 39.843332973694551 ], [ 46.763108864877843, 39.843294318545951 ], [ 46.762176480309456, 39.842921865729593 ], [ 46.760529966359535, 39.842080834719418 ], [ 46.759698670890948, 39.841737757014066 ], [ 46.758556777338974, 39.841801472013394 ], [ 46.757954819665244, 39.842583845482082 ], [ 46.756955654446543, 39.842738170960686 ], [ 46.755768118255965, 39.842586040699807 ], [ 46.754767746074116, 39.841905258023679 ], [ 46.753232621602393, 39.840706742918798 ], [ 46.75210136958723, 39.839610361029358 ], [ 46.750569091167527, 39.83852002136269 ], [ 46.748592953526064, 39.837328098836124 ], [ 46.746829944816405, 39.83662781155062 ], [ 46.745579634854259, 39.83636826644279 ], [ 46.744440650847821, 39.835751338722005 ], [ 46.744120307927481, 39.834982907029477 ], [ 46.744139682251252, 39.834162971203689 ], [ 46.743813876124896, 39.833178110643573 ], [ 46.742625089047976, 39.832175288147297 ], [ 46.741051852258934, 39.831039039642214 ], [ 46.738119677915513, 39.82930454119014 ], [ 46.736387735422404, 39.828232466160216 ], [ 46.733441186977153, 39.82671457254952 ], [ 46.731225474164177, 39.825541392651168 ], [ 46.729519984527307, 39.824716258774565 ], [ 46.728961985725391, 39.824059581078316 ], [ 46.728652621753497, 39.8229197790846 ], [ 46.727681667836833, 39.82178983209814 ], [ 46.727185017337277, 39.821178626636545 ], [ 46.726205671924333, 39.820512743151099 ], [ 46.725424117980467, 39.819735653821439 ], [ 46.724827982210698, 39.818352664774437 ], [ 46.72426776229841, 39.817603205850496 ], [ 46.723551813045205, 39.817041638846717 ], [ 46.723122292537276, 39.815903605329972 ], [ 46.72319086059688, 39.814634451155555 ], [ 46.723397661615735, 39.814082368885309 ], [ 46.723807818169149, 39.813643252455186 ], [ 46.724030407950714, 39.812920818595693 ], [ 46.723975636181429, 39.812333959836216 ], [ 46.723773400418864, 39.811463188505307 ], [ 46.723262012369716, 39.810658870034914 ], [ 46.722332583629267, 39.809976744856847 ], [ 46.721705383367393, 39.808949894865286 ], [ 46.72141857394459, 39.807902525395782 ], [ 46.72026101067145, 39.805708188897391 ], [ 46.719626562652536, 39.804387597096728 ], [ 46.719596516196994, 39.803181764585617 ], [ 46.718982148555185, 39.80186087083986 ], [ 46.71686000672257, 39.800376716041761 ], [ 46.712323709422826, 39.798557016882164 ], [ 46.708615337014137, 39.796810736548487 ], [ 46.707075323461588, 39.796487966464056 ], [ 46.705705399075335, 39.795417249360675 ], [ 46.704895579160819, 39.794120112389088 ], [ 46.703904937184369, 39.793134704339217 ], [ 46.702808628551153, 39.792641729000358 ], [ 46.701579040361999, 39.792477958429103 ], [ 46.700669164376421, 39.792854922586578 ], [ 46.699057845102345, 39.793460328168884 ], [ 46.696311581687922, 39.79391868148776 ], [ 46.695239857806754, 39.794425237595163 ], [ 46.693817383594791, 39.795045992235771 ], [ 46.691660040496075, 39.795495636023581 ], [ 46.689022108271566, 39.795570433604325 ], [ 46.687178579067144, 39.795360903697194 ], [ 46.68498519622451, 39.795301875429757 ], [ 46.683571541539926, 39.795322398763759 ], [ 46.68177781082052, 39.795221147093429 ], [ 46.680552642923864, 39.795238901085526 ], [ 46.67939240900359, 39.795019347054364 ], [ 46.678229972953702, 39.794708907377952 ], [ 46.677484131727596, 39.794083353183844 ], [ 46.677221150230196, 39.792959922729302 ], [ 46.677188477982639, 39.791614988069 ], [ 46.677054345143297, 39.790944223462766 ], [ 46.676474353889269, 39.790352626926229 ], [ 46.675776135951203, 39.789744553920812 ], [ 46.67435068879302, 39.789274242362531 ], [ 46.673011019148078, 39.788939035167978 ], [ 46.671245862112038, 39.789037200379738 ], [ 46.669386023776987, 39.789118519949803 ], [ 46.665798696745398, 39.788906454780239 ], [ 46.662226852750642, 39.788357704218434 ], [ 46.660434634294667, 39.788310642825557 ], [ 46.656092376115744, 39.789045411618766 ], [ 46.652687611137488, 39.789566674036898 ], [ 46.647502814227046, 39.78956769040132 ], [ 46.64435018040232, 39.789794228091893 ], [ 46.641467912839246, 39.790489567564563 ], [ 46.638963971341816, 39.79074314192777 ], [ 46.637051093891387, 39.790579245710745 ], [ 46.634451220518827, 39.791261335703993 ], [ 46.631333609543141, 39.791977920593737 ], [ 46.627556656114699, 39.791721885459992 ], [ 46.625032272893193, 39.791611820969088 ], [ 46.621638642497643, 39.79262291190841 ], [ 46.616529745142749, 39.795875931195297 ], [ 46.612970633596255, 39.797889045192001 ], [ 46.61137535908918, 39.799220264809875 ], [ 46.609770024263646, 39.801133402585911 ], [ 46.608067953554126, 39.803956921930968 ], [ 46.606663506624052, 39.805394519086768 ], [ 46.602873443767976, 39.807646879529159 ], [ 46.597877010493576, 39.809733927082604 ], [ 46.593403436377478, 39.810995423186469 ], [ 46.589941434126267, 39.812170162368353 ], [ 46.58768561780537, 39.812491958420622 ], [ 46.58451165214354, 39.811844466741015 ], [ 46.581208659367896, 39.810707751945714 ], [ 46.579185879438107, 39.809880785115595 ], [ 46.576874638549739, 39.809839499459784 ], [ 46.572446125190723, 39.811026851513027 ], [ 46.568418937509342, 39.812244972388086 ], [ 46.566800170910199, 39.812594110463884 ], [ 46.564231236511766, 39.812628778658812 ], [ 46.563863451769684, 39.815124575237391 ], [ 46.56332117974776, 39.817204551796145 ], [ 46.562850921259709, 39.818301765680673 ], [ 46.562039547224863, 39.818912676708401 ], [ 46.560385095770449, 39.818734949094271 ], [ 46.558648281125031, 39.819085561992765 ], [ 46.554510296488473, 39.820650135676154 ], [ 46.551135269225959, 39.821549836030954 ], [ 46.548227506245254, 39.822261389952644 ], [ 46.546738890230642, 39.823172132450672 ], [ 46.546665052599138, 39.825136696922208 ], [ 46.547248004187246, 39.826947051524307 ], [ 46.548653217328777, 39.82861915836515 ], [ 46.550489787115154, 39.830594563770475 ], [ 46.551338759308145, 39.832692239311157 ], [ 46.551882934478051, 39.834866711065814 ], [ 46.552216284581363, 39.83751379016612 ], [ 46.553151589737965, 39.839885935657307 ], [ 46.55418387154058, 39.840690263631167 ], [ 46.556173668191498, 39.842118082157143 ], [ 46.556538657390973, 39.843658588684519 ], [ 46.556098718984821, 39.847155286039587 ], [ 46.555778888556688, 39.849704946222452 ], [ 46.554791154322679, 39.850881789018437 ], [ 46.551883186377047, 39.852684313492936 ], [ 46.55003914949409, 39.854599819045106 ], [ 46.548614608912217, 39.856291520086977 ], [ 46.547548249723889, 39.858178417707592 ], [ 46.546258554805767, 39.859577391052895 ], [ 46.545000892561468, 39.860303219195785 ], [ 46.543140547276373, 39.860455256534991 ], [ 46.541570127139707, 39.860912490898954 ], [ 46.5371831087487, 39.862999589822735 ], [ 46.532566193989609, 39.865522584657249 ], [ 46.525442874116258, 39.869870904102527 ], [ 46.522323841521235, 39.871802735174299 ], [ 46.521366843839907, 39.873342514450123 ], [ 46.51985608361958, 39.875453161708165 ], [ 46.518799405568956, 39.876757870519924 ], [ 46.518687936714613, 39.878122919161072 ], [ 46.518526073149665, 39.879343177948371 ], [ 46.51829022103734, 39.880418955691496 ], [ 46.516477281614229, 39.881678999024366 ], [ 46.514345574227825, 39.883470431543387 ], [ 46.514028466843499, 39.885147240053598 ], [ 46.513742136460905, 39.887150906479135 ], [ 46.513227447351461, 39.888430305726359 ], [ 46.51253918291259, 39.889330162575561 ], [ 46.511302977044707, 39.891073491581018 ], [ 46.510635015272157, 39.892900311122531 ], [ 46.509644639763486, 39.895094947654016 ], [ 46.508795391203407, 39.897269557787325 ], [ 46.508048940525043, 39.898751941078984 ], [ 46.507136470073618, 39.900200115293885 ], [ 46.50527349458762, 39.902442414964099 ], [ 46.503038516321062, 39.903871356948976 ], [ 46.500322311109798, 39.904888318292073 ], [ 46.497356809700705, 39.904217590656245 ], [ 46.494444883773554, 39.903836994459915 ], [ 46.49263903699628, 39.903296641412169 ], [ 46.489991525084299, 39.9042215713079 ], [ 46.486745669711006, 39.904772311046443 ], [ 46.483710919721297, 39.906356584442108 ], [ 46.479441559154388, 39.908720147774204 ], [ 46.474356887626648, 39.912712047686156 ], [ 46.471582330826365, 39.915009005529967 ], [ 46.47665644586592, 39.917546235287524 ], [ 46.481056176054437, 39.92010819286709 ], [ 46.4845828303093, 39.921590298157192 ], [ 46.491313126308434, 39.923794733184515 ], [ 46.496750416405405, 39.925160965008295 ], [ 46.499557708890933, 39.927197327578703 ], [ 46.502302289211734, 39.929598054364881 ], [ 46.503590953921936, 39.931290365646497 ], [ 46.504406955911229, 39.934043297216149 ], [ 46.505437810615646, 39.937975198140933 ], [ 46.50628764642007, 39.940109518633392 ], [ 46.506920714199808, 39.940973979199178 ], [ 46.508801645557092, 39.94273125046265 ], [ 46.512139536409741, 39.945214913402197 ], [ 46.515006124014853, 39.946668322810694 ], [ 46.520634596701399, 39.948030916839144 ], [ 46.525427259703129, 39.950040572229163 ], [ 46.527040406237248, 39.950346588241565 ], [ 46.529802646544972, 39.950273802100405 ], [ 46.532483313133184, 39.951838313932015 ], [ 46.535171053598567, 39.952657250518129 ], [ 46.536066419345694, 39.9536089775916 ], [ 46.53800992617515, 39.956001267914871 ], [ 46.539298729426875, 39.956584129118511 ], [ 46.542064464742111, 39.956656450213387 ], [ 46.544663242883608, 39.956658206778734 ], [ 46.549064763039347, 39.956981262284152 ], [ 46.553088843517308, 39.957327389474202 ], [ 46.556024882614558, 39.957615265487377 ], [ 46.558082848083046, 39.958769376002195 ], [ 46.558473441643763, 39.960364042207694 ], [ 46.559849462503287, 39.961654554201964 ], [ 46.561685522949674, 39.962393425258774 ], [ 46.564728305035757, 39.963206885632061 ], [ 46.569261370781049, 39.965127309303497 ], [ 46.571221237214445, 39.967137010247889 ], [ 46.573083398440261, 39.96900255630112 ], [ 46.577439380107904, 39.971415940224176 ], [ 46.579727462179932, 39.973293759122988 ], [ 46.582118819788917, 39.976570043174938 ], [ 46.584513039854308, 39.978937196405141 ], [ 46.587071545192906, 39.981247506127325 ], [ 46.589820951997254, 39.982609738756643 ], [ 46.591573932201619, 39.982785664471507 ], [ 46.594628944248747, 39.98407086099413 ], [ 46.599145776061064, 39.987226609444583 ], [ 46.602799806235296, 39.990866813891486 ], [ 46.605971830700611, 39.994095423758431 ], [ 46.607836101863533, 39.99597854460611 ], [ 46.610879048583016, 39.997717989172131 ], [ 46.61299890467555, 39.998397545772214 ], [ 46.618321940850073, 39.999577790129344 ], [ 46.619654329915143, 40.000940904315549 ], [ 46.620738418886624, 40.002798353848874 ], [ 46.621236461474588, 40.004863981135301 ], [ 46.621878035149081, 40.006000383300524 ], [ 46.625442169424694, 40.007750321471725 ], [ 46.629695790731738, 40.009654077913595 ], [ 46.633603777385794, 40.011926162236144 ], [ 46.635318798474955, 40.013447320041713 ], [ 46.635816064842153, 40.015458347189636 ], [ 46.637792976201347, 40.017048491056464 ], [ 46.641210159065494, 40.018545484032579 ], [ 46.645892122137411, 40.02051528910004 ], [ 46.647733261568966, 40.022343535768158 ], [ 46.64912534249212, 40.02417814515433 ], [ 46.651482782985859, 40.024853604929284 ], [ 46.655579191414539, 40.026049594618947 ], [ 46.660195395642113, 40.027219809896543 ], [ 46.665336951005195, 40.02956402252947 ], [ 46.668499875228918, 40.030282092744798 ], [ 46.672448929457964, 40.030261509607833 ], [ 46.6770607877367, 40.031231125485277 ], [ 46.681123643015802, 40.031990359274253 ], [ 46.68622863959542, 40.032807007008977 ], [ 46.688263343537358, 40.033795478024622 ], [ 46.690895618857631, 40.035993282297866 ], [ 46.693926670025775, 40.037094367760339 ], [ 46.699126038322717, 40.036927319266567 ], [ 46.704005560398912, 40.038164635577374 ], [ 46.708151425301686, 40.038430823192151 ], [ 46.714746741005499, 40.038278840694559 ], [ 46.719279065911095, 40.037920774533838 ], [ 46.723154200126608, 40.036826912764866 ], [ 46.728075242350229, 40.03500828872194 ], [ 46.732077930650831, 40.034294014941466 ], [ 46.737151341016094, 40.033836257442793 ], [ 46.742414273454081, 40.033393607835002 ], [ 46.74545620649311, 40.032111547882401 ], [ 46.751069771052919, 40.0305905805183 ], [ 46.755537415243666, 40.03050478171518 ], [ 46.761404777016438, 40.029670322076122 ], [ 46.768168555465209, 40.030585380046496 ], [ 46.775703482600015, 40.033869845232893 ], [ 46.779165079268793, 40.034198517401386 ], [ 46.78288013794679, 40.034268660820558 ], [ 46.790354252329969, 40.037898524466655 ], [ 46.796551948948846, 40.039729676068738 ], [ 46.800398431084702, 40.040288083584159 ], [ 46.80495428201818, 40.040835311405367 ], [ 46.810363299281001, 40.041441749277396 ], [ 46.817962129771104, 40.042558992386716 ], [ 46.824560573572334, 40.045182273602364 ], [ 46.826384033946923, 40.047916925261902 ], [ 46.828015555293931, 40.050545494414088 ], [ 46.831349345945817, 40.053128955656788 ], [ 46.834673151493014, 40.055330693118648 ], [ 46.83630637825992, 40.057122825435414 ], [ 46.837869719846488, 40.058952402891265 ], [ 46.839345389047658, 40.061037872338872 ], [ 46.840935001095097, 40.062957889522345 ], [ 46.843341592814355, 40.065337566256581 ], [ 46.84642494838706, 40.067360981359322 ], [ 46.851252898072538, 40.069138277313129 ], [ 46.855863278526108, 40.070737055680311 ], [ 46.860825306326461, 40.073075381152151 ], [ 46.863706042018485, 40.075447003964833 ], [ 46.868421876327545, 40.078279820464488 ], [ 46.871846437897673, 40.081478740530301 ], [ 46.873005132876877, 40.083168926332142 ], [ 46.873559741821609, 40.085268834911446 ], [ 46.873737871901653, 40.089174651416705 ], [ 46.874671122369215, 40.091268424685133 ], [ 46.875906533969953, 40.093157314954802 ], [ 46.880718753510948, 40.095988049311146 ], [ 46.882720133336719, 40.098173479209379 ], [ 46.886216941521248, 40.100498141310027 ], [ 46.893886456939995, 40.104736129524369 ], [ 46.898785286656789, 40.107219262071816 ], [ 46.902695046713269, 40.109882060701167 ], [ 46.906862403144409, 40.112431402590374 ], [ 46.912155697614871, 40.115434677055511 ], [ 46.918015977923567, 40.118373773560357 ], [ 46.921893850724729, 40.119854749603292 ], [ 46.926452671761368, 40.12112428741095 ], [ 46.930539261518909, 40.123274149666436 ], [ 46.932746812686069, 40.125128014258202 ], [ 46.93475277648006, 40.127385159472531 ], [ 46.937784614695659, 40.130734066179514 ], [ 46.939738299947862, 40.131973929929707 ], [ 46.943104340849167, 40.133735454333632 ], [ 46.944844975672247, 40.134142538203051 ], [ 46.948572185162625, 40.134443455037868 ], [ 46.952888675753741, 40.134643413407872 ], [ 46.959547358066779, 40.134749048076138 ], [ 46.963990626827155, 40.135237320750136 ], [ 46.967399097431006, 40.135979349475591 ], [ 46.970995944203715, 40.137499796005855 ], [ 46.976251825567083, 40.139864441505551 ], [ 46.979936911933031, 40.141146764307024 ], [ 46.985618888072381, 40.142667426611396 ], [ 46.990338982848627, 40.142877238178137 ], [ 46.998794412147817, 40.14364052412391 ], [ 47.001441183674082, 40.144231076710774 ], [ 47.005002685826753, 40.145314756165064 ], [ 47.009824882746642, 40.148176220139582 ], [ 47.016260818935969, 40.152718257726676 ], [ 47.022264342835904, 40.157031149862426 ], [ 47.029096552393952, 40.162092736001263 ], [ 47.035573220223327, 40.166323905306164 ], [ 47.034773554572318, 40.160575070721393 ], [ 47.033932558774332, 40.154626976313878 ], [ 47.032328941402916, 40.150110265064974 ], [ 47.02885171581994, 40.14471740472829 ], [ 47.026071421163394, 40.140439368273341 ], [ 47.019686614826718, 40.134406246190245 ], [ 47.014853319484232, 40.129545619323373 ], [ 47.011709758103393, 40.125746209326877 ], [ 47.00986608542248, 40.12265133486342 ], [ 47.00729680304562, 40.117423811812579 ], [ 47.004865652413372, 40.112048395341141 ], [ 47.00258796394381, 40.105434046555338 ], [ 47.001033816852186, 40.097643638322531 ], [ 46.99941891567488, 40.08938157289851 ], [ 46.998223858133507, 40.08089407022387 ], [ 46.997239111846206, 40.071493924719249 ], [ 46.996969324440606, 40.065499237496205 ], [ 46.997691738954934, 40.059451073523554 ], [ 46.99839812000188, 40.052857781327553 ], [ 46.998991706388395, 40.048884327527695 ], [ 46.999551756321686, 40.045384124568628 ], [ 46.999749426486112, 40.042435571192158 ], [ 47.000069808383614, 40.038830421227303 ], [ 46.999744808675523, 40.030945953880256 ], [ 46.999347092755137, 40.025426122344868 ], [ 46.997876702736953, 40.018797632601448 ], [ 46.9973855818263, 40.016551787087003 ], [ 46.996160118785454, 40.013445956048216 ], [ 46.995867676543604, 40.011523917539826 ], [ 46.996547599471285, 40.008894284279769 ], [ 46.997769569370121, 40.007018859728191 ], [ 47.001071859136943, 40.005143867588664 ], [ 47.008794707939337, 40.002465017125758 ], [ 47.014782456694611, 40.000288521820401 ], [ 47.019461218071463, 39.998625402426633 ], [ 47.022816207009996, 39.996167117249193 ], [ 47.028620202743333, 39.99021168625972 ], [ 47.031748927985824, 39.987320786595667 ], [ 47.035517432212863, 39.985291203684127 ], [ 47.037989566955154, 39.984975046220356 ], [ 47.036344219521965, 39.982095179755923 ], [ 47.034555783372426, 39.979963179844383 ], [ 47.032449259675978, 39.979054790638124 ], [ 47.026826784945115, 39.978316999175888 ], [ 47.023361778022043, 39.97781397892556 ], [ 47.019893677334387, 39.976401907147988 ], [ 47.017304292852977, 39.975937976821598 ], [ 47.013242607703823, 39.975226878203863 ], [ 47.009117264487934, 39.973953158464745 ], [ 47.004793819356735, 39.971555553714708 ], [ 47.002912425542689, 39.970242763943816 ], [ 46.997943529642654, 39.968383276163493 ], [ 46.993974668277325, 39.96677907025019 ], [ 46.989151631315103, 39.965043951343766 ], [ 46.986890835998885, 39.964482793591749 ], [ 46.981281504851893, 39.964142513411332 ], [ 46.974783223527616, 39.964107995948503 ], [ 46.970546752422237, 39.963852872000942 ], [ 46.967301609206892, 39.963562587117686 ], [ 46.964553758653459, 39.964136429599087 ], [ 46.963620596473156, 39.964552209756164 ], [ 46.960760554182976, 39.96450973776092 ], [ 46.957234330329321, 39.965132935406864 ], [ 46.951115622756483, 39.966817796335292 ], [ 46.945683978214596, 39.967745413351835 ], [ 46.942482460974105, 39.968999017959156 ], [ 46.938870081163437, 39.96993216631855 ], [ 46.935986160577428, 39.97072577282654 ], [ 46.934188136830429, 39.970646717632619 ], [ 46.933116632764467, 39.970355534311928 ], [ 46.932956046064703, 39.968849255396798 ], [ 46.933954730531838, 39.967396355052529 ], [ 46.937412537041908, 39.965175149261519 ], [ 46.94476223925988, 39.960234280441121 ], [ 46.948502054212831, 39.957153542901487 ], [ 46.951128531119906, 39.953146063724489 ], [ 46.954360666374583, 39.950510010024352 ], [ 46.956889013207693, 39.946394973775313 ], [ 46.95869168425282, 39.943346602316751 ], [ 46.961855094608083, 39.939984292730301 ], [ 46.965425008973902, 39.937633098055812 ], [ 46.968947631312304, 39.934464486782979 ], [ 46.97018580438796, 39.933170828908622 ], [ 46.970101070764471, 39.931863291511135 ], [ 46.968894312552457, 39.930956604685669 ], [ 46.965283165424957, 39.930199780421262 ], [ 46.959957354880729, 39.929762734918768 ], [ 46.956121192795742, 39.929391214311764 ], [ 46.953440588584485, 39.928963736055863 ], [ 46.951744630869719, 39.928283275382441 ], [ 46.950452660027182, 39.928523187192702 ], [ 46.949693476770541, 39.930063104868928 ], [ 46.949403647139953, 39.930667929502448 ], [ 46.947703143426047, 39.930660157221375 ], [ 46.946279270952481, 39.931247664879756 ], [ 46.944689115010718, 39.931801584651886 ], [ 46.94355611122932, 39.931820589123745 ], [ 46.941686190950321, 39.929997538897737 ], [ 46.941024733098317, 39.927481554483251 ], [ 46.940769179848651, 39.925122392179119 ], [ 46.940191952029011, 39.921405088214449 ], [ 46.939537842448622, 39.917470901092301 ], [ 46.938493876878375, 39.91561578830234 ], [ 46.936678491580196, 39.912355487705646 ], [ 46.935078721735515, 39.90920063895517 ], [ 46.934482387063802, 39.906465354199291 ], [ 46.933647513574023, 39.904479440219795 ], [ 46.931617659211305, 39.90196802472925 ], [ 46.92954076872946, 39.899457354514929 ], [ 46.926911731113684, 39.896610395598145 ], [ 46.923386437526958, 39.893778247081009 ], [ 46.922093435209014, 39.892272533885887 ], [ 46.921517825477949, 39.889409563659711 ], [ 46.921145447283259, 39.887906756481534 ], [ 46.919819892694328, 39.886074306308487 ], [ 46.918917985533511, 39.884198467943953 ], [ 46.918627380930701, 39.882239785284121 ], [ 46.918108523128879, 39.880557584924865 ], [ 46.916972901113098, 39.878758317185749 ], [ 46.915096751164704, 39.877480325463694 ], [ 46.912997441328685, 39.87666049756362 ], [ 46.910008486279011, 39.876091636707493 ], [ 46.90661359132239, 39.875347569021606 ], [ 46.904852177841889, 39.874794743214153 ], [ 46.902941243351577, 39.873953455823361 ], [ 46.901501538870974, 39.872231743304539 ], [ 46.900834653082782, 39.871151845071509 ], [ 46.89984114162317, 39.869350072639051 ], [ 46.898429205453432, 39.867773309004704 ], [ 46.897195478842185, 39.865811819637401 ], [ 46.896771607671617, 39.86412796063231 ], [ 46.895789316012142, 39.862725939324292 ], [ 46.894339448940038, 39.861476993343274 ], [ 46.891545928239381, 39.861122623210967 ], [ 46.889390606798841, 39.860812330349894 ], [ 46.887884599832944, 39.860091454392581 ], [ 46.885716582456467, 39.858454114780628 ], [ 46.883515646861241, 39.856471836289664 ], [ 46.881522329852061, 39.855177010017719 ], [ 46.880304694775809, 39.853778670608946 ], [ 46.879122368667417, 39.851943410133771 ], [ 46.877980526722183, 39.850725623163235 ], [ 46.874852485679938, 39.850194456478732 ], [ 46.871650302677914, 39.849537136942907 ], [ 46.868545935013287, 39.849005417084534 ], [ 46.866641564574316, 39.84836340101959 ], [ 46.865728425898034, 39.847741771701834 ], [ 46.865552523973683, 39.846471953663155 ], [ 46.86541730861078, 39.843219785155767 ], [ 46.865618088134305, 39.841053052381547 ], [ 46.866163110747628, 39.83853534643989 ], [ 46.867456075940787, 39.836641921121554 ], [ 46.869442332349728, 39.834228248266776 ], [ 46.871608632247145, 39.831502563980415 ], [ 46.873525370779163, 39.829144485267726 ], [ 46.875127978940661, 39.828245911667118 ], [ 46.876097138214703, 39.827466648617019 ], [ 46.876290471332503, 39.826772653796091 ], [ 46.876404518897139, 39.82489819426079 ], [ 46.875948483108445, 39.822869329457248 ], [ 46.874329148870451, 39.819677518271511 ], [ 46.872104549676081, 39.815895487447371 ], [ 46.869794317121325, 39.812423863542882 ], [ 46.867712625331031, 39.809548476374673 ], [ 46.866634499107313, 39.807165966526874 ], [ 46.866343820455121, 39.805134394457582 ], [ 46.867443103043399, 39.799589737477831 ], [ 46.869620194652654, 39.796427569624178 ], [ 46.873545299852466, 39.793418951287741 ], [ 46.879225133613943, 39.79081812920623 ], [ 46.882566776195027, 39.788909506919033 ], [ 46.886896006838796, 39.785203010523951 ], [ 46.890246467754885, 39.781912283072479 ], [ 46.892323778891345, 39.778605870774584 ], [ 46.894329134844241, 39.772682555739934 ], [ 46.895773988656735, 39.766950171188284 ], [ 46.897623120318144, 39.763938283214792 ], [ 46.899862236070064, 39.75626567870264 ], [ 46.901890270630069, 39.752923535971107 ], [ 46.90421767937795, 39.748485591943052 ], [ 46.906146114000855, 39.744963199449685 ], [ 46.910475293845067, 39.739692270510545 ], [ 46.914275739464216, 39.736611611857676 ], [ 46.918217571893315, 39.733546673641236 ], [ 46.921328238611359, 39.730240833560771 ], [ 46.922212302995888, 39.729008073186257 ], [ 46.922436856722804, 39.727768051924052 ], [ 46.922490719264779, 39.724621861692427 ], [ 46.922546097113276, 39.721530187631124 ], [ 46.922422307490052, 39.718768736807512 ], [ 46.921527059305234, 39.716201868909543 ], [ 46.919814880895977, 39.713884860726793 ], [ 46.918519940204469, 39.712179082208543 ], [ 46.915829309246313, 39.710223619872814 ], [ 46.913346138807483, 39.708955550889677 ], [ 46.909562995198328, 39.707490650373437 ], [ 46.907002939155234, 39.706841862263843 ], [ 46.903595430844412, 39.706188737858717 ], [ 46.900227059507721, 39.705243975823777 ], [ 46.897675632432254, 39.704903916402223 ], [ 46.893131538851357, 39.703996344122707 ], [ 46.889064044017822, 39.703299009719863 ], [ 46.885126903978581, 39.702199431815892 ], [ 46.880728079996842, 39.700561768616438 ], [ 46.876278469569279, 39.698779308907795 ], [ 46.871129184714654, 39.696353437385788 ], [ 46.867759259023892, 39.694444150422882 ], [ 46.864798268325977, 39.691982761388424 ], [ 46.863036165794789, 39.689465697265852 ], [ 46.860789216198263, 39.685538247946347 ], [ 46.859548896724263, 39.682285514958636 ], [ 46.85858410675543, 39.678773819069974 ], [ 46.858555132040273, 39.675938019752174 ], [ 46.858702964563783, 39.673553918259763 ], [ 46.859882647645087, 39.670607854510088 ], [ 46.860754532278094, 39.668030335606652 ], [ 46.861856038777098, 39.666121831949845 ], [ 46.863162198648538, 39.664828194579378 ], [ 46.863741335600608, 39.663618940141525 ], [ 46.859179642499726, 39.663692076562612 ], [ 46.852093899468976, 39.662623545091108 ], [ 46.845668667793419, 39.661616806115674 ], [ 46.838815554887802, 39.660434674392398 ], [ 46.835062062920606, 39.659930439315325 ], [ 46.832230422240677, 39.659593351608819 ], [ 46.828377176189193, 39.659763181049442 ], [ 46.825622728749096, 39.660570137174837 ], [ 46.82305908295718, 39.66237400324367 ], [ 46.820549626991948, 39.663558799742894 ], [ 46.816714207753755, 39.664418853018013 ], [ 46.812096517955005, 39.665054635071087 ], [ 46.808264987630814, 39.665168916019788 ], [ 46.804706636300857, 39.664933379695114 ], [ 46.801436533911414, 39.664020553264173 ], [ 46.798545525098525, 39.662301783722846 ], [ 46.79533298082594, 39.659060680002192 ], [ 46.794478989056792, 39.657873912553114 ], [ 46.790867186860126, 39.661929573541862 ], [ 46.788299110992284, 39.665423611114143 ], [ 46.786145186015752, 39.668565775780635 ], [ 46.783521976787917, 39.672678720792256 ], [ 46.780981801801339, 39.676372161870951 ], [ 46.779288761363368, 39.679161682353559 ], [ 46.775573212335942, 39.683836622430654 ], [ 46.772360740432518, 39.6879583249099 ], [ 46.770392221268551, 39.691042821258002 ], [ 46.768828103043894, 39.694302935578229 ], [ 46.767963082373207, 39.696834221985632 ], [ 46.767459304291307, 39.698305487164866 ], [ 46.766932732297256, 39.700267991528996 ], [ 46.765208972472536, 39.70235779253813 ], [ 46.763341124206626, 39.703877046709863 ], [ 46.762790342262264, 39.704894473193214 ], [ 46.763213936631161, 39.705815284490647 ], [ 46.765124781638619, 39.706904390724503 ], [ 46.766759988741505, 39.707797666802676 ], [ 46.7678469135951, 39.708881083772894 ], [ 46.768566663937989, 39.710333710226315 ], [ 46.769955696875549, 39.711721584114954 ], [ 46.770717560464902, 39.713437181809198 ], [ 46.771267296636317, 39.71560145126503 ], [ 46.771346541416449, 39.717318367855881 ], [ 46.771274589754746, 39.718646695161659 ], [ 46.772096604113116, 39.719488664860549 ], [ 46.772349860315316, 39.720184774656047 ], [ 46.773066233934848, 39.721037440791022 ], [ 46.774391501389466, 39.72176261723272 ], [ 46.774663081306741, 39.722712978222702 ], [ 46.775234801840938, 39.723431482982342 ], [ 46.775251937713648, 39.724558455173515 ], [ 46.774832492289583, 39.725646651288784 ], [ 46.772961014008999, 39.726120694552073 ], [ 46.771388736952289, 39.726326514174986 ], [ 46.770389316314969, 39.727296276561034 ], [ 46.768809185813872, 39.72903849242298 ], [ 46.766468001577884, 39.731410433608183 ], [ 46.765451914089361, 39.733116745575572 ], [ 46.764541421852527, 39.734348732190242 ], [ 46.762780733451038, 39.735948161765137 ], [ 46.761426596845332, 39.73733231129615 ], [ 46.760612248858756, 39.739108243291788 ], [ 46.760026084428425, 39.740135280614346 ], [ 46.759648097611162, 39.741477329162819 ], [ 46.759108059369836, 39.742467299932386 ], [ 46.758899231723149, 39.743979502581631 ], [ 46.75881963635323, 39.745017035622254 ], [ 46.759000632379539, 39.746114252864622 ], [ 46.759327038721743, 39.746909276014733 ], [ 46.759497875036644, 39.747606660595601 ], [ 46.759920066291329, 39.74800024399655 ], [ 46.760898352764215, 39.748958095151188 ], [ 46.761232433765755, 39.750052984858897 ], [ 46.761517121006662, 39.751057717415321 ], [ 46.76219355550441, 39.752183768721146 ], [ 46.762996501039751, 39.753189716346874 ], [ 46.763337080038824, 39.754075417133578 ], [ 46.764357778795365, 39.755305309717123 ], [ 46.765052281219411, 39.756212894776318 ], [ 46.765523169985904, 39.757587496504634 ], [ 46.765954810418783, 39.758808153734215 ], [ 46.766093511635582, 39.760087811317518 ], [ 46.766019190580302, 39.761788876257526 ], [ 46.765406192900876, 39.763152696740406 ], [ 46.763875208325651, 39.764548653366639 ], [ 46.762126925890165, 39.766202425535432 ], [ 46.761895446814151, 39.767287716180633 ], [ 46.762557313463539, 39.768759423381603 ], [ 46.761764501570596, 39.769544160414938 ], [ 46.759774482237965, 39.770501595207691 ], [ 46.757746550694812, 39.771823192310002 ], [ 46.756208522979257, 39.772955529011725 ], [ 46.755138273590084, 39.773026266854352 ], [ 46.754116492324705, 39.774078041237239 ], [ 46.756127954613675, 39.774883944100289 ], [ 46.757766062632619, 39.775368209020407 ], [ 46.759406302697506, 39.77639785062977 ], [ 46.760892601867312, 39.777857060183202 ], [ 46.761455240728843, 39.779130284927696 ], [ 46.761099685326251, 39.779972011463101 ], [ 46.760690293739081, 39.780550928445891 ], [ 46.76121711586002, 39.781342899137883 ], [ 46.762515946453178, 39.781914059739258 ], [ 46.763355630168448, 39.78388303539176 ], [ 46.763580975697636, 39.785325003413135 ], [ 46.764371656615296, 39.78814013326464 ], [ 46.763534378798077, 39.789498260198641 ], [ 46.761236068191018, 39.791787622151077 ], [ 46.758901026169582, 39.792641194247615 ], [ 46.756230969683806, 39.791445334369357 ], [ 46.754496877105666, 39.789053493089696 ], [ 46.753110265253071, 39.786420020197738 ], [ 46.752213329947985, 39.784506377227245 ], [ 46.751273073889678, 39.781811594063996 ], [ 46.750203012248818, 39.780500522251785 ], [ 46.75011675923453, 39.778956431140685 ], [ 46.748936817618763, 39.777956082568735 ], [ 46.747136124936119, 39.777565046942485 ], [ 46.746486719709864, 39.777974808250292 ], [ 46.745546059670936, 39.77711627126358 ], [ 46.745593758360528, 39.776206498561763 ], [ 46.745228652814745, 39.774812045853629 ], [ 46.744558295762722, 39.773458543906898 ], [ 46.744684611991424, 39.771929430952213 ], [ 46.744795633289215, 39.770727807697888 ], [ 46.744348300726458, 39.769807296394674 ], [ 46.742913493817348, 39.769901582342726 ], [ 46.741561247501934, 39.770467320693569 ], [ 46.739594340004601, 39.77095135480382 ], [ 46.738368493800664, 39.771860602430429 ], [ 46.736658061823668, 39.773177076080216 ], [ 46.735728016054779, 39.774609120812421 ], [ 46.736242274699613, 39.775383214793656 ], [ 46.737802510254589, 39.776523448096825 ], [ 46.738167250549516, 39.776972512382827 ], [ 46.737665978380051, 39.777652722058356 ] ] ] } },
{ "type": "Feature", "id": 5, "properties": { "name_en": "Shushi", "Name_hy": "Շուշի", "Name_Alt": null, "Center": "Shushi", "status": "controlled", "name_ru": "Шуши" }, "geometry": { "type": "Polygon", "coordinates": [ [ [ 46.708615337014137, 39.796810736548487 ], [ 46.710374764909851, 39.796475731600367 ], [ 46.711720120476599, 39.79560137710542 ], [ 46.712797597990935, 39.795330938839172 ], [ 46.714158243561066, 39.795074488071194 ], [ 46.715321363847139, 39.794457320023334 ], [ 46.717018659046651, 39.793523156980505 ], [ 46.71931304363666, 39.792907381854953 ], [ 46.720674520719129, 39.792687204856598 ], [ 46.722389380688419, 39.792461766006738 ], [ 46.723713665941254, 39.791696672686697 ], [ 46.725550767067183, 39.790705764958268 ], [ 46.727452124561033, 39.789459336213852 ], [ 46.728256603949177, 39.788174678104944 ], [ 46.728747350380665, 39.787067410077981 ], [ 46.729370887298344, 39.78655813698547 ], [ 46.730550450684248, 39.785667855531173 ], [ 46.730190431667083, 39.784936890338159 ], [ 46.730353840192805, 39.783934492473442 ], [ 46.729686520756417, 39.783635364264484 ], [ 46.729810333082305, 39.782933545588961 ], [ 46.729665925159168, 39.781872103413953 ], [ 46.729447952425836, 39.781166289240012 ], [ 46.728851785149935, 39.780884276384185 ], [ 46.727855181589689, 39.780608224562066 ], [ 46.727413230741838, 39.779896651048468 ], [ 46.727705809180286, 39.77934686088004 ], [ 46.728479890840916, 39.778735354333634 ], [ 46.729684538638985, 39.778381050915215 ], [ 46.732352893349756, 39.777668539017853 ], [ 46.733667600368342, 39.777476181163436 ], [ 46.735812859595583, 39.777516830849528 ], [ 46.737665978380051, 39.777652722058356 ], [ 46.738167250549516, 39.776972512382827 ], [ 46.737802510254589, 39.776523448096825 ], [ 46.736242274699613, 39.775383214793656 ], [ 46.735728016054779, 39.774609120812421 ], [ 46.736658061823668, 39.773177076080216 ], [ 46.738368493800664, 39.771860602430429 ], [ 46.739594340004601, 39.77095135480382 ], [ 46.741561247501934, 39.770467320693569 ], [ 46.742913493817348, 39.769901582342726 ], [ 46.744348300726458, 39.769807296394674 ], [ 46.744795633289215, 39.770727807697888 ], [ 46.744684611991424, 39.771929430952213 ], [ 46.744558295762722, 39.773458543906898 ], [ 46.745228652814745, 39.774812045853629 ], [ 46.745593758360528, 39.776206498561763 ], [ 46.745546059670936, 39.77711627126358 ], [ 46.746486719709864, 39.777974808250292 ], [ 46.747136124936119, 39.777565046942485 ], [ 46.748936817618763, 39.777956082568735 ], [ 46.75011675923453, 39.778956431140685 ], [ 46.750203012248818, 39.780500522251785 ], [ 46.751273073889678, 39.781811594063996 ], [ 46.752213329947985, 39.784506377227245 ], [ 46.753110265253071, 39.786420020197738 ], [ 46.754496877105666, 39.789053493089696 ], [ 46.756230969683806, 39.791445334369357 ], [ 46.758901026169582, 39.792641194247615 ], [ 46.761236068191018, 39.791787622151077 ], [ 46.763534378798077, 39.789498260198641 ], [ 46.764371656615296, 39.78814013326464 ], [ 46.763580975697636, 39.785325003413135 ], [ 46.763355630168448, 39.78388303539176 ], [ 46.762515946453178, 39.781914059739258 ], [ 46.76121711586002, 39.781342899137883 ], [ 46.760690293739081, 39.780550928445891 ], [ 46.761099685326251, 39.779972011463101 ], [ 46.761455240728843, 39.779130284927696 ], [ 46.760892601867312, 39.777857060183202 ], [ 46.759406302697506, 39.77639785062977 ], [ 46.757766062632619, 39.775368209020407 ], [ 46.756127954613675, 39.774883944100289 ], [ 46.754116492324705, 39.774078041237239 ], [ 46.755138273590084, 39.773026266854352 ], [ 46.756208522979257, 39.772955529011725 ], [ 46.757746550694812, 39.771823192310002 ], [ 46.759774482237965, 39.770501595207691 ], [ 46.761764501570596, 39.769544160414938 ], [ 46.762557313463539, 39.768759423381603 ], [ 46.761895446814151, 39.767287716180633 ], [ 46.762126925890165, 39.766202425535432 ], [ 46.763875208325651, 39.764548653366639 ], [ 46.765406192900876, 39.763152696740406 ], [ 46.766019190580302, 39.761788876257526 ], [ 46.766093511635582, 39.760087811317518 ], [ 46.765954810418783, 39.758808153734215 ], [ 46.765523169985904, 39.757587496504634 ], [ 46.765052281219411, 39.756212894776318 ], [ 46.764357778795365, 39.755305309717123 ], [ 46.763337080038824, 39.754075417133578 ], [ 46.762996501039751, 39.753189716346874 ], [ 46.76219355550441, 39.752183768721146 ], [ 46.761517121006662, 39.751057717415321 ], [ 46.761232433765755, 39.750052984858897 ], [ 46.760898352764215, 39.748958095151188 ], [ 46.759920066291329, 39.74800024399655 ], [ 46.759497875036644, 39.747606660595601 ], [ 46.759327038721743, 39.746909276014733 ], [ 46.759000632379539, 39.746114252864622 ], [ 46.75881963635323, 39.745017035622254 ], [ 46.758899231723149, 39.743979502581631 ], [ 46.759108059369836, 39.742467299932386 ], [ 46.759648097611162, 39.741477329162819 ], [ 46.760026084428425, 39.740135280614346 ], [ 46.760612248858756, 39.739108243291788 ], [ 46.761426596845332, 39.73733231129615 ], [ 46.762780733451038, 39.735948161765137 ], [ 46.764541421852527, 39.734348732190242 ], [ 46.765451914089361, 39.733116745575572 ], [ 46.766468001577884, 39.731410433608183 ], [ 46.768809185813872, 39.72903849242298 ], [ 46.770389316314969, 39.727296276561034 ], [ 46.771388736952289, 39.726326514174986 ], [ 46.772961014008999, 39.726120694552073 ], [ 46.774832492289583, 39.725646651288784 ], [ 46.775251937713648, 39.724558455173515 ], [ 46.775234801840938, 39.723431482982342 ], [ 46.774663081306741, 39.722712978222702 ], [ 46.774391501389466, 39.72176261723272 ], [ 46.773066233934848, 39.721037440791022 ], [ 46.772349860315316, 39.720184774656047 ], [ 46.772096604113116, 39.719488664860549 ], [ 46.771274589754746, 39.718646695161659 ], [ 46.771346541416449, 39.717318367855881 ], [ 46.771267296636317, 39.71560145126503 ], [ 46.770717560464902, 39.713437181809198 ], [ 46.769955696875549, 39.711721584114954 ], [ 46.768566663937989, 39.710333710226315 ], [ 46.7678469135951, 39.708881083772894 ], [ 46.766759988741505, 39.707797666802676 ], [ 46.765124781638619, 39.706904390724503 ], [ 46.763213936631161, 39.705815284490647 ], [ 46.762790342262264, 39.704894473193214 ], [ 46.763341124206626, 39.703877046709863 ], [ 46.765208972472536, 39.70235779253813 ], [ 46.766932732297256, 39.700267991528996 ], [ 46.767459304291307, 39.698305487164866 ], [ 46.767963082373207, 39.696834221985632 ], [ 46.768828103043894, 39.694302935578229 ], [ 46.770392221268551, 39.691042821258002 ], [ 46.772360740432518, 39.6879583249099 ], [ 46.775573212335942, 39.683836622430654 ], [ 46.779288761363368, 39.679161682353559 ], [ 46.780981801801339, 39.676372161870951 ], [ 46.783521976787917, 39.672678720792256 ], [ 46.786145186015752, 39.668565775780635 ], [ 46.788299110992284, 39.665423611114143 ], [ 46.790867186860126, 39.661929573541862 ], [ 46.794478989056792, 39.657873912553114 ], [ 46.792993975921462, 39.655933267283004 ], [ 46.789805643372837, 39.650873491842233 ], [ 46.787587163171864, 39.646925941928188 ], [ 46.785197842777805, 39.642726432149217 ], [ 46.783804338878248, 39.639747912756008 ], [ 46.782676694305636, 39.636128943321729 ], [ 46.781863126289807, 39.632832407424452 ], [ 46.781033989155844, 39.62800885988441 ], [ 46.780269941166807, 39.624802455331604 ], [ 46.779565542555346, 39.62208602963635 ], [ 46.778345134019681, 39.619413863386768 ], [ 46.776581554717225, 39.616640903418471 ], [ 46.773839548401412, 39.614210128954284 ], [ 46.770866928459618, 39.611946437491724 ], [ 46.768200512277645, 39.610623446386981 ], [ 46.765930004131093, 39.610076180532644 ], [ 46.762234518796532, 39.609877766601201 ], [ 46.757962201415623, 39.610106142614377 ], [ 46.752710759216214, 39.610658227455531 ], [ 46.748467335032906, 39.611103997274832 ], [ 46.745803222892881, 39.611725881917124 ], [ 46.74326500192133, 39.611745824259557 ], [ 46.741682445642795, 39.611442297640664 ], [ 46.740225242278953, 39.609573254923369 ], [ 46.739422381955627, 39.607548942787048 ], [ 46.738556666414098, 39.604889208843694 ], [ 46.738744938124029, 39.603959128828762 ], [ 46.739883921651924, 39.603451170119882 ], [ 46.741454903457175, 39.603300356434026 ], [ 46.74231465116538, 39.602905649765447 ], [ 46.742797561977163, 39.602480228265023 ], [ 46.742498767422774, 39.601811991643189 ], [ 46.741665075118227, 39.601369955032339 ], [ 46.739925127037239, 39.601341486294992 ], [ 46.738254753567382, 39.601275587083222 ], [ 46.7361989394877, 39.60083361166258 ], [ 46.734143603734644, 39.60040977409917 ], [ 46.731576403628097, 39.600193529443196 ], [ 46.729507566282187, 39.600169806641155 ], [ 46.727917195007315, 39.600484381534777 ], [ 46.724503716740429, 39.601207829907899 ], [ 46.721067569260839, 39.601967877476596 ], [ 46.71957019522597, 39.602244597200816 ], [ 46.71673897763462, 39.602759198804527 ], [ 46.714571861858133, 39.603518473811448 ], [ 46.713108224432247, 39.604212790526006 ], [ 46.711902564780594, 39.604885105425176 ], [ 46.710036753231243, 39.605476220352934 ], [ 46.70810470882536, 39.60528646821907 ], [ 46.706041809593749, 39.604553155989265 ], [ 46.704325148218302, 39.603560183587931 ], [ 46.702782352315261, 39.602946451845305 ], [ 46.700520570057435, 39.602725042705472 ], [ 46.698333283191999, 39.602666135356365 ], [ 46.69597487927895, 39.602336960010049 ], [ 46.692829204498224, 39.601528306830517 ], [ 46.690622506776691, 39.600669541899194 ], [ 46.68829309312467, 39.599594337674461 ], [ 46.685855229353109, 39.597920663353989 ], [ 46.683638605751192, 39.596643728169227 ], [ 46.681639654963554, 39.595618143158717 ], [ 46.680188124769721, 39.594875514369797 ], [ 46.678604006203578, 39.594480236243477 ], [ 46.67782874359893, 39.594491436457524 ], [ 46.677047523483239, 39.595229987217898 ], [ 46.675878291037719, 39.596446856513943 ], [ 46.674987441821607, 39.597514246356546 ], [ 46.672527379465656, 39.599786047091051 ], [ 46.671262701141984, 39.600949699106955 ], [ 46.670197648661848, 39.601619560397189 ], [ 46.669469730300037, 39.601648206296375 ], [ 46.668696936393424, 39.600786587088308 ], [ 46.667752285720113, 39.599618340362319 ], [ 46.667480329405457, 39.599058610463587 ], [ 46.667336266012505, 39.597951591680719 ], [ 46.667068597589626, 39.595609987001076 ], [ 46.666679533459856, 39.592124671167198 ], [ 46.666112166389297, 39.589041908384949 ], [ 46.665557476819181, 39.586486231079959 ], [ 46.665305156629351, 39.584780760113318 ], [ 46.664790554932388, 39.582915410732795 ], [ 46.663617871470414, 39.581041302118578 ], [ 46.661649705280894, 39.579305833787181 ], [ 46.660514972590988, 39.578031149076921 ], [ 46.659054063738289, 39.576870202042834 ], [ 46.657883273018641, 39.576050551223382 ], [ 46.656995214245114, 39.575263219881656 ], [ 46.656253130655415, 39.574191982098505 ], [ 46.65245059514347, 39.576318858486111 ], [ 46.64660585343222, 39.579529120594934 ], [ 46.639992625832683, 39.582059031358007 ], [ 46.634252736535799, 39.583776283923207 ], [ 46.62979820193231, 39.584202499035072 ], [ 46.622553116122347, 39.583867549555436 ], [ 46.619733481310654, 39.583870532230556 ], [ 46.617533035996608, 39.584228464428655 ], [ 46.612373008358915, 39.586663839418769 ], [ 46.607078383845881, 39.589391758597955 ], [ 46.60410998645871, 39.591105518020747 ], [ 46.602399180924252, 39.592329133009784 ], [ 46.601021407734372, 39.593729952329113 ], [ 46.600349234402856, 39.595157400629255 ], [ 46.600623506775698, 39.596862717706685 ], [ 46.601502804440599, 39.598305147836371 ], [ 46.603491439945699, 39.600968628956792 ], [ 46.605507072021219, 39.60275897235077 ], [ 46.608608719622019, 39.604752427103691 ], [ 46.610425662050588, 39.606072706405598 ], [ 46.61120117867047, 39.607080134007838 ], [ 46.610832141638703, 39.609412525067626 ], [ 46.609901622425774, 39.611861788692089 ], [ 46.608345726962099, 39.613701524178282 ], [ 46.607166603095081, 39.61557238965527 ], [ 46.606874585081549, 39.617176428465022 ], [ 46.606517970172035, 39.620054085255603 ], [ 46.60663812169124, 39.623216054191602 ], [ 46.60696894158869, 39.625320563786509 ], [ 46.607009314777955, 39.627065455379125 ], [ 46.606484724454319, 39.628781799022093 ], [ 46.605930718953566, 39.630244002059264 ], [ 46.605097557047081, 39.631837333016456 ], [ 46.603269931214271, 39.634153479176206 ], [ 46.600778096395025, 39.636224209134923 ], [ 46.599217724406145, 39.63688206789903 ], [ 46.597740061481957, 39.637047860524447 ], [ 46.594767176818429, 39.636615996564529 ], [ 46.592368267748114, 39.635576189264206 ], [ 46.589126286757555, 39.633656963541583 ], [ 46.586303032955847, 39.63153192733342 ], [ 46.584155111759273, 39.630143064930579 ], [ 46.582119103954966, 39.629534455111077 ], [ 46.576506163339999, 39.629828963004691 ], [ 46.573243363160664, 39.630073206695954 ], [ 46.571689082566245, 39.629966977838336 ], [ 46.570644127693221, 39.629508386698205 ], [ 46.569249475059429, 39.629181784290765 ], [ 46.568118733358475, 39.629087965849017 ], [ 46.566896842017506, 39.62912263894593 ], [ 46.565616576481553, 39.630739905364635 ], [ 46.56503162806348, 39.631911426171946 ], [ 46.564511038912535, 39.632809349610298 ], [ 46.56393055879375, 39.634180804548066 ], [ 46.563782616900049, 39.63596461489665 ], [ 46.563551861957983, 39.637204085188358 ], [ 46.563148170193877, 39.639118609578652 ], [ 46.562351936044728, 39.640311141515539 ], [ 46.561389469191163, 39.641433175815003 ], [ 46.560472357933882, 39.642481865476896 ], [ 46.560603587708862, 39.644134645857783 ], [ 46.560864645811172, 39.646331134445774 ], [ 46.561317297416252, 39.647634138317109 ], [ 46.563061752821994, 39.64990157565741 ], [ 46.565022865998458, 39.652384246726911 ], [ 46.566731618127193, 39.655143014289244 ], [ 46.568301564986598, 39.656958178585874 ], [ 46.569616210847798, 39.658922225781751 ], [ 46.570207333546229, 39.660096046825736 ], [ 46.570441200400197, 39.661074697753676 ], [ 46.570338842062647, 39.661748806129189 ], [ 46.568317031906879, 39.663885211758 ], [ 46.566357443110753, 39.665657108361955 ], [ 46.562826736889285, 39.668704668107644 ], [ 46.561215169464546, 39.670271794475852 ], [ 46.560319981668478, 39.671265640529874 ], [ 46.559876973715028, 39.672489768052216 ], [ 46.559520049155395, 39.67440364260429 ], [ 46.55904876703574, 39.676464504864668 ], [ 46.558844790963775, 39.678903591810752 ], [ 46.558868272854234, 39.68099417160397 ], [ 46.558838986945702, 39.682830915559038 ], [ 46.558664056398648, 39.684469615854766 ], [ 46.558268809730137, 39.685729457494652 ], [ 46.557848798140554, 39.686935084896305 ], [ 46.557897656470644, 39.688061693192019 ], [ 46.558091761334055, 39.689368168751862 ], [ 46.558907792968256, 39.691120835854747 ], [ 46.560279522509994, 39.692466032892085 ], [ 46.562650131173299, 39.694270495068594 ], [ 46.564665882850768, 39.695988782582724 ], [ 46.565531802110492, 39.696813463952715 ], [ 46.566818387235692, 39.697505190424963 ], [ 46.568517823671414, 39.69771860265908 ], [ 46.570871138631553, 39.69770496431358 ], [ 46.572802992584748, 39.697787897121515 ], [ 46.574029805046578, 39.69791672257093 ], [ 46.575101423156219, 39.698465817978345 ], [ 46.576868236555136, 39.699569092323273 ], [ 46.579381525266633, 39.701407631431415 ], [ 46.58089088996924, 39.702568890259741 ], [ 46.580983055191538, 39.703513077946731 ], [ 46.580893196957518, 39.704732468256324 ], [ 46.581429561322636, 39.705543333949485 ], [ 46.582583165399797, 39.706582144234808 ], [ 46.585311567562442, 39.708544888371492 ], [ 46.587018616373477, 39.710103359029752 ], [ 46.58859663422492, 39.712190834723465 ], [ 46.589538484406397, 39.714250637879537 ], [ 46.589722341573164, 39.715593554329828 ], [ 46.58958681034278, 39.716868118294208 ], [ 46.588635328835281, 39.717981127536859 ], [ 46.587564774173302, 39.71852303920776 ], [ 46.586386029287624, 39.717943899109073 ], [ 46.585275660275691, 39.717772518918281 ], [ 46.58216880880024, 39.718840587993085 ], [ 46.579881221728307, 39.719700585466946 ], [ 46.578197789610549, 39.72021438835035 ], [ 46.577082527206542, 39.720865900959978 ], [ 46.577074795245402, 39.722593252829412 ], [ 46.578037509013377, 39.724543774499018 ], [ 46.578206506933988, 39.725759639506521 ], [ 46.577926615051304, 39.72690888133075 ], [ 46.577070245471802, 39.728593220937697 ], [ 46.576813104688867, 39.730742134266386 ], [ 46.575989133605411, 39.732183034495065 ], [ 46.575803937686203, 39.733992149927701 ], [ 46.575060591461835, 39.735474942448278 ], [ 46.573257396212448, 39.736953920113137 ], [ 46.572459029410425, 39.738091993019076 ], [ 46.572038978914144, 39.739297662662928 ], [ 46.572143069174693, 39.740768954215596 ], [ 46.571226525925546, 39.742129805092688 ], [ 46.569447859863239, 39.74366293591148 ], [ 46.567935998886171, 39.74450153851982 ], [ 46.567013967797109, 39.745386703421836 ], [ 46.566333544029085, 39.746541322760869 ], [ 46.566384261140946, 39.747740616501943 ], [ 46.567791539918453, 39.749799789809948 ], [ 46.568712664479783, 39.751987300655941 ], [ 46.569838330732367, 39.754881113327691 ], [ 46.570820733144359, 39.757685945248113 ], [ 46.571439976034888, 39.759978162598884 ], [ 46.571594554840146, 39.761194173175149 ], [ 46.571338805934651, 39.762379430040134 ], [ 46.571434667023844, 39.76348719945922 ], [ 46.572489123215824, 39.764272898138231 ], [ 46.572746147763759, 39.765214849095422 ], [ 46.572662717878536, 39.766725038023047 ], [ 46.572168960127058, 39.767804432654721 ], [ 46.571773534580124, 39.769064307350973 ], [ 46.571969419027084, 39.770425259910297 ], [ 46.572812446488769, 39.772268339797336 ], [ 46.573353030886032, 39.774279146692692 ], [ 46.573358036873671, 39.775533595202212 ], [ 46.573119620831982, 39.776445897499777 ], [ 46.571794740094361, 39.778281991438902 ], [ 46.570254884110817, 39.779993709937379 ], [ 46.568902587767568, 39.781666509229822 ], [ 46.568061709018032, 39.782799327355839 ], [ 46.567330748256111, 39.784137827032232 ], [ 46.566319001089305, 39.785885692391254 ], [ 46.565850052339094, 39.787343972744161 ], [ 46.565542469551943, 39.78832991751996 ], [ 46.565566370354787, 39.789384114405173 ], [ 46.565751075292646, 39.790254327471018 ], [ 46.566858783348756, 39.791293892279306 ], [ 46.568435272634588, 39.792218021676952 ], [ 46.569913424875331, 39.792961646434932 ], [ 46.570442525862539, 39.793427200798476 ], [ 46.570506600766919, 39.794171768670424 ], [ 46.569390505544035, 39.794841399945362 ], [ 46.568393438988103, 39.795563955538384 ], [ 46.567675800840803, 39.796137276432752 ], [ 46.56738970869435, 39.797032027697284 ], [ 46.568018001736412, 39.798750764922943 ], [ 46.568538441096479, 39.799870972408605 ], [ 46.568076648849733, 39.801022242494994 ], [ 46.567235160971705, 39.802292305002119 ], [ 46.566334754992042, 39.803523975413171 ], [ 46.565054677801839, 39.805286658394387 ], [ 46.563559096950563, 39.807224210006623 ], [ 46.562489750600577, 39.808929480096829 ], [ 46.562350708565027, 39.810076775506133 ], [ 46.562684664442088, 39.811290425182619 ], [ 46.563868031454774, 39.812206414960656 ], [ 46.564231236511766, 39.812628778658812 ], [ 46.566800170910199, 39.812594110463884 ], [ 46.568418937509342, 39.812244972388086 ], [ 46.572446125190723, 39.811026851513027 ], [ 46.576874638549739, 39.809839499459784 ], [ 46.579185879438107, 39.809880785115595 ], [ 46.581208659367896, 39.810707751945714 ], [ 46.58451165214354, 39.811844466741015 ], [ 46.58768561780537, 39.812491958420622 ], [ 46.589941434126267, 39.812170162368353 ], [ 46.593403436377478, 39.810995423186469 ], [ 46.597877010493576, 39.809733927082604 ], [ 46.602873443767976, 39.807646879529159 ], [ 46.606663506624052, 39.805394519086768 ], [ 46.608067953554126, 39.803956921930968 ], [ 46.609770024263646, 39.801133402585911 ], [ 46.61137535908918, 39.799220264809875 ], [ 46.612970633596255, 39.797889045192001 ], [ 46.616529745142749, 39.795875931195297 ], [ 46.621638642497643, 39.79262291190841 ], [ 46.625032272893193, 39.791611820969088 ], [ 46.627556656114699, 39.791721885459992 ], [ 46.631333609543141, 39.791977920593737 ], [ 46.634451220518827, 39.791261335703993 ], [ 46.637051093891387, 39.790579245710745 ], [ 46.638963971341816, 39.79074314192777 ], [ 46.641467912839246, 39.790489567564563 ], [ 46.64435018040232, 39.789794228091893 ], [ 46.647502814227046, 39.78956769040132 ], [ 46.652687611137488, 39.789566674036898 ], [ 46.656092376115744, 39.789045411618766 ], [ 46.660434634294667, 39.788310642825557 ], [ 46.662226852750642, 39.788357704218434 ], [ 46.665798696745398, 39.788906454780239 ], [ 46.669386023776987, 39.789118519949803 ], [ 46.671245862112038, 39.789037200379738 ], [ 46.673011019148078, 39.788939035167978 ], [ 46.67435068879302, 39.789274242362531 ], [ 46.675776135951203, 39.789744553920812 ], [ 46.676474353889269, 39.790352626926229 ], [ 46.677054345143297, 39.790944223462766 ], [ 46.677188477982639, 39.791614988069 ], [ 46.677221150230196, 39.792959922729302 ], [ 46.677484131727596, 39.794083353183844 ], [ 46.678229972953702, 39.794708907377952 ], [ 46.67939240900359, 39.795019347054364 ], [ 46.680552642923864, 39.795238901085526 ], [ 46.68177781082052, 39.795221147093429 ], [ 46.683571541539926, 39.795322398763759 ], [ 46.68498519622451, 39.795301875429757 ], [ 46.687178579067144, 39.795360903697194 ], [ 46.689022108271566, 39.795570433604325 ], [ 46.691660040496075, 39.795495636023581 ], [ 46.693817383594791, 39.795045992235771 ], [ 46.695239857806754, 39.794425237595163 ], [ 46.696311581687922, 39.79391868148776 ], [ 46.699057845102345, 39.793460328168884 ], [ 46.700669164376421, 39.792854922586578 ], [ 46.701579040361999, 39.792477958429103 ], [ 46.702808628551153, 39.792641729000358 ], [ 46.703904937184369, 39.793134704339217 ], [ 46.704895579160819, 39.794120112389088 ], [ 46.705705399075335, 39.795417249360675 ], [ 46.707075323461588, 39.796487966464056 ], [ 46.708615337014137, 39.796810736548487 ] ] ] } },
{ "type": "Feature", "id": 6, "properties": { "name_en": "Martuni", "Name_hy": "Մարտունի", "Name_Alt": null, "Center": "Martuni", "status": "controlled", "name_ru": "Мартуни" }, "geometry": { "type": "Polygon", "coordinates": [ [ [ 47.166945357373983, 39.855084877394511 ], [ 47.204073545662197, 39.833717139259051 ], [ 47.230151977729911, 39.818279711189888 ], [ 47.244784655300101, 39.801342620217525 ], [ 47.254636476555184, 39.789960009588981 ], [ 47.26693988009454, 39.776144019269864 ], [ 47.270528804200076, 39.769916592871297 ], [ 47.274647323663977, 39.755956884339945 ], [ 47.285752860595721, 39.735324735637938 ], [ 47.283489597730018, 39.735242038509838 ], [ 47.270637854387857, 39.728222191042605 ], [ 47.258365206181153, 39.721553223412663 ], [ 47.248358233259303, 39.716438915940401 ], [ 47.246821893042764, 39.715523299152686 ], [ 47.248288591633937, 39.714294996129574 ], [ 47.249966670907575, 39.710880946474823 ], [ 47.251573910808048, 39.706741036247337 ], [ 47.252377463687303, 39.701053199991875 ], [ 47.252498025994576, 39.697523885891229 ], [ 47.252359656136669, 39.69254517155678 ], [ 47.252363232219558, 39.689036303804137 ], [ 47.252164093963849, 39.682186188753569 ], [ 47.252207129807957, 39.674822317888584 ], [ 47.252370201981478, 39.668256046110272 ], [ 47.252707675318661, 39.664886129798667 ], [ 47.252901128038786, 39.661428104360304 ], [ 47.253428271976425, 39.657381827733985 ], [ 47.25407842510171, 39.654951213769493 ], [ 47.255315429560028, 39.65176380020597 ], [ 47.257504713822485, 39.648212431952025 ], [ 47.259320283927011, 39.645468233668844 ], [ 47.260686500968383, 39.64373268027596 ], [ 47.257762597441356, 39.64204425775381 ], [ 47.253557827341396, 39.63856258509734 ], [ 47.251430923209952, 39.636785804074073 ], [ 47.246162347963164, 39.633833531282569 ], [ 47.244140339959465, 39.632381831605365 ], [ 47.240859028169133, 39.629790854997111 ], [ 47.238812580406091, 39.628303170183372 ], [ 47.236696903099869, 39.626853142760851 ], [ 47.232991926255657, 39.624960956711369 ], [ 47.230209707691941, 39.62397813769428 ], [ 47.225566238236901, 39.622867315033716 ], [ 47.222488077584494, 39.622180869454446 ], [ 47.217894728593905, 39.621159680692415 ], [ 47.214600628899113, 39.620331703901563 ], [ 47.209651629923378, 39.619207885002069 ], [ 47.205530822111498, 39.618249932219499 ], [ 47.200850314232682, 39.617429705469888 ], [ 47.198527265651265, 39.616819208253716 ], [ 47.195671329483559, 39.61570968348596 ], [ 47.192367386318011, 39.613808598002947 ], [ 47.187937771299616, 39.611237765249655 ], [ 47.184759195114722, 39.608825037079079 ], [ 47.182244168524385, 39.607326967134426 ], [ 47.178580532327089, 39.605923117195232 ], [ 47.175687471798398, 39.605104679616808 ], [ 47.172032188299347, 39.60546399329543 ], [ 47.169798963005164, 39.605451197680409 ], [ 47.166381353814728, 39.605896796411251 ], [ 47.163708863955591, 39.606873836509287 ], [ 47.158637514606617, 39.610077118272294 ], [ 47.155818349130556, 39.61163848818331 ], [ 47.151744941903573, 39.612932145196169 ], [ 47.148137866806039, 39.614107950405163 ], [ 47.144069708316088, 39.614819458708908 ], [ 47.141588939978654, 39.615174307819686 ], [ 47.138618694088564, 39.615665384772868 ], [ 47.136714010502928, 39.616409496132647 ], [ 47.134547456309136, 39.617812897912955 ], [ 47.132774090589542, 39.619009050496743 ], [ 47.13033769171674, 39.620817307129585 ], [ 47.12794693270142, 39.623351907493557 ], [ 47.125460899425541, 39.625851841516074 ], [ 47.124069805542355, 39.627259034011296 ], [ 47.120946441003674, 39.628916032877015 ], [ 47.118582867496201, 39.630050026843463 ], [ 47.114707260516127, 39.631720581737412 ], [ 47.110771459994609, 39.63373753725125 ], [ 47.107356309317751, 39.635872177764384 ], [ 47.104732652319782, 39.636974250637884 ], [ 47.10109023199832, 39.638603766057301 ], [ 47.097362303565397, 39.639743831451774 ], [ 47.09465905103955, 39.640556223434125 ], [ 47.091424428433704, 39.640905424611596 ], [ 47.087972774936446, 39.641076630785378 ], [ 47.083153008745249, 39.64110866064577 ], [ 47.079889339672626, 39.641276253678349 ], [ 47.076572663602171, 39.641244713889186 ], [ 47.073716279190684, 39.640877604361584 ], [ 47.072450905634142, 39.641027462634334 ], [ 47.069914521362598, 39.641927206195355 ], [ 47.068900406196271, 39.642617971729834 ], [ 47.067611484473822, 39.642768197100764 ], [ 47.064477893893127, 39.642569423901364 ], [ 47.061596922334523, 39.642166091337806 ], [ 47.058461752330764, 39.641912640655534 ], [ 47.05594469565925, 39.641884513279443 ], [ 47.053837958236329, 39.642212691559905 ], [ 47.05125050413114, 39.642985666323661 ], [ 47.049437565677117, 39.643708553720487 ], [ 47.047567928216303, 39.644105156994911 ], [ 47.045348909464295, 39.64461697071814 ], [ 47.042934861371918, 39.644895822319342 ], [ 47.041224341397353, 39.645107715106832 ], [ 47.039578450537597, 39.645118457610764 ], [ 47.03770927297635, 39.644733115779161 ], [ 47.035516429263247, 39.643735267318178 ], [ 47.034654276929125, 39.643204950973789 ], [ 47.033144662309972, 39.643049585474628 ], [ 47.031758959884321, 39.643110203121424 ], [ 47.030663394373299, 39.642638483641285 ], [ 47.028635242443123, 39.641637623043096 ], [ 47.026523902961216, 39.640201835732299 ], [ 47.024743105625603, 39.639614750095433 ], [ 47.022317159607162, 39.638675255832545 ], [ 47.019087950325144, 39.63760423283837 ], [ 47.017136951231805, 39.63681999792977 ], [ 47.014101721410235, 39.635945455357117 ], [ 47.01089626011445, 39.634873789915659 ], [ 47.009094325192521, 39.634359551415862 ], [ 47.007018800373181, 39.634140909699056 ], [ 47.004312934893917, 39.63407856063418 ], [ 47.001188751768495, 39.634186987471494 ], [ 46.998488115221619, 39.634306222533439 ], [ 46.994098966565652, 39.634581670710595 ], [ 46.990060227723355, 39.634778224149407 ], [ 46.984108281006762, 39.635498231540986 ], [ 46.980127855325051, 39.636093426431898 ], [ 46.976739074779026, 39.636823863323244 ], [ 46.972975196039364, 39.637596937740803 ], [ 46.970900923799618, 39.638250319416215 ], [ 46.969032992396308, 39.638718354825798 ], [ 46.968099334495228, 39.638134208163073 ], [ 46.966904429306446, 39.639118051173014 ], [ 46.966023625624274, 39.639569313314539 ], [ 46.963441235564169, 39.639722094460502 ], [ 46.958359152495348, 39.639626106059538 ], [ 46.954333750911871, 39.639475752912439 ], [ 46.951141238649178, 39.638838559257138 ], [ 46.947956431261574, 39.638473864572887 ], [ 46.94412431908988, 39.637665393574927 ], [ 46.941144523381389, 39.637060723929032 ], [ 46.937321181743393, 39.636560959464887 ], [ 46.932670712099998, 39.635911207528189 ], [ 46.926507533056046, 39.634977294970987 ], [ 46.921369723375527, 39.634553346388479 ], [ 46.916752046747355, 39.634229672614893 ], [ 46.913577361989397, 39.634218396912537 ], [ 46.911113524935814, 39.634404421386805 ], [ 46.909917102920566, 39.634933178859825 ], [ 46.908612636823527, 39.635809142641719 ], [ 46.907664428963145, 39.637242856720924 ], [ 46.906437595756202, 39.639235664011821 ], [ 46.905258233978849, 39.640818602696953 ], [ 46.90380222946979, 39.64260605844278 ], [ 46.901552396776012, 39.644606491648624 ], [ 46.900238876428276, 39.645591597513736 ], [ 46.898937388676877, 39.646158324661016 ], [ 46.896840256638669, 39.646010790142036 ], [ 46.893649393572389, 39.645426529819886 ], [ 46.892022931546975, 39.64528941239076 ], [ 46.89009979029283, 39.645484363373072 ], [ 46.887148734010495, 39.64593234873648 ], [ 46.883986067222885, 39.64638369287308 ], [ 46.882000230180964, 39.646870426611223 ], [ 46.880180398016094, 39.647408982281561 ], [ 46.877969747811683, 39.648281093017097 ], [ 46.877005496928057, 39.649151201537514 ], [ 46.876598558416468, 39.649757759250505 ], [ 46.876252882536221, 39.650890580851581 ], [ 46.875942007284202, 39.652441006919751 ], [ 46.875743266723426, 39.653789627148683 ], [ 46.875236913984182, 39.655070490521403 ], [ 46.874445953360365, 39.656265040586035 ], [ 46.873259685342624, 39.657629594532253 ], [ 46.871848548378388, 39.659379567104814 ], [ 46.8700082292386, 39.660918261454732 ], [ 46.867949355775387, 39.662205906495679 ], [ 46.864570702131033, 39.663405630644441 ], [ 46.863741335600608, 39.663618940141525 ], [ 46.863162198648538, 39.664828194579378 ], [ 46.861856038777098, 39.666121831949845 ], [ 46.860754532278094, 39.668030335606652 ], [ 46.859882647645087, 39.670607854510088 ], [ 46.858702964563783, 39.673553918259763 ], [ 46.858555132040273, 39.675938019752174 ], [ 46.85858410675543, 39.678773819069974 ], [ 46.859548896724263, 39.682285514958636 ], [ 46.860789216198263, 39.685538247946347 ], [ 46.863036165794789, 39.689465697265852 ], [ 46.864798268325977, 39.691982761388424 ], [ 46.867759259023892, 39.694444150422882 ], [ 46.871129184714654, 39.696353437385788 ], [ 46.876278469569279, 39.698779308907795 ], [ 46.880728079996842, 39.700561768616438 ], [ 46.885126903978581, 39.702199431815892 ], [ 46.889064044017822, 39.703299009719863 ], [ 46.893131538851357, 39.703996344122707 ], [ 46.897675632432254, 39.704903916402223 ], [ 46.900227059507721, 39.705243975823777 ], [ 46.903595430844412, 39.706188737858717 ], [ 46.907002939155234, 39.706841862263843 ], [ 46.909562995198328, 39.707490650373437 ], [ 46.913346138807483, 39.708955550889677 ], [ 46.915829309246313, 39.710223619872814 ], [ 46.918519940204469, 39.712179082208543 ], [ 46.919814880895977, 39.713884860726793 ], [ 46.921527059305234, 39.716201868909543 ], [ 46.922422307490052, 39.718768736807512 ], [ 46.922546097113276, 39.721530187631124 ], [ 46.922490719264779, 39.724621861692427 ], [ 46.922436856722804, 39.727768051924052 ], [ 46.922212302995888, 39.729008073186257 ], [ 46.921328238611359, 39.730240833560771 ], [ 46.918217571893315, 39.733546673641236 ], [ 46.914275739464216, 39.736611611857676 ], [ 46.910475293845067, 39.739692270510545 ], [ 46.906146114000855, 39.744963199449685 ], [ 46.90421767937795, 39.748485591943052 ], [ 46.901890270630069, 39.752923535971107 ], [ 46.899862236070064, 39.75626567870264 ], [ 46.897623120318144, 39.763938283214792 ], [ 46.895773988656735, 39.766950171188284 ], [ 46.894329134844241, 39.772682555739934 ], [ 46.892323778891345, 39.778605870774584 ], [ 46.890246467754885, 39.781912283072479 ], [ 46.886896006838796, 39.785203010523951 ], [ 46.882566776195027, 39.788909506919033 ], [ 46.879225133613943, 39.79081812920623 ], [ 46.873545299852466, 39.793418951287741 ], [ 46.869620194652654, 39.796427569624178 ], [ 46.867443103043399, 39.799589737477831 ], [ 46.866343820455121, 39.805134394457582 ], [ 46.866634499107313, 39.807165966526874 ], [ 46.867712625331031, 39.809548476374673 ], [ 46.869794317121325, 39.812423863542882 ], [ 46.872104549676081, 39.815895487447371 ], [ 46.874329148870451, 39.819677518271511 ], [ 46.875948483108445, 39.822869329457248 ], [ 46.876404518897139, 39.82489819426079 ], [ 46.876290471332503, 39.826772653796091 ], [ 46.876097138214703, 39.827466648617019 ], [ 46.875127978940661, 39.828245911667118 ], [ 46.873525370779163, 39.829144485267726 ], [ 46.871608632247145, 39.831502563980415 ], [ 46.869442332349728, 39.834228248266776 ], [ 46.867456075940787, 39.836641921121554 ], [ 46.866163110747628, 39.83853534643989 ], [ 46.865618088134305, 39.841053052381547 ], [ 46.86541730861078, 39.843219785155767 ], [ 46.865552523973683, 39.846471953663155 ], [ 46.865728425898034, 39.847741771701834 ], [ 46.866641564574316, 39.84836340101959 ], [ 46.868545935013287, 39.849005417084534 ], [ 46.871650302677914, 39.849537136942907 ], [ 46.874852485679938, 39.850194456478732 ], [ 46.877980526722183, 39.850725623163235 ], [ 46.879122368667417, 39.851943410133771 ], [ 46.880304694775809, 39.853778670608946 ], [ 46.881522329852061, 39.855177010017719 ], [ 46.883515646861241, 39.856471836289664 ], [ 46.885716582456467, 39.858454114780628 ], [ 46.887884599832944, 39.860091454392581 ], [ 46.889390606798841, 39.860812330349894 ], [ 46.891545928239381, 39.861122623210967 ], [ 46.894339448940038, 39.861476993343274 ], [ 46.895789316012142, 39.862725939324292 ], [ 46.896771607671617, 39.86412796063231 ], [ 46.897195478842185, 39.865811819637401 ], [ 46.898429205453432, 39.867773309004704 ], [ 46.89984114162317, 39.869350072639051 ], [ 46.900834653082782, 39.871151845071509 ], [ 46.901501538870974, 39.872231743304539 ], [ 46.902941243351577, 39.873953455823361 ], [ 46.904852177841889, 39.874794743214153 ], [ 46.90661359132239, 39.875347569021606 ], [ 46.910008486279011, 39.876091636707493 ], [ 46.912997441328685, 39.87666049756362 ], [ 46.915096751164704, 39.877480325463694 ], [ 46.916972901113098, 39.878758317185749 ], [ 46.918108523128879, 39.880557584924865 ], [ 46.918627380930701, 39.882239785284121 ], [ 46.918917985533511, 39.884198467943953 ], [ 46.919819892694328, 39.886074306308487 ], [ 46.921145447283259, 39.887906756481534 ], [ 46.921517825477949, 39.889409563659711 ], [ 46.922093435209014, 39.892272533885887 ], [ 46.923386437526958, 39.893778247081009 ], [ 46.926911731113684, 39.896610395598145 ], [ 46.92954076872946, 39.899457354514929 ], [ 46.931617659211305, 39.90196802472925 ], [ 46.933647513574023, 39.904479440219795 ], [ 46.934482387063802, 39.906465354199291 ], [ 46.935078721735515, 39.90920063895517 ], [ 46.936678491580196, 39.912355487705646 ], [ 46.938493876878375, 39.91561578830234 ], [ 46.939537842448622, 39.917470901092301 ], [ 46.940191952029011, 39.921405088214449 ], [ 46.940769179848651, 39.925122392179119 ], [ 46.941024733098317, 39.927481554483251 ], [ 46.941686190950321, 39.929997538897737 ], [ 46.94355611122932, 39.931820589123745 ], [ 46.944689115010718, 39.931801584651886 ], [ 46.946279270952481, 39.931247664879756 ], [ 46.947703143426047, 39.930660157221375 ], [ 46.949403647139953, 39.930667929502448 ], [ 46.949693476770541, 39.930063104868928 ], [ 46.950452660027182, 39.928523187192702 ], [ 46.951744630869719, 39.928283275382441 ], [ 46.953440588584485, 39.928963736055863 ], [ 46.956121192795742, 39.929391214311764 ], [ 46.959957354880729, 39.929762734918768 ], [ 46.965283165424957, 39.930199780421262 ], [ 46.968894312552457, 39.930956604685669 ], [ 46.970101070764471, 39.931863291511135 ], [ 46.97018580438796, 39.933170828908622 ], [ 46.968947631312304, 39.934464486782979 ], [ 46.965425008973902, 39.937633098055812 ], [ 46.961855094608083, 39.939984292730301 ], [ 46.95869168425282, 39.943346602316751 ], [ 46.956889013207693, 39.946394973775313 ], [ 46.954360666374583, 39.950510010024352 ], [ 46.951128531119906, 39.953146063724489 ], [ 46.948502054212831, 39.957153542901487 ], [ 46.94476223925988, 39.960234280441121 ], [ 46.937412537041908, 39.965175149261519 ], [ 46.933954730531838, 39.967396355052529 ], [ 46.932956046064703, 39.968849255396798 ], [ 46.933116632764467, 39.970355534311928 ], [ 46.934188136830429, 39.970646717632619 ], [ 46.935986160577428, 39.97072577282654 ], [ 46.938870081163437, 39.96993216631855 ], [ 46.942482460974105, 39.968999017959156 ], [ 46.945683978214596, 39.967745413351835 ], [ 46.951115622756483, 39.966817796335292 ], [ 46.957234330329321, 39.965132935406864 ], [ 46.960760554182976, 39.96450973776092 ], [ 46.963620596473156, 39.964552209756164 ], [ 46.964553758653459, 39.964136429599087 ], [ 46.967301609206892, 39.963562587117686 ], [ 46.970546752422237, 39.963852872000942 ], [ 46.974783223527616, 39.964107995948503 ], [ 46.981281504851893, 39.964142513411332 ], [ 46.986890835998885, 39.964482793591749 ], [ 46.989151631315103, 39.965043951343766 ], [ 46.993974668277325, 39.96677907025019 ], [ 46.997943529642654, 39.968383276163493 ], [ 47.002912425542689, 39.970242763943816 ], [ 47.004793819356735, 39.971555553714708 ], [ 47.009117264487934, 39.973953158464745 ], [ 47.013242607703823, 39.975226878203863 ], [ 47.017304292852977, 39.975937976821598 ], [ 47.019893677334387, 39.976401907147988 ], [ 47.023361778022043, 39.97781397892556 ], [ 47.026826784945115, 39.978316999175888 ], [ 47.032449259675978, 39.979054790638124 ], [ 47.034555783372426, 39.979963179844383 ], [ 47.036344219521965, 39.982095179755923 ], [ 47.037989566955154, 39.984975046220356 ], [ 47.047340007899244, 39.983901199067404 ], [ 47.052133054479974, 39.982961947331361 ], [ 47.056599283278999, 39.981373821662302 ], [ 47.058703936915158, 39.979845689669702 ], [ 47.060800305917134, 39.978044967996986 ], [ 47.062389784629978, 39.975107895729352 ], [ 47.06339801415978, 39.972490212819643 ], [ 47.064364715686615, 39.967709845342284 ], [ 47.065266283431157, 39.964694085511802 ], [ 47.066418762169697, 39.961382964106285 ], [ 47.067936532880758, 39.958438001785112 ], [ 47.069913738938631, 39.955848413263048 ], [ 47.072980426574695, 39.952575737467455 ], [ 47.076101735054053, 39.949556522378167 ], [ 47.078984274538442, 39.947241437169716 ], [ 47.082665666438594, 39.944793757275782 ], [ 47.085718268795723, 39.94264815952819 ], [ 47.088085179538908, 39.941260218140293 ], [ 47.089225091725176, 39.939912534912231 ], [ 47.090000212156049, 39.937444260267291 ], [ 47.090256387562704, 39.934221780675273 ], [ 47.091229819736292, 39.930513679133917 ], [ 47.09290764342208, 39.925902029705846 ], [ 47.094364992632791, 39.922585120536311 ], [ 47.096607187296556, 39.919072197856003 ], [ 47.099223361794422, 39.916216030326915 ], [ 47.101895809997181, 39.913276973559228 ], [ 47.103765579096567, 39.911115988353394 ], [ 47.105106479460922, 39.909419080212118 ], [ 47.106566048970208, 39.906974618369354 ], [ 47.107723828411167, 39.904699246377099 ], [ 47.108733296623214, 39.902208400167204 ], [ 47.110477525849248, 39.899049687770216 ], [ 47.112138960413773, 39.896274238711221 ], [ 47.115039967343272, 39.892367172342951 ], [ 47.118524726250122, 39.88826756653792 ], [ 47.122737458238191, 39.883300065989566 ], [ 47.126389763182402, 39.880069800945023 ], [ 47.132284146957097, 39.874580238027036 ], [ 47.137348014914068, 39.870487377602878 ], [ 47.142557278463535, 39.866537051936824 ], [ 47.147470425827954, 39.863700963924551 ], [ 47.151585225118573, 39.86175213060757 ], [ 47.155198734033171, 39.860376053549885 ], [ 47.160621386431984, 39.858020802758446 ], [ 47.164036773048949, 39.856357263063593 ], [ 47.165890783089935, 39.855304562046832 ], [ 47.166945357373983, 39.855084877394511 ] ] ] } },
{ "type": "Feature", "id": 7, "properties": { "name_en": "Hadrut", "Name_hy": "Հադրութ", "Name_Alt": null, "Center": "Hadrut", "status": "controlled", "name_ru": "Гадрут" }, "geometry": { "type": "Polygon", "coordinates": [ [ [ 46.927309164861484, 39.16115828524709 ], [ 46.926960182116567, 39.162804745439587 ], [ 46.926757756038711, 39.16549145969406 ], [ 46.925942870164064, 39.168111632428555 ], [ 46.922617604957097, 39.174031629580838 ], [ 46.919606989065088, 39.180674687157513 ], [ 46.91683739982691, 39.186056352710132 ], [ 46.913371142020068, 39.190468055299498 ], [ 46.908464754478416, 39.19701928212681 ], [ 46.901331897271433, 39.205814692738407 ], [ 46.896224693799184, 39.212307350801701 ], [ 46.890661775331623, 39.219481857792914 ], [ 46.885880227941676, 39.226428779890782 ], [ 46.882240074149315, 39.231854383683547 ], [ 46.877579417396014, 39.237480335271663 ], [ 46.873060214834567, 39.242521155380963 ], [ 46.86717192957267, 39.248013101376827 ], [ 46.86166645960926, 39.253099962223324 ], [ 46.855900359396145, 39.258804056992382 ], [ 46.852223190984539, 39.262971976256331 ], [ 46.848702526277158, 39.267106627983701 ], [ 46.847076046537737, 39.26976979358534 ], [ 46.844453803210719, 39.273583390375997 ], [ 46.843483038762798, 39.275684111321048 ], [ 46.841881065527204, 39.279297486678118 ], [ 46.840136402697027, 39.283495764036168 ], [ 46.839089699298825, 39.285720314797167 ], [ 46.838766608461533, 39.288454762091 ], [ 46.838168959044381, 39.291254877344016 ], [ 46.837213007527673, 39.293937977916805 ], [ 46.83599203716269, 39.297054585243806 ], [ 46.834432922789574, 39.299317840782756 ], [ 46.831677787618482, 39.302642573117005 ], [ 46.827129687439658, 39.306854070740883 ], [ 46.824425764246158, 39.309135159985154 ], [ 46.818696934578888, 39.313518167847135 ], [ 46.814484314840357, 39.317018597499711 ], [ 46.809781925860101, 39.32144649498963 ], [ 46.806780073310968, 39.324467811435319 ], [ 46.804635267271109, 39.327046429121403 ], [ 46.803808687591001, 39.328684579929543 ], [ 46.803166826928738, 39.329829195456654 ], [ 46.802563525212577, 39.33247587768637 ], [ 46.801983125155765, 39.334478201262201 ], [ 46.800763227524669, 39.336183753364686 ], [ 46.798724495493786, 39.338300620109457 ], [ 46.795862895497564, 39.340675487780892 ], [ 46.793513543304044, 39.34301172422073 ], [ 46.791392750734076, 39.346571061004042 ], [ 46.789401146530636, 39.35055770494305 ], [ 46.787453496874434, 39.354727638485663 ], [ 46.785431331535925, 39.359082681678373 ], [ 46.783621975553906, 39.364047758116136 ], [ 46.782746697857363, 39.366913166834237 ], [ 46.781625036962588, 39.369414342877008 ], [ 46.7801546323835, 39.370632848836138 ], [ 46.778277555380406, 39.371397554871713 ], [ 46.776629638809375, 39.371852065510545 ], [ 46.775780158409304, 39.372631700149647 ], [ 46.776138857337344, 39.374312885708669 ], [ 46.77774455893384, 39.376864349693584 ], [ 46.779066098854877, 39.379113470474188 ], [ 46.779517152979608, 39.38131456151865 ], [ 46.779647765755961, 39.38490054575248 ], [ 46.779733221064149, 39.386708561994325 ], [ 46.780531326225315, 39.388567004078951 ], [ 46.781482819971735, 39.390239091831809 ], [ 46.782724172470907, 39.392428058737536 ], [ 46.783764159851927, 39.394466767067364 ], [ 46.78448423036437, 39.396357041442002 ], [ 46.784471618943513, 39.398963881551488 ], [ 46.784433562853643, 39.402123106386341 ], [ 46.783994898803286, 39.405073810439603 ], [ 46.783248352265282, 39.406802577290762 ], [ 46.781822974898809, 39.408265743637301 ], [ 46.780355682317612, 39.409637535093253 ], [ 46.78005071190077, 39.41163551807805 ], [ 46.780214494105671, 39.413411660870132 ], [ 46.780678327796224, 39.416103199810607 ], [ 46.781516918948533, 39.421088970303778 ], [ 46.782232851541245, 39.424359296722194 ], [ 46.783022439947054, 39.427413823192623 ], [ 46.783771791977507, 39.430438293268459 ], [ 46.784262132910627, 39.432608075814066 ], [ 46.784091858141792, 39.433684007567244 ], [ 46.782173945753527, 39.436013387023905 ], [ 46.778466246305747, 39.439504774250345 ], [ 46.774704011495118, 39.443978196156635 ], [ 46.771856814473729, 39.44711890817586 ], [ 46.770083869908447, 39.448955219950847 ], [ 46.769325682841405, 39.450254741551845 ], [ 46.768934196851696, 39.451978006860223 ], [ 46.768945871177152, 39.454001799550518 ], [ 46.769792611948326, 39.4561968805547 ], [ 46.770954986453212, 39.458356480734118 ], [ 46.774356121322029, 39.46143257361711 ], [ 46.77799640398063, 39.464566238400714 ], [ 46.779512775476803, 39.466628334496193 ], [ 46.780114118253948, 39.468489761221818 ], [ 46.779520373371284, 39.470032156334547 ], [ 46.778918013703674, 39.471237352995068 ], [ 46.778482430606246, 39.472777322193878 ], [ 46.778524078659039, 39.475965957741714 ], [ 46.77829404433831, 39.477809441156055 ], [ 46.777131035575579, 39.480311177469083 ], [ 46.776119939080871, 39.482565252385065 ], [ 46.775415897246212, 39.484446636355784 ], [ 46.774984842266207, 39.486170517508896 ], [ 46.774574812379136, 39.48872205858342 ], [ 46.774107451223834, 39.492133120868409 ], [ 46.773863414934539, 39.494988783889525 ], [ 46.773474169645709, 39.496804017266925 ], [ 46.772549504474298, 39.497799433612009 ], [ 46.771779189700453, 39.498639159982609 ], [ 46.771264941864153, 39.500210963005877 ], [ 46.771042442036027, 39.502360971990889 ], [ 46.771422830817237, 39.504869784522491 ], [ 46.771883806636197, 39.505874734519153 ], [ 46.772752981092012, 39.507364112229752 ], [ 46.774266857999351, 39.507739669092778 ], [ 46.777576080925343, 39.507106451983951 ], [ 46.780768091480248, 39.506536268719977 ], [ 46.782672221226754, 39.506691074553103 ], [ 46.783989841688623, 39.507130846241402 ], [ 46.784047448464619, 39.507835277881505 ], [ 46.782926500839203, 39.508895119669504 ], [ 46.781825883462915, 39.510751952458385 ], [ 46.781054762553957, 39.511561085347644 ], [ 46.780126889877124, 39.512433945938604 ], [ 46.779909002491209, 39.513203930401609 ], [ 46.78033214855207, 39.514270755393461 ], [ 46.780836026914592, 39.515397673303433 ], [ 46.780062497025867, 39.516114838750987 ], [ 46.776228468673033, 39.51792145442446 ], [ 46.77380504682538, 39.519154437222276 ], [ 46.772730359251966, 39.520489468037376 ], [ 46.772928438248194, 39.522050406174166 ], [ 46.773964756123164, 39.523874543909628 ], [ 46.774519896494198, 39.525460693066478 ], [ 46.774045899224006, 39.527062554034302 ], [ 46.770558029356472, 39.528495709765629 ], [ 46.767222134409792, 39.529681123590656 ], [ 46.76344137244179, 39.530505203425093 ], [ 46.760521340287298, 39.530917467822775 ], [ 46.758549014483826, 39.531223323925879 ], [ 46.7550706406807, 39.533054530011796 ], [ 46.752951446023225, 39.533822497811087 ], [ 46.750802933620747, 39.533425565216803 ], [ 46.746968725630929, 39.532133969030411 ], [ 46.74520003871919, 39.531087237270995 ], [ 46.743505974117014, 39.529855362916337 ], [ 46.740885970432501, 39.526429389463239 ], [ 46.738533361102043, 39.522600695736116 ], [ 46.736248843213943, 39.519905575065501 ], [ 46.734284944903798, 39.517358953199938 ], [ 46.7314885486905, 39.51476336957446 ], [ 46.728176357397558, 39.512114054592665 ], [ 46.725915350580351, 39.510338353747379 ], [ 46.722931527727276, 39.508143999316864 ], [ 46.720762785624665, 39.506888151368564 ], [ 46.719245411893553, 39.506358615948777 ], [ 46.712874198583869, 39.506452682906527 ], [ 46.706782217138596, 39.506634298885793 ], [ 46.702865973983663, 39.506753073381802 ], [ 46.70089104930004, 39.506935321723262 ], [ 46.699925624120475, 39.507930763074121 ], [ 46.698515887792141, 39.510190003049942 ], [ 46.697360683758973, 39.513150830366918 ], [ 46.696925262427939, 39.516407799852558 ], [ 46.696294140096917, 39.519759621206418 ], [ 46.6956114490605, 39.522621532416373 ], [ 46.694980291734318, 39.524348041336431 ], [ 46.693978689324169, 39.525497290921948 ], [ 46.692971097266941, 39.526401290339592 ], [ 46.69122400779203, 39.527837368734524 ], [ 46.690417993973561, 39.528891742943578 ], [ 46.6900951738888, 39.530276412420378 ], [ 46.69017416638318, 39.531900566199596 ], [ 46.690246294439213, 39.53487412647894 ], [ 46.690355049242498, 39.5377244882905 ], [ 46.690236846272668, 39.539382174358742 ], [ 46.690214188516414, 39.541713123041312 ], [ 46.690167729050202, 39.543063104220387 ], [ 46.69019227589132, 39.544074726059726 ], [ 46.690080778161402, 39.545435412153033 ], [ 46.690667318406192, 39.547273019204695 ], [ 46.691818884573628, 39.548570934936343 ], [ 46.692640666847453, 39.549677839919767 ], [ 46.693374512568518, 39.551625172842606 ], [ 46.69345210613762, 39.553330319164665 ], [ 46.69360307627543, 39.555025371068382 ], [ 46.693688692008784, 39.555922219133038 ], [ 46.693249261464146, 39.557400589485376 ], [ 46.693449427241511, 39.55911496527326 ], [ 46.693565921389215, 39.560646564211559 ], [ 46.693996276920927, 39.562050923308291 ], [ 46.694986354538379, 39.56366177764982 ], [ 46.697467342223568, 39.56629349069626 ], [ 46.698018134681902, 39.567757404954158 ], [ 46.698898543889513, 39.569737816555119 ], [ 46.69886497654398, 39.571608925432081 ], [ 46.698063833815944, 39.572877937936667 ], [ 46.696622896365874, 39.573910963042522 ], [ 46.69402570024382, 39.574654177258317 ], [ 46.689533002598665, 39.575670241739701 ], [ 46.685271164991875, 39.576406791506187 ], [ 46.68270149702991, 39.576658700007613 ], [ 46.680474261959617, 39.576322947013502 ], [ 46.67814046344747, 39.574854051818804 ], [ 46.675677592660968, 39.572957647421752 ], [ 46.672441067715617, 39.571838977278446 ], [ 46.667335616276667, 39.570440392434932 ], [ 46.66455923809761, 39.570326873204273 ], [ 46.662150340723741, 39.570668020500626 ], [ 46.659951902467483, 39.571527432924533 ], [ 46.657650640748919, 39.573062922688642 ], [ 46.656253130655415, 39.574191982098505 ], [ 46.656995214245114, 39.575263219881656 ], [ 46.657883273018641, 39.576050551223382 ], [ 46.659054063738289, 39.576870202042834 ], [ 46.660514972590988, 39.578031149076921 ], [ 46.661649705280894, 39.579305833787181 ], [ 46.663617871470414, 39.581041302118578 ], [ 46.664790554932388, 39.582915410732795 ], [ 46.665305156629351, 39.584780760113318 ], [ 46.665557476819181, 39.586486231079959 ], [ 46.666112166389297, 39.589041908384949 ], [ 46.666679533459856, 39.592124671167198 ], [ 46.667068597589626, 39.595609987001076 ], [ 46.667336266012505, 39.597951591680719 ], [ 46.667480329405457, 39.599058610463587 ], [ 46.667752285720113, 39.599618340362319 ], [ 46.668696936393424, 39.600786587088308 ], [ 46.669469730300037, 39.601648206296375 ], [ 46.670197648661848, 39.601619560397189 ], [ 46.671262701141984, 39.600949699106955 ], [ 46.672527379465656, 39.599786047091051 ], [ 46.674987441821607, 39.597514246356546 ], [ 46.675878291037719, 39.596446856513943 ], [ 46.677047523483239, 39.595229987217898 ], [ 46.67782874359893, 39.594491436457524 ], [ 46.678604006203578, 39.594480236243477 ], [ 46.680188124769721, 39.594875514369797 ], [ 46.681639654963554, 39.595618143158717 ], [ 46.683638605751192, 39.596643728169227 ], [ 46.685855229353109, 39.597920663353989 ], [ 46.68829309312467, 39.599594337674461 ], [ 46.690622506776691, 39.600669541899194 ], [ 46.692829204498224, 39.601528306830517 ], [ 46.69597487927895, 39.602336960010049 ], [ 46.698333283191999, 39.602666135356365 ], [ 46.700520570057435, 39.602725042705472 ], [ 46.702782352315261, 39.602946451845305 ], [ 46.704325148218302, 39.603560183587931 ], [ 46.706041809593749, 39.604553155989265 ], [ 46.70810470882536, 39.60528646821907 ], [ 46.710036753231243, 39.605476220352934 ], [ 46.711902564780594, 39.604885105425176 ], [ 46.713108224432247, 39.604212790526006 ], [ 46.714571861858133, 39.603518473811448 ], [ 46.71673897763462, 39.602759198804527 ], [ 46.71957019522597, 39.602244597200816 ], [ 46.721067569260839, 39.601967877476596 ], [ 46.724503716740429, 39.601207829907899 ], [ 46.727917195007315, 39.600484381534777 ], [ 46.729507566282187, 39.600169806641155 ], [ 46.731576403628097, 39.600193529443196 ], [ 46.734143603734644, 39.60040977409917 ], [ 46.7361989394877, 39.60083361166258 ], [ 46.738254753567382, 39.601275587083222 ], [ 46.739925127037239, 39.601341486294992 ], [ 46.741665075118227, 39.601369955032339 ], [ 46.742498767422774, 39.601811991643189 ], [ 46.742797561977163, 39.602480228265023 ], [ 46.74231465116538, 39.602905649765447 ], [ 46.741454903457175, 39.603300356434026 ], [ 46.739883921651924, 39.603451170119882 ], [ 46.738744938124029, 39.603959128828762 ], [ 46.738556666414098, 39.604889208843694 ], [ 46.739422381955627, 39.607548942787048 ], [ 46.740225242278953, 39.609573254923369 ], [ 46.741682445642795, 39.611442297640664 ], [ 46.74326500192133, 39.611745824259557 ], [ 46.745803222892881, 39.611725881917124 ], [ 46.748467335032906, 39.611103997274832 ], [ 46.752710759216214, 39.610658227455531 ], [ 46.757962201415623, 39.610106142614377 ], [ 46.762234518796532, 39.609877766601201 ], [ 46.765930004131093, 39.610076180532644 ], [ 46.768200512277645, 39.610623446386981 ], [ 46.770866928459618, 39.611946437491724 ], [ 46.773839548401412, 39.614210128954284 ], [ 46.776581554717225, 39.616640903418471 ], [ 46.778345134019681, 39.619413863386768 ], [ 46.779565542555346, 39.62208602963635 ], [ 46.780269941166807, 39.624802455331604 ], [ 46.781033989155844, 39.62800885988441 ], [ 46.781863126289807, 39.632832407424452 ], [ 46.782676694305636, 39.636128943321729 ], [ 46.783804338878248, 39.639747912756008 ], [ 46.785197842777805, 39.642726432149217 ], [ 46.787587163171864, 39.646925941928188 ], [ 46.789805643372837, 39.650873491842233 ], [ 46.792993975921462, 39.655933267283004 ], [ 46.794478989056792, 39.657873912553114 ], [ 46.79533298082594, 39.659060680002192 ], [ 46.798545525098525, 39.662301783722846 ], [ 46.801436533911414, 39.664020553264173 ], [ 46.804706636300857, 39.664933379695114 ], [ 46.808264987630814, 39.665168916019788 ], [ 46.812096517955005, 39.665054635071087 ], [ 46.816714207753755, 39.664418853018013 ], [ 46.820549626991948, 39.663558799742894 ], [ 46.82305908295718, 39.66237400324367 ], [ 46.825622728749096, 39.660570137174837 ], [ 46.828377176189193, 39.659763181049442 ], [ 46.832230422240677, 39.659593351608819 ], [ 46.835062062920606, 39.659930439315325 ], [ 46.838815554887802, 39.660434674392398 ], [ 46.845668667793419, 39.661616806115674 ], [ 46.852093899468976, 39.662623545091108 ], [ 46.859179642499726, 39.663692076562612 ], [ 46.863741335600608, 39.663618940141525 ], [ 46.864570702131033, 39.663405630644441 ], [ 46.867949355775387, 39.662205906495679 ], [ 46.8700082292386, 39.660918261454732 ], [ 46.871848548378388, 39.659379567104814 ], [ 46.873259685342624, 39.657629594532253 ], [ 46.874445953360365, 39.656265040586035 ], [ 46.875236913984182, 39.655070490521403 ], [ 46.875743266723426, 39.653789627148683 ], [ 46.875942007284202, 39.652441006919751 ], [ 46.876252882536221, 39.650890580851581 ], [ 46.876598558416468, 39.649757759250505 ], [ 46.877005496928057, 39.649151201537514 ], [ 46.877969747811683, 39.648281093017097 ], [ 46.880180398016094, 39.647408982281561 ], [ 46.882000230180964, 39.646870426611223 ], [ 46.883986067222885, 39.64638369287308 ], [ 46.887148734010495, 39.64593234873648 ], [ 46.89009979029283, 39.645484363373072 ], [ 46.892022931546975, 39.64528941239076 ], [ 46.893649393572389, 39.645426529819886 ], [ 46.896840256638669, 39.646010790142036 ], [ 46.898937388676877, 39.646158324661016 ], [ 46.900238876428276, 39.645591597513736 ], [ 46.901552396776012, 39.644606491648624 ], [ 46.90380222946979, 39.64260605844278 ], [ 46.905258233978849, 39.640818602696953 ], [ 46.906437595756202, 39.639235664011821 ], [ 46.907664428963145, 39.637242856720924 ], [ 46.908612636823527, 39.635809142641719 ], [ 46.909917102920566, 39.634933178859825 ], [ 46.911113524935814, 39.634404421386805 ], [ 46.913577361989397, 39.634218396912537 ], [ 46.916752046747355, 39.634229672614893 ], [ 46.921369723375527, 39.634553346388479 ], [ 46.926507533056046, 39.634977294970987 ], [ 46.932670712099998, 39.635911207528189 ], [ 46.937321181743393, 39.636560959464887 ], [ 46.941144523381389, 39.637060723929032 ], [ 46.94412431908988, 39.637665393574927 ], [ 46.947956431261574, 39.638473864572887 ], [ 46.951141238649178, 39.638838559257138 ], [ 46.954333750911871, 39.639475752912439 ], [ 46.958359152495348, 39.639626106059538 ], [ 46.963441235564169, 39.639722094460502 ], [ 46.966023625624274, 39.639569313314539 ], [ 46.966904429306446, 39.639118051173014 ], [ 46.968099334495228, 39.638134208163073 ], [ 46.969032992396308, 39.638718354825798 ], [ 46.970900923799618, 39.638250319416215 ], [ 46.972975196039364, 39.637596937740803 ], [ 46.976739074779026, 39.636823863323244 ], [ 46.980127855325051, 39.636093426431898 ], [ 46.984108281006762, 39.635498231540986 ], [ 46.990060227723355, 39.634778224149407 ], [ 46.994098966565652, 39.634581670710595 ], [ 46.998488115221619, 39.634306222533439 ], [ 47.001188751768495, 39.634186987471494 ], [ 47.004312934893917, 39.63407856063418 ], [ 47.007018800373181, 39.634140909699056 ], [ 47.009094325192521, 39.634359551415862 ], [ 47.01089626011445, 39.634873789915659 ], [ 47.014101721410235, 39.635945455357117 ], [ 47.017136951231805, 39.63681999792977 ], [ 47.019087950325144, 39.63760423283837 ], [ 47.022317159607162, 39.638675255832545 ], [ 47.024743105625603, 39.639614750095433 ], [ 47.026523902961216, 39.640201835732299 ], [ 47.028635242443123, 39.641637623043096 ], [ 47.030663394373299, 39.642638483641285 ], [ 47.031758959884321, 39.643110203121424 ], [ 47.033144662309972, 39.643049585474628 ], [ 47.034654276929125, 39.643204950973789 ], [ 47.035516429263247, 39.643735267318178 ], [ 47.03770927297635, 39.644733115779161 ], [ 47.039578450537597, 39.645118457610764 ], [ 47.041224341397353, 39.645107715106832 ], [ 47.042934861371918, 39.644895822319342 ], [ 47.045348909464295, 39.64461697071814 ], [ 47.047567928216303, 39.644105156994911 ], [ 47.049437565677117, 39.643708553720487 ], [ 47.05125050413114, 39.642985666323661 ], [ 47.053837958236329, 39.642212691559905 ], [ 47.05594469565925, 39.641884513279443 ], [ 47.058461752330764, 39.641912640655534 ], [ 47.061596922334523, 39.642166091337806 ], [ 47.064477893893127, 39.642569423901364 ], [ 47.067611484473822, 39.642768197100764 ], [ 47.068900406196271, 39.642617971729834 ], [ 47.069914521362598, 39.641927206195355 ], [ 47.072450905634142, 39.641027462634334 ], [ 47.073716279190684, 39.640877604361584 ], [ 47.076572663602171, 39.641244713889186 ], [ 47.079889339672626, 39.641276253678349 ], [ 47.083153008745249, 39.64110866064577 ], [ 47.087972774936446, 39.641076630785378 ], [ 47.091424428433704, 39.640905424611596 ], [ 47.09465905103955, 39.640556223434125 ], [ 47.097362303565397, 39.639743831451774 ], [ 47.10109023199832, 39.638603766057301 ], [ 47.104732652319782, 39.636974250637884 ], [ 47.107356309317751, 39.635872177764384 ], [ 47.110771459994609, 39.63373753725125 ], [ 47.114707260516127, 39.631720581737412 ], [ 47.118582867496201, 39.630050026843463 ], [ 47.120946441003674, 39.628916032877015 ], [ 47.124069805542355, 39.627259034011296 ], [ 47.125460899425541, 39.625851841516074 ], [ 47.12794693270142, 39.623351907493557 ], [ 47.13033769171674, 39.620817307129585 ], [ 47.132774090589542, 39.619009050496743 ], [ 47.134547456309136, 39.617812897912955 ], [ 47.136714010502928, 39.616409496132647 ], [ 47.138618694088564, 39.615665384772868 ], [ 47.141588939978654, 39.615174307819686 ], [ 47.144069708316088, 39.614819458708908 ], [ 47.148137866806039, 39.614107950405163 ], [ 47.151744941903573, 39.612932145196169 ], [ 47.155818349130556, 39.61163848818331 ], [ 47.158637514606617, 39.610077118272294 ], [ 47.163708863955591, 39.606873836509287 ], [ 47.166381353814728, 39.605896796411251 ], [ 47.169798963005164, 39.605451197680409 ], [ 47.172032188299347, 39.60546399329543 ], [ 47.175687471798398, 39.605104679616808 ], [ 47.178580532327089, 39.605923117195232 ], [ 47.182244168524385, 39.607326967134426 ], [ 47.184759195114722, 39.608825037079079 ], [ 47.187937771299616, 39.611237765249655 ], [ 47.192367386318011, 39.613808598002947 ], [ 47.195671329483559, 39.61570968348596 ], [ 47.198527265651265, 39.616819208253716 ], [ 47.200850314232682, 39.617429705469888 ], [ 47.205530822111498, 39.618249932219499 ], [ 47.209651629923378, 39.619207885002069 ], [ 47.214600628899113, 39.620331703901563 ], [ 47.217894728593905, 39.621159680692415 ], [ 47.222488077584494, 39.622180869454446 ], [ 47.225566238236901, 39.622867315033716 ], [ 47.230209707691941, 39.62397813769428 ], [ 47.232991926255657, 39.624960956711369 ], [ 47.236696903099869, 39.626853142760851 ], [ 47.238812580406091, 39.628303170183372 ], [ 47.240859028169133, 39.629790854997111 ], [ 47.244140339959465, 39.632381831605365 ], [ 47.246162347963164, 39.633833531282569 ], [ 47.251430923209952, 39.636785804074073 ], [ 47.253557827341396, 39.63856258509734 ], [ 47.257762597441356, 39.64204425775381 ], [ 47.260686500968383, 39.64373268027596 ], [ 47.263064965921004, 39.640594594957875 ], [ 47.266205732579948, 39.637788943138339 ], [ 47.270766501887358, 39.634756130721861 ], [ 47.274669216408029, 39.632226652037424 ], [ 47.279547787051371, 39.629233267338641 ], [ 47.285721019150778, 39.625830906544628 ], [ 47.292680569216664, 39.62224404816714 ], [ 47.296915017159336, 39.619599956944668 ], [ 47.300561416110362, 39.617166678096417 ], [ 47.302971209293382, 39.615110448668261 ], [ 47.305106577343679, 39.613151608393345 ], [ 47.306994450649334, 39.610906343124384 ], [ 47.308404815667174, 39.609207152626439 ], [ 47.30907305513233, 39.60724673260539 ], [ 47.309030694140375, 39.604779159963833 ], [ 47.308158038097076, 39.602972027038078 ], [ 47.307551048925056, 39.601404916529468 ], [ 47.307231987511592, 39.598958170200241 ], [ 47.306960670848447, 39.596157842183871 ], [ 47.306751818950232, 39.592850321986624 ], [ 47.306216530550316, 39.590453859212239 ], [ 47.306133163603107, 39.587343156453677 ], [ 47.306173208358622, 39.584965929220445 ], [ 47.306851942488763, 39.582131394203117 ], [ 47.306954905102316, 39.579262296828311 ], [ 47.307075672965638, 39.577527400620824 ], [ 47.307121773924138, 39.574736089984832 ], [ 47.306711018720264, 39.572505798688923 ], [ 47.30647338977473, 39.570118748737023 ], [ 47.305963706408548, 39.56789041723156 ], [ 47.305527658934153, 39.565491970387676 ], [ 47.305232242871234, 39.563152057445592 ], [ 47.304487162044303, 39.560391771880809 ], [ 47.303648771430574, 39.557204037484588 ], [ 47.302825138472031, 39.555058571277783 ], [ 47.302002539897181, 39.553541685545177 ], [ 47.301171834899158, 39.55237758771942 ], [ 47.299563196841824, 39.551044902548973 ], [ 47.297818537758239, 39.550389489171152 ], [ 47.295356864942448, 39.54961023143747 ], [ 47.292680566608688, 39.548927148417683 ], [ 47.289853546266158, 39.548476953166798 ], [ 47.287405110413879, 39.548095894633988 ], [ 47.284417811561944, 39.547587394216521 ], [ 47.280342042273318, 39.547100187215626 ], [ 47.277998166772569, 39.546885528289003 ], [ 47.275967955389461, 39.546572685377356 ], [ 47.274349867525189, 39.546144415390863 ], [ 47.272503598705107, 39.545398614829601 ], [ 47.270473258561751, 39.544472398208256 ], [ 47.269015391181085, 39.543488969896693 ], [ 47.267627245409209, 39.542212853959064 ], [ 47.266560770188917, 39.541083765519183 ], [ 47.265508138456674, 39.539770412754741 ], [ 47.264412980618076, 39.538365886630018 ], [ 47.263879414586654, 39.537180387927918 ], [ 47.263041577850309, 39.535770833268238 ], [ 47.262267999462757, 39.533900060010204 ], [ 47.261857596794741, 39.532236859439124 ], [ 47.261269030121355, 39.529963843084971 ], [ 47.261018751878204, 39.527132286488204 ], [ 47.260997070368312, 39.52463358493344 ], [ 47.261000050493635, 39.521674440915255 ], [ 47.261002441378395, 39.518086692523958 ], [ 47.261083375466107, 39.513868798974556 ], [ 47.261284184335402, 39.510905800733852 ], [ 47.261501976989827, 39.509077044682222 ], [ 47.261596908083646, 39.505901455362689 ], [ 47.261830785797891, 39.502738492320702 ], [ 47.261965858360085, 39.500190734869101 ], [ 47.26195264432809, 39.497952504917862 ], [ 47.261983666526739, 39.494026880765837 ], [ 47.261943235399151, 39.491559196735928 ], [ 47.262039650881533, 39.488429566848019 ], [ 47.261916473790038, 39.484629595562801 ], [ 47.261921796660701, 39.480520478253254 ], [ 47.261928797295063, 39.477683894542011 ], [ 47.261855143099943, 39.474189596437839 ], [ 47.262078137560962, 39.471302810152757 ], [ 47.262452997191325, 39.469440321879922 ], [ 47.262417162135776, 39.46772381625113 ], [ 47.262396631532006, 39.465869022689759 ], [ 47.26212607135907, 39.46423374533439 ], [ 47.261627248036945, 39.462878887690316 ], [ 47.260593104948789, 39.460261867563553 ], [ 47.259563008791311, 39.457767415446376 ], [ 47.257973527344618, 39.453873256244584 ], [ 47.256387696195212, 39.450086326137459 ], [ 47.256303169984108, 39.449306023260256 ], [ 47.255270950514657, 39.447348195527837 ], [ 47.254789178812857, 39.445287689060223 ], [ 47.254809881193346, 39.442864793397824 ], [ 47.255283596681885, 39.43977382290511 ], [ 47.255937077181891, 39.436127400152394 ], [ 47.257137291116557, 39.431657749329787 ], [ 47.258832331243852, 39.427822427465436 ], [ 47.260792010608007, 39.424840542238172 ], [ 47.264030449104069, 39.419840535342544 ], [ 47.26890366005204, 39.412846018844938 ], [ 47.272355428904064, 39.408362916697598 ], [ 47.274791029410004, 39.405463489792204 ], [ 47.27820965422957, 39.403020058355239 ], [ 47.279953742592376, 39.401958612564073 ], [ 47.28540044851939, 39.399904494384195 ], [ 47.290077427963098, 39.398493907239128 ], [ 47.29244163212919, 39.3970674201177 ], [ 47.293938498059966, 39.395106036350064 ], [ 47.294231195761348, 39.393183728346642 ], [ 47.294848527534455, 39.390917703452374 ], [ 47.294757299238654, 39.387531069660334 ], [ 47.294685501850722, 39.385339969330573 ], [ 47.29430215418904, 39.382081754059669 ], [ 47.29406517719984, 39.377862379433907 ], [ 47.293868124015198, 39.374861133171088 ], [ 47.293817989211078, 39.371519676608592 ], [ 47.293822394406718, 39.36863711262545 ], [ 47.293956780199174, 39.36627991773743 ], [ 47.29330908762136, 39.365483935577636 ], [ 47.291165740365244, 39.364465959287166 ], [ 47.288040401530196, 39.363671151589848 ], [ 47.288005403024577, 39.363671840044944 ], [ 47.286527931004322, 39.363469820780537 ], [ 47.285727821274719, 39.363408106029773 ], [ 47.284007390055862, 39.362962048592323 ], [ 47.281422005897092, 39.362074902040483 ], [ 47.279398411621685, 39.361231059670779 ], [ 47.277919085955403, 39.360430894222837 ], [ 47.275660462511297, 39.35881681236215 ], [ 47.275512627460138, 39.358720332301473 ], [ 47.274265194025709, 39.357906214192376 ], [ 47.273846781255941, 39.357844252868745 ], [ 47.271647867105692, 39.357644729145768 ], [ 47.26991547289925, 39.357134845733647 ], [ 47.268617469096384, 39.356521317059823 ], [ 47.26733595642694, 39.354792860582371 ], [ 47.266285041191935, 39.353155044653477 ], [ 47.265071937115955, 39.351914561744564 ], [ 47.2632434364711, 39.350590892132431 ], [ 47.261122829129839, 39.349435982275907 ], [ 47.259854344293018, 39.348645075228227 ], [ 47.257922802710141, 39.347377691606376 ], [ 47.256175023292165, 39.346378563509205 ], [ 47.254883912548372, 39.345424928118966 ], [ 47.253782224920784, 39.344372459842489 ], [ 47.253025662795622, 39.343163778142049 ], [ 47.252097698221924, 39.342320030977575 ], [ 47.251781468296841, 39.342032493962179 ], [ 47.250357580092654, 39.340755152942677 ], [ 47.249590961702495, 39.340321422515643 ], [ 47.249078214750682, 39.340507263781603 ], [ 47.248085535154679, 39.340867043910031 ], [ 47.246853029610556, 39.341189892842962 ], [ 47.245677007173072, 39.341090266386807 ], [ 47.243844257597559, 39.340160552169053 ], [ 47.242298962039868, 39.338912637197964 ], [ 47.240572714182463, 39.33747788874895 ], [ 47.238718297265407, 39.336412582227013 ], [ 47.235902007412761, 39.334822028183382 ], [ 47.234435780213239, 39.333300631914369 ], [ 47.234348897739331, 39.332184204360587 ], [ 47.233156806657888, 39.330511501803294 ], [ 47.231459889495106, 39.328885751701726 ], [ 47.230263797746431, 39.328147494820399 ], [ 47.229433956310011, 39.327857476355497 ], [ 47.228051531809243, 39.327374318746955 ], [ 47.225783824995723, 39.326507011630667 ], [ 47.224013067282556, 39.325303936178294 ], [ 47.223405639028556, 39.324918366255559 ], [ 47.221476963480512, 39.323694073757487 ], [ 47.218854385432721, 39.322112989096894 ], [ 47.216762511989813, 39.32015472990615 ], [ 47.215500534502851, 39.318982604563949 ], [ 47.214258308778923, 39.31843535562269 ], [ 47.212584942401485, 39.318643893947815 ], [ 47.211442169957884, 39.318475320562285 ], [ 47.209961510387615, 39.317579144913701 ], [ 47.207707976762599, 39.316588874611256 ], [ 47.206550304341683, 39.315944788410349 ], [ 47.205202848316354, 39.315943147678617 ], [ 47.203609694739704, 39.316476262900608 ], [ 47.202200777241742, 39.317304910764385 ], [ 47.201615901864642, 39.317615342455184 ], [ 47.201271293703435, 39.317798245969563 ], [ 47.200329023744942, 39.31788403230874 ], [ 47.198920507055206, 39.318168922117458 ], [ 47.19737201007149, 39.319013742587124 ], [ 47.196190818048898, 39.319294306318625 ], [ 47.194510995461336, 39.319298815129464 ], [ 47.193063625442356, 39.319462032074661 ], [ 47.191448986983914, 39.319873051751991 ], [ 47.189941385320409, 39.320349998582614 ], [ 47.189380446044012, 39.32031977645493 ], [ 47.188276609006479, 39.319715272952493 ], [ 47.186783509810653, 39.318411249551865 ], [ 47.185488764351668, 39.317293780058165 ], [ 47.18424002602562, 39.316528845000512 ], [ 47.182084019886865, 39.315848877888314 ], [ 47.180310498315471, 39.315651045513341 ], [ 47.17910398821541, 39.315116340985099 ], [ 47.1777342022475, 39.3143943800766 ], [ 47.177141924388337, 39.313916121583901 ], [ 47.176558101438026, 39.3125813535123 ], [ 47.176143898219095, 39.311637602220841 ], [ 47.175592522339166, 39.311348870085524 ], [ 47.173205383544122, 39.311108027546709 ], [ 47.169483892699098, 39.311286213798738 ], [ 47.16702484472389, 39.311549520229484 ], [ 47.165060356308842, 39.311395788383855 ], [ 47.163914446238195, 39.31111806081536 ], [ 47.162212626246593, 39.310402088440348 ], [ 47.160548322502699, 39.309766951381661 ], [ 47.158564267772128, 39.308974607507899 ], [ 47.156491153174244, 39.308129508245415 ], [ 47.154902715288507, 39.30711228254539 ], [ 47.153894710475704, 39.306193035632411 ], [ 47.152924203295001, 39.305354643201994 ], [ 47.152057383216302, 39.305044447600288 ], [ 47.15105858589795, 39.304994950046336 ], [ 47.149190464748251, 39.305124617222667 ], [ 47.148195406645229, 39.305197362066586 ], [ 47.14783238620366, 39.30476909022272 ], [ 47.147840356481986, 39.303885404690874 ], [ 47.148439104386732, 39.302868477473638 ], [ 47.148779293051604, 39.301978657836081 ], [ 47.148750619902408, 39.301041276978999 ], [ 47.148251512952484, 39.300166952795841 ], [ 47.147302379610821, 39.29945045291813 ], [ 47.146252092341236, 39.298858146846499 ], [ 47.145255521008139, 39.29830561962612 ], [ 47.144376726534531, 39.298172293975043 ], [ 47.142505040414974, 39.298179581685453 ], [ 47.14057427577189, 39.297970439164487 ], [ 47.138389639993484, 39.297466885166116 ], [ 47.137279022196388, 39.297188242869332 ], [ 47.13632150670648, 39.297341753341712 ], [ 47.135349805327849, 39.297604259732033 ], [ 47.134379334517227, 39.297907514292739 ], [ 47.132948064216144, 39.298015313287799 ], [ 47.131914403654989, 39.29796628910897 ], [ 47.130623598184421, 39.297514175585093 ], [ 47.129521020960027, 39.296922673928194 ], [ 47.128103945720433, 39.295766009106885 ], [ 47.126895079722694, 39.294551149584905 ], [ 47.125857171957577, 39.293781721850927 ], [ 47.124574516824659, 39.293016752804043 ], [ 47.123791689320832, 39.292582473267949 ], [ 47.122889771032753, 39.292259104469466 ], [ 47.121587384574724, 39.291997401565744 ], [ 47.120299621161273, 39.291640266751088 ], [ 47.118765466891119, 39.291233231518603 ], [ 47.117349208839926, 39.290674508234559 ], [ 47.115601920535362, 39.28957806598779 ], [ 47.114371898741823, 39.288812025404155 ], [ 47.113371626765492, 39.288123357733021 ], [ 47.1125608214629, 39.287336091291081 ], [ 47.1121024619571, 39.286053075547301 ], [ 47.112300740213357, 39.285084374197801 ], [ 47.112527927411989, 39.284495751743286 ], [ 47.113100247465503, 39.283751340198094 ], [ 47.113499785816238, 39.283078028548076 ], [ 47.113633832927015, 39.282300793147854 ], [ 47.113746311682782, 39.28138801918309 ], [ 47.113180312111723, 39.28059630947326 ], [ 47.112370824148513, 39.2798497951336 ], [ 47.110821471555845, 39.278926392869955 ], [ 47.109325822115409, 39.278042775299085 ], [ 47.10908132175274, 39.277884488777616 ], [ 47.108059484283288, 39.277222950198386 ], [ 47.106380990101613, 39.276655244949268 ], [ 47.105359570825577, 39.276591399250556 ], [ 47.105031797204944, 39.276570909224418 ], [ 47.102688162386023, 39.276373127543366 ], [ 47.10121770231148, 39.276327186214914 ], [ 47.099451834129951, 39.27654029178057 ], [ 47.098413319381983, 39.276903376296985 ], [ 47.097199760317558, 39.276870876458524 ], [ 47.095799951487216, 39.276261747733948 ], [ 47.095874862799015, 39.275254513322288 ], [ 47.096691252157989, 39.273894098329841 ], [ 47.09727265075044, 39.272669311450983 ], [ 47.097489258984652, 39.271722956743851 ], [ 47.097487981161905, 39.270898334493047 ], [ 47.097212184582752, 39.270250837278681 ], [ 47.096742399885386, 39.269353096714141 ], [ 47.095939042141758, 39.268606353541976 ], [ 47.095763992171662, 39.268400146957518 ], [ 47.095044966356561, 39.267553127911803 ], [ 47.094027334635662, 39.266656172563231 ], [ 47.092891264896295, 39.266087571237108 ], [ 47.091928568896392, 39.265860200872666 ], [ 47.090897316365911, 39.265679364194938 ], [ 47.089701603468356, 39.265456160590588 ], [ 47.088710243608787, 39.265048036870226 ], [ 47.087686184031817, 39.264323319052963 ], [ 47.085995511686008, 39.263918649630831 ], [ 47.084579007058458, 39.263717473398316 ], [ 47.082926069259713, 39.263365781437159 ], [ 47.082889706216164, 39.263358044245493 ], [ 47.081426347788103, 39.263148605701922 ], [ 47.080084463642599, 39.26271042638529 ], [ 47.078784381958265, 39.262108367647279 ], [ 47.078257826670914, 39.261646541924456 ], [ 47.077948630552534, 39.261044902852966 ], [ 47.077846476974884, 39.260348946678498 ], [ 47.077829118592845, 39.258971821189775 ], [ 47.077482882103972, 39.257509944297027 ], [ 47.07680565074336, 39.25589085392933 ], [ 47.076420338068154, 39.254683408307891 ], [ 47.075856662456573, 39.253751004262405 ], [ 47.074741306426496, 39.253082168998311 ], [ 47.07337608965031, 39.252635263255257 ], [ 47.072936967703562, 39.251972488607812 ], [ 47.072127043744686, 39.250591345337604 ], [ 47.071119576399475, 39.24883310233497 ], [ 47.069713447998609, 39.246991316769737 ], [ 47.068592275035712, 39.245325692350512 ], [ 47.067646997680811, 39.244091913656355 ], [ 47.06686120680876, 39.243525891606325 ], [ 47.064672370863647, 39.242803512146089 ], [ 47.062980215382666, 39.24232603035955 ], [ 47.061324595097453, 39.241503516372049 ], [ 47.060214311991651, 39.24020009931133 ], [ 47.058513225353948, 39.237819663287048 ], [ 47.05780169456029, 39.236599791985398 ], [ 47.057100781810973, 39.234944745970047 ], [ 47.056869989779784, 39.23342638501903 ], [ 47.057315741561759, 39.231932319453158 ], [ 47.058121438796348, 39.230794375528141 ], [ 47.059420468149433, 39.229792695536666 ], [ 47.060821635590635, 39.229097306102801 ], [ 47.061358357698474, 39.228326585850702 ], [ 47.061395360433359, 39.227202225798479 ], [ 47.060689195325004, 39.226163517511608 ], [ 47.058390336274229, 39.224047389444983 ], [ 47.058000772438703, 39.222676829149421 ], [ 47.057237547718529, 39.221276620813036 ], [ 47.0563536834199, 39.219733542983484 ], [ 47.055452384321981, 39.218390132933763 ], [ 47.054996221273377, 39.217129482095842 ], [ 47.054818990540639, 39.215845783026978 ], [ 47.055034996558838, 39.214464522660663 ], [ 47.055952746444824, 39.213179620106558 ], [ 47.05666075628784, 39.212810549432163 ], [ 47.057536210817382, 39.212354182222214 ], [ 47.059003740841838, 39.212346367456234 ], [ 47.060337910736692, 39.212558385619985 ], [ 47.061062948040302, 39.21265430106962 ], [ 47.062126672978167, 39.212381728550184 ], [ 47.063337477528606, 39.211562811006971 ], [ 47.064203752188419, 39.210913107523339 ], [ 47.06462600491551, 39.210216897953671 ], [ 47.064508987102997, 39.209403378407799 ], [ 47.063165805807209, 39.208085983616243 ], [ 47.061883549888762, 39.207256850768779 ], [ 47.061331595528706, 39.20670476799976 ], [ 47.061161923051984, 39.206357608161994 ], [ 47.06063781313069, 39.205285224124772 ], [ 47.060676402220537, 39.204351706936585 ], [ 47.06070604094662, 39.203634702033796 ], [ 47.060393286248541, 39.202099666676261 ], [ 47.059794554047158, 39.201140605464055 ], [ 47.0583301846072, 39.200051848828764 ], [ 47.056140724011811, 39.198459332801058 ], [ 47.054945515933866, 39.197411090639704 ], [ 47.053949562994895, 39.196205264581138 ], [ 47.053398902582508, 39.194692526938908 ], [ 47.053106940950357, 39.193664584350159 ], [ 47.051995974037673, 39.192705446873816 ], [ 47.050655301544083, 39.191655190028513 ], [ 47.049269092997839, 39.190696545767786 ], [ 47.046384374359363, 39.188345577585778 ], [ 47.0442428913396, 39.186779172826611 ], [ 47.042041504575074, 39.185553610831498 ], [ 47.04033804299813, 39.184631931391813 ], [ 47.038605599701512, 39.183914633760807 ], [ 47.03709111278593, 39.182880851371493 ], [ 47.036139214863958, 39.181973148669236 ], [ 47.035403305331101, 39.180681049976371 ], [ 47.034293175820515, 39.17973531631916 ], [ 47.033028318586872, 39.178873832553244 ], [ 47.031517688668643, 39.178573949132492 ], [ 47.029856868508887, 39.17790964268427 ], [ 47.0277243780614, 39.177239930843122 ], [ 47.025380897235394, 39.176519474953935 ], [ 47.023558793862065, 39.175708354630387 ], [ 47.022383684336262, 39.174315051802125 ], [ 47.021371553534806, 39.173122809069937 ], [ 47.021281443661017, 39.171805814215524 ], [ 47.021649042641293, 39.170616810054931 ], [ 47.021245538123196, 39.169332440120208 ], [ 47.020394862957367, 39.168286912919065 ], [ 47.01872894716891, 39.167432224286394 ], [ 47.016043795794467, 39.166962177529065 ], [ 47.013120141501965, 39.166700091630737 ], [ 47.010912834984502, 39.167064458733662 ], [ 47.008524781237725, 39.16721440608233 ], [ 47.00682713896957, 39.167080543888282 ], [ 47.004587667500836, 39.166928795310106 ], [ 47.003244122007338, 39.166965501303075 ], [ 47.00144011118406, 39.167390720227225 ], [ 47.000699610414799, 39.167756869978952 ], [ 46.999627610013484, 39.167517001553861 ], [ 46.998190002755457, 39.166698877389557 ], [ 46.995253906310268, 39.165376266658875 ], [ 46.993856855937722, 39.164135996253059 ], [ 46.993023329642618, 39.163062783580386 ], [ 46.992191362652306, 39.162043911705887 ], [ 46.992172596330654, 39.160141148281994 ], [ 46.992428458716681, 39.158070566087709 ], [ 46.993956130300695, 39.156521960437679 ], [ 46.994244927679077, 39.155619848284132 ], [ 46.993902422818806, 39.154619794140444 ], [ 46.993045616338947, 39.153954781740346 ], [ 46.991597044746882, 39.153354254560355 ], [ 46.98986316768729, 39.152541086811759 ], [ 46.987845540052973, 39.151569612856491 ], [ 46.985085146743565, 39.150257330745006 ], [ 46.982469025735924, 39.149105649131833 ], [ 46.978806034983101, 39.147971693184338 ], [ 46.976336530680378, 39.147062064662258 ], [ 46.97407723362128, 39.146176008582408 ], [ 46.971833161423284, 39.14583339139363 ], [ 46.96883430071734, 39.144715063272514 ], [ 46.966883942283985, 39.143633335233503 ], [ 46.965705136579295, 39.142674494575658 ], [ 46.96445354942405, 39.141608120354505 ], [ 46.96335366206349, 39.140974169573539 ], [ 46.961530805124575, 39.140705814236128 ], [ 46.959928638248577, 39.140841524746911 ], [ 46.956364794104637, 39.140738297159288 ], [ 46.953872192088596, 39.140236381142287 ], [ 46.951824250384917, 39.1394007176347 ], [ 46.950048364226177, 39.139566389217904 ], [ 46.948580855160515, 39.14078717575876 ], [ 46.947935386604669, 39.142701069166989 ], [ 46.947791186116568, 39.145068760991229 ], [ 46.947461996813999, 39.147058924404739 ], [ 46.946015715503215, 39.147789955809934 ], [ 46.944000542541687, 39.148149843327531 ], [ 46.942482160550036, 39.148800472828306 ], [ 46.940558388259845, 39.149947204183086 ], [ 46.939330331202051, 39.151000763921381 ], [ 46.938289422132016, 39.15251337869298 ], [ 46.937836722349154, 39.154524918449667 ], [ 46.937771999376842, 39.154812501768575 ], [ 46.936910133941801, 39.156967820026182 ], [ 46.935989499935658, 39.158573569196363 ], [ 46.934679085978743, 39.159387465640201 ], [ 46.934193280013595, 39.159689190723483 ], [ 46.932225704617643, 39.160287673373226 ], [ 46.92985830129399, 39.16063277020141 ], [ 46.928416721940479, 39.160462237084204 ], [ 46.927309164861484, 39.16115828524709 ] ] ] } },
{ "type": "Feature", "id": 8, "properties": { "name_en": "Kashatagh", "Name_hy": "Քաշաթաղ", "Name_Alt": "Lachin", "Center": "Berdzor", "status": "controlled", "name_ru": "Кашатаг" }, "geometry": { "type": "Polygon", "coordinates": [ [ [ 46.538053164912945, 38.869073246447201 ], [ 46.535830738854187, 38.867747082782529 ], [ 46.533555615652929, 38.868162837319915 ], [ 46.533203974179159, 38.874102131486787 ], [ 46.534976705132415, 38.87664492906049 ], [ 46.534810239370863, 38.880316377594163 ], [ 46.533573337251369, 38.884956872025839 ], [ 46.533830263567509, 38.888702472890117 ], [ 46.532646678137233, 38.892431757515723 ], [ 46.532882285122255, 38.894826868844234 ], [ 46.538537319580612, 38.898062008851127 ], [ 46.536652948476757, 38.901402773603159 ], [ 46.537605690963623, 38.904669331564385 ], [ 46.535126562647143, 38.910618357865168 ], [ 46.534340539799175, 38.91417210896109 ], [ 46.533247465327072, 38.916548443263153 ], [ 46.530103599133156, 38.920089695462238 ], [ 46.529922899351078, 38.921155694295628 ], [ 46.530419721950203, 38.92315219416578 ], [ 46.529480184898567, 38.923766488046233 ], [ 46.5265925869396, 38.924982693685557 ], [ 46.523011853469924, 38.927036681086726 ], [ 46.521168929852188, 38.927542556680955 ], [ 46.517981119215229, 38.931474188676184 ], [ 46.513860053335179, 38.934045810436146 ], [ 46.512470357181492, 38.936002143036035 ], [ 46.509766389525396, 38.943715580968828 ], [ 46.507109144910295, 38.947299243804665 ], [ 46.506837914928305, 38.948752475400326 ], [ 46.508457539998084, 38.952301796217533 ], [ 46.50872954370147, 38.955647984312762 ], [ 46.507807115244894, 38.961103355188882 ], [ 46.511455022028684, 38.962495508279574 ], [ 46.516146272815902, 38.963537820052281 ], [ 46.519225906905731, 38.967706655601688 ], [ 46.522207475247306, 38.969102549592691 ], [ 46.523784161449356, 38.970201204881448 ], [ 46.523564888466844, 38.972671701609713 ], [ 46.52162396284335, 38.978359208556846 ], [ 46.519720732570754, 38.982174458201548 ], [ 46.518168437654616, 38.985129369082784 ], [ 46.518669256599289, 38.990318361553996 ], [ 46.518294758058538, 38.994953539639738 ], [ 46.520029255222184, 38.995405256923654 ], [ 46.536163062888825, 38.995723301008923 ], [ 46.538795915967036, 38.996487107265139 ], [ 46.541204616907834, 38.998892612636773 ], [ 46.542690648541274, 38.99995809356664 ], [ 46.545574702150503, 39.001412979045547 ], [ 46.546407210337769, 39.0037997414099 ], [ 46.546077299227363, 39.005282326272265 ], [ 46.544520408890435, 39.006715945181114 ], [ 46.543820786494415, 39.007855602861397 ], [ 46.542155954618522, 39.013017939861022 ], [ 46.539372342749893, 39.016185267779591 ], [ 46.539620683448298, 39.019131721278477 ], [ 46.538071915929116, 39.021430398689958 ], [ 46.537815997336608, 39.023807944849914 ], [ 46.536430614972979, 39.026560094757279 ], [ 46.538258955840568, 39.02918154917942 ], [ 46.538602193546865, 39.030872613147245 ], [ 46.538346178926403, 39.031919430207417 ], [ 46.536185771659518, 39.035856781749601 ], [ 46.536370677166197, 39.037900965166337 ], [ 46.538493523062613, 39.043574286038179 ], [ 46.539953929720816, 39.044935044753409 ], [ 46.543162607877086, 39.046349099565937 ], [ 46.545712415087181, 39.046945744585202 ], [ 46.548376372185388, 39.047050173852369 ], [ 46.550227531689799, 39.048728263335718 ], [ 46.553977352226291, 39.055869630122956 ], [ 46.553479680534963, 39.056999409523407 ], [ 46.550562216157147, 39.05873381718316 ], [ 46.550317699042466, 39.060302219676664 ], [ 46.549202727936787, 39.06130220679556 ], [ 46.548258784043412, 39.06148864847772 ], [ 46.543136986325372, 39.06089743761482 ], [ 46.542495153290979, 39.061967372743347 ], [ 46.541167155354735, 39.062753305930933 ], [ 46.535777077763512, 39.061701538492336 ], [ 46.533702594160232, 39.062023356669258 ], [ 46.52986576496199, 39.062563451017816 ], [ 46.52655033282943, 39.062328527507169 ], [ 46.520248965280921, 39.061373461491343 ], [ 46.518689818935883, 39.061480729232727 ], [ 46.517502350831229, 39.062017905867947 ], [ 46.515352840275391, 39.064606679359585 ], [ 46.516667168817264, 39.066664678250028 ], [ 46.522098846005093, 39.070745496565742 ], [ 46.524073732656078, 39.07180661371553 ], [ 46.526568865193305, 39.071906616310166 ], [ 46.529811403027644, 39.070188068432451 ], [ 46.530731085836017, 39.073746580877639 ], [ 46.531365120449394, 39.075540678391448 ], [ 46.533027337485713, 39.076426022363528 ], [ 46.535393750291284, 39.078793304980742 ], [ 46.536297510883053, 39.080952051476068 ], [ 46.536848522224616, 39.083635129035208 ], [ 46.536261285437718, 39.085270258906029 ], [ 46.534824864736713, 39.086828589821884 ], [ 46.532015224988456, 39.091652661005064 ], [ 46.531003370218102, 39.0944983291337 ], [ 46.528877397538139, 39.096193432695223 ], [ 46.524282539871457, 39.097188866140414 ], [ 46.521220713850688, 39.098295022112559 ], [ 46.518699129738629, 39.098554398040733 ], [ 46.516476779649246, 39.099204811277723 ], [ 46.514904825563718, 39.101964650182104 ], [ 46.513585858283669, 39.102904159890983 ], [ 46.512104300782681, 39.102895107237487 ], [ 46.508890749047175, 39.10422375349853 ], [ 46.504136378133239, 39.104484974161295 ], [ 46.502067597464844, 39.105456093053071 ], [ 46.50168815485209, 39.106382063784032 ], [ 46.501959136564501, 39.108057857079977 ], [ 46.503458723601696, 39.109900793216305 ], [ 46.50433205710317, 39.111606839801205 ], [ 46.505277127539209, 39.115826471701745 ], [ 46.505030424894208, 39.119264458378709 ], [ 46.50437994535816, 39.12116157074955 ], [ 46.50485869451181, 39.123411019812337 ], [ 46.504533561839615, 39.124161764371273 ], [ 46.503762525206646, 39.124649951560549 ], [ 46.501434826888435, 39.124558282739017 ], [ 46.49984485217238, 39.125055127530217 ], [ 46.499851839809551, 39.127113263688933 ], [ 46.498851077608791, 39.127300040994513 ], [ 46.495815760502211, 39.123975524560912 ], [ 46.49473167995405, 39.124644020000076 ], [ 46.493719725706207, 39.132250557400866 ], [ 46.492256220710033, 39.132973251478298 ], [ 46.483565599408045, 39.133966871261919 ], [ 46.482553746575697, 39.136713166355172 ], [ 46.482662130597653, 39.137797236638683 ], [ 46.485444554235514, 39.138465781040018 ], [ 46.488172761341112, 39.139766698286749 ], [ 46.496230963329346, 39.141031547405511 ], [ 46.496285120247855, 39.143253889365781 ], [ 46.495291273645527, 39.148945238577603 ], [ 46.496158478612415, 39.151257929912035 ], [ 46.494929857713323, 39.151836084436788 ], [ 46.491496989194495, 39.151402413386897 ], [ 46.488461595912248, 39.151727595609756 ], [ 46.484342123196122, 39.152667069813823 ], [ 46.481559693142295, 39.15230567826071 ], [ 46.476103294072622, 39.148981131145689 ], [ 46.473682231642208, 39.148041574086534 ], [ 46.471803190430272, 39.147680193978658 ], [ 46.465334921147239, 39.147933061441719 ], [ 46.463239041705499, 39.148764154381389 ], [ 46.459589296480786, 39.151365873508389 ], [ 46.457304205692871, 39.151979294201865 ], [ 46.459101353210173, 39.156786211847312 ], [ 46.459733665323803, 39.159659002457218 ], [ 46.456626008522321, 39.159622827442156 ], [ 46.449977079253998, 39.159026505276771 ], [ 46.446074476573727, 39.157255809941248 ], [ 46.442285145614413, 39.155547480901824 ], [ 46.439624322345978, 39.155250200722826 ], [ 46.439262862538911, 39.160236913077149 ], [ 46.437853532147848, 39.162332761749653 ], [ 46.43785347243309, 39.165187476515236 ], [ 46.438539982920091, 39.168295149394766 ], [ 46.438467665693594, 39.170499421905213 ], [ 46.435865871111695, 39.172161627894411 ], [ 46.43467337215958, 39.173390224191465 ], [ 46.433516897567195, 39.179930758540898 ], [ 46.432288219169045, 39.183255220909544 ], [ 46.431714248159352, 39.18867595035001 ], [ 46.443128581544272, 39.197745746009254 ], [ 46.445694157357877, 39.200058458872533 ], [ 46.449416091316586, 39.201395524395309 ], [ 46.453101906385804, 39.201937605599163 ], [ 46.459497952310301, 39.199408192618144 ], [ 46.461774505038626, 39.198793915778886 ], [ 46.464809896062818, 39.198577140493832 ], [ 46.469218473694106, 39.19666200800161 ], [ 46.473554761300683, 39.195650265342358 ], [ 46.477927174628718, 39.195108286330338 ], [ 46.479488929057311, 39.193570772101481 ], [ 46.484070251277387, 39.193554532115122 ], [ 46.488948619866946, 39.190266251598693 ], [ 46.497765803890566, 39.185062832582489 ], [ 46.49887248055721, 39.183852302987802 ], [ 46.499674879769877, 39.183494172009084 ], [ 46.503479846079117, 39.179913577654645 ], [ 46.507816171124659, 39.177113121237987 ], [ 46.508864108234022, 39.176824049472252 ], [ 46.50982169285426, 39.177185417911751 ], [ 46.510168711579972, 39.177905590878702 ], [ 46.508782732751975, 39.180193695991555 ], [ 46.505114911282192, 39.183192906846095 ], [ 46.504627062780415, 39.184078223611372 ], [ 46.506277221789851, 39.186057566481885 ], [ 46.509837148895926, 39.188517969399165 ], [ 46.509965980283475, 39.189363127243986 ], [ 46.509053540339515, 39.190185201274844 ], [ 46.502037872969431, 39.193114389774266 ], [ 46.498772902063486, 39.193681193214672 ], [ 46.498695717734854, 39.195363677519865 ], [ 46.501266170925504, 39.197710347620379 ], [ 46.50245484102625, 39.200981146137494 ], [ 46.508321487635818, 39.204883359723809 ], [ 46.509485977945801, 39.208024147732509 ], [ 46.510292776358142, 39.209165793592895 ], [ 46.515604713082389, 39.212806870320179 ], [ 46.51642306095745, 39.211441302009398 ], [ 46.51755285635938, 39.207469024858064 ], [ 46.520088663517747, 39.20130957151332 ], [ 46.520943762501915, 39.198084971133987 ], [ 46.523588947675236, 39.195885781231183 ], [ 46.527875532341987, 39.195669021774016 ], [ 46.52984060163471, 39.194779027229266 ], [ 46.531708205384703, 39.191373182459991 ], [ 46.532057611896988, 39.188953880640604 ], [ 46.532230049653627, 39.186400286664188 ], [ 46.532112177793664, 39.178753902937373 ], [ 46.535825896046376, 39.169768909150491 ], [ 46.535300877761038, 39.165282588081141 ], [ 46.536411985347293, 39.162339251912883 ], [ 46.536984033901476, 39.159114500038484 ], [ 46.537727761985074, 39.158648192851565 ], [ 46.540970878149174, 39.161033185555837 ], [ 46.544627705858375, 39.165186994257333 ], [ 46.545135374683419, 39.167067888650571 ], [ 46.544373674574807, 39.167990975937578 ], [ 46.542900922884428, 39.168841223880001 ], [ 46.542786502474023, 39.169994845004048 ], [ 46.544669937559512, 39.176246333001238 ], [ 46.555040699847915, 39.183030929071386 ], [ 46.558121306603972, 39.183402791732696 ], [ 46.564465101386553, 39.186078480350602 ], [ 46.567027385874901, 39.188049782026589 ], [ 46.568392636561917, 39.190240156589176 ], [ 46.568537122000464, 39.192088559342857 ], [ 46.56816610117432, 39.194916956564121 ], [ 46.568060803267784, 39.197051169438353 ], [ 46.56926919560194, 39.198786992777919 ], [ 46.572676004055133, 39.199532419454407 ], [ 46.57271770057713, 39.201402357035064 ], [ 46.574033419230148, 39.202463926415099 ], [ 46.577119165954024, 39.20014143005973 ], [ 46.580660476821237, 39.198876727829457 ], [ 46.583231740431103, 39.198837889676994 ], [ 46.585140279045412, 39.19931582717026 ], [ 46.587162826648893, 39.201049040193801 ], [ 46.587120146351253, 39.20317345741185 ], [ 46.584230595256948, 39.20493422210437 ], [ 46.573818921536891, 39.207934232171162 ], [ 46.572023862845391, 39.209211408917497 ], [ 46.571798125556292, 39.211037579076716 ], [ 46.572219725509612, 39.212401361359738 ], [ 46.574142952186925, 39.215940360255544 ], [ 46.575420445380608, 39.216836070123939 ], [ 46.576793187199577, 39.216991397433979 ], [ 46.583912900149159, 39.216720904902914 ], [ 46.587272877632081, 39.218263577748459 ], [ 46.589495185156693, 39.219654827710883 ], [ 46.591627141306823, 39.221642314445241 ], [ 46.593108701353245, 39.221533926324966 ], [ 46.598258080448872, 39.218552801988409 ], [ 46.599852786189636, 39.219617900940257 ], [ 46.601194042698744, 39.221019096026339 ], [ 46.602061286197028, 39.221488870222139 ], [ 46.604509490335708, 39.220522273101579 ], [ 46.607400299228694, 39.222220684402757 ], [ 46.610598286077419, 39.222690488128315 ], [ 46.613138956254758, 39.22226437396597 ], [ 46.614663517947839, 39.223557794786679 ], [ 46.615639178713188, 39.223521671515847 ], [ 46.61694008596519, 39.222220805263291 ], [ 46.620994301667182, 39.223330368702612 ], [ 46.625785445130013, 39.22869839679236 ], [ 46.629377259637721, 39.228537085679136 ], [ 46.632974782951905, 39.230184658245193 ], [ 46.633797145411855, 39.230694824417142 ], [ 46.633647138747094, 39.231457739097699 ], [ 46.63242479302091, 39.231779201633806 ], [ 46.627990715051311, 39.232210800169995 ], [ 46.625240329034696, 39.232933941264655 ], [ 46.619369296312264, 39.233113059407017 ], [ 46.611737751432273, 39.23513735924768 ], [ 46.602617058172662, 39.23427995905071 ], [ 46.596352052681596, 39.234105145108394 ], [ 46.591455736671264, 39.234121306172945 ], [ 46.578825216444542, 39.245660011360016 ], [ 46.578780365121752, 39.249611130154435 ], [ 46.57831056765508, 39.251291431045182 ], [ 46.573793551201028, 39.254724258719982 ], [ 46.571390512500884, 39.255880568438876 ], [ 46.568571939935467, 39.255844397060876 ], [ 46.560477608901031, 39.254254326634886 ], [ 46.556374193354948, 39.25406765211185 ], [ 46.553236951556443, 39.254469246039406 ], [ 46.552511841754999, 39.255886518964275 ], [ 46.551746278021163, 39.257940050238133 ], [ 46.550460278973645, 39.259217955496553 ], [ 46.547266708689826, 39.260216882022959 ], [ 46.541907676695864, 39.267495623635817 ], [ 46.538386040647502, 39.273976504020872 ], [ 46.535051210649286, 39.278934639899219 ], [ 46.532395196474234, 39.281355693444745 ], [ 46.530780523353748, 39.28416681362512 ], [ 46.522523188078118, 39.294603886884239 ], [ 46.519783525732883, 39.298574161327764 ], [ 46.520097996110785, 39.300178626939513 ], [ 46.523574115496174, 39.301911006009796 ], [ 46.533170454805123, 39.303199872936155 ], [ 46.536156298693136, 39.304239633715142 ], [ 46.537563186188663, 39.307002429153926 ], [ 46.537814940438096, 39.309378943888866 ], [ 46.534256862704723, 39.310547560467562 ], [ 46.530467157803194, 39.314936666979101 ], [ 46.528241896353514, 39.316429946078102 ], [ 46.528670610905507, 39.320524969485682 ], [ 46.519375923055122, 39.324723331603366 ], [ 46.513996713529181, 39.329077310143866 ], [ 46.511598029590303, 39.336231901319735 ], [ 46.505156728635193, 39.342790436376276 ], [ 46.503471887903011, 39.343761560026181 ], [ 46.49880585587843, 39.345112069893887 ], [ 46.496556416626852, 39.345157210833641 ], [ 46.493737875344351, 39.343639478524992 ], [ 46.490232760046041, 39.342049466227884 ], [ 46.48651083599551, 39.340242637393736 ], [ 46.485209993356364, 39.338471974971974 ], [ 46.484442158337437, 39.336312861301913 ], [ 46.483303920739075, 39.334777082545635 ], [ 46.481617011020887, 39.332116443227946 ], [ 46.474333329194444, 39.331935804576538 ], [ 46.46978024742171, 39.332026085766067 ], [ 46.467814394546309, 39.332123452096006 ], [ 46.467378902319162, 39.333138656926216 ], [ 46.468217350124746, 39.333665720112243 ], [ 46.467964384102089, 39.334478768573597 ], [ 46.462291039958487, 39.337423750287378 ], [ 46.459368824204553, 39.338473045553428 ], [ 46.453738978759986, 39.337897200967483 ], [ 46.451083724194646, 39.338285796835308 ], [ 46.447410703721673, 39.341789214665454 ], [ 46.446854202670657, 39.343056410946147 ], [ 46.446951276093422, 39.347902887889987 ], [ 46.446165311775651, 39.348661726120355 ], [ 46.445099318644857, 39.34839069533556 ], [ 46.444381096188422, 39.344218145668755 ], [ 46.441364551999335, 39.347293132137551 ], [ 46.43806189544825, 39.349528878149776 ], [ 46.434610910371951, 39.351407886995652 ], [ 46.430979280705799, 39.351714993642631 ], [ 46.430130060097262, 39.353377221807229 ], [ 46.428558156631787, 39.353702422473923 ], [ 46.425080045855523, 39.356719703299007 ], [ 46.42335497301822, 39.358742357222951 ], [ 46.420308095826584, 39.360395320506157 ], [ 46.415789438286282, 39.361322878488842 ], [ 46.408882183478831, 39.361471332446541 ], [ 46.408788481686109, 39.363023577262787 ], [ 46.410146270241533, 39.36429972449352 ], [ 46.410977996667192, 39.366325474539011 ], [ 46.409700093672313, 39.366954942123336 ], [ 46.406793092353794, 39.367313267570495 ], [ 46.404359751495498, 39.368457517706737 ], [ 46.403533952416922, 39.369475306310896 ], [ 46.403768799915568, 39.371065277000397 ], [ 46.40270276633062, 39.372709434571313 ], [ 46.402542180732169, 39.37525985752638 ], [ 46.403100131767751, 39.378653750687903 ], [ 46.401853426129676, 39.380026888734214 ], [ 46.401373202627049, 39.381349111705894 ], [ 46.39943229168631, 39.382502148522939 ], [ 46.397354483207792, 39.38317063120693 ], [ 46.394264891071174, 39.383278998747215 ], [ 46.392765257950579, 39.383640335942232 ], [ 46.392963973307985, 39.385067695835708 ], [ 46.391139097274049, 39.386513097769608 ], [ 46.388229647694175, 39.387545547262235 ], [ 46.388638928304914, 39.389285658456643 ], [ 46.393418179864149, 39.39025656072527 ], [ 46.394400226081167, 39.391472754447243 ], [ 46.394461797560865, 39.392473771807879 ], [ 46.391569696216997, 39.39363941047889 ], [ 46.389742780424768, 39.393919763162657 ], [ 46.384123656411205, 39.397392593420768 ], [ 46.383929796456258, 39.398699746938917 ], [ 46.382728244168426, 39.400831733760619 ], [ 46.385336233757386, 39.402125611358748 ], [ 46.388491752723439, 39.406134710806853 ], [ 46.389557050908628, 39.409533848321693 ], [ 46.388197669098282, 39.411132780571656 ], [ 46.390607759641263, 39.412562118066859 ], [ 46.390614532664308, 39.414816322818048 ], [ 46.389450677440387, 39.420392048632408 ], [ 46.387908858510656, 39.422478584586983 ], [ 46.384204544437736, 39.431107120940204 ], [ 46.38022211272164, 39.434656456601694 ], [ 46.385176191630514, 39.44121612103779 ], [ 46.396080014893116, 39.442092929497065 ], [ 46.390402773138007, 39.445877867548994 ], [ 46.391270950028442, 39.453122585145955 ], [ 46.392657465670872, 39.455248157508187 ], [ 46.393631426714485, 39.456012035583086 ], [ 46.395601089775454, 39.456537761133163 ], [ 46.398388767790301, 39.456278076431801 ], [ 46.406364864214311, 39.453361137660984 ], [ 46.41135964391146, 39.453281621472044 ], [ 46.414336690205381, 39.454150257906399 ], [ 46.416771284182758, 39.455871133091712 ], [ 46.418880302199483, 39.457667911971619 ], [ 46.425597402391979, 39.457772066692286 ], [ 46.43142492522967, 39.456343290119285 ], [ 46.435474464228406, 39.454613038289466 ], [ 46.441239686408331, 39.4505822074428 ], [ 46.449057704590359, 39.446528776630601 ], [ 46.452142309153963, 39.447617370074042 ], [ 46.457136184181707, 39.448298295382862 ], [ 46.46119039525253, 39.452851603893919 ], [ 46.464721912274825, 39.457531248715554 ], [ 46.468982512704443, 39.462191132164484 ], [ 46.476590654186005, 39.467308876585989 ], [ 46.480994041480756, 39.470705994549959 ], [ 46.484214433501045, 39.474148075287431 ], [ 46.484435995851534, 39.475744790337103 ], [ 46.483038925260743, 39.477205665642742 ], [ 46.482774939838372, 39.478027962554293 ], [ 46.480780363278477, 39.481433505578586 ], [ 46.48396929807857, 39.482752496733674 ], [ 46.486580081250075, 39.483258428839505 ], [ 46.490681472984612, 39.482969396082439 ], [ 46.493445874466744, 39.481487870481416 ], [ 46.496101848571392, 39.480982005512821 ], [ 46.49812543242308, 39.481325319794045 ], [ 46.498179608911265, 39.482590067544869 ], [ 46.498830030702926, 39.483448297055332 ], [ 46.500598972926269, 39.48406942095167 ], [ 46.501306994418741, 39.48402796764357 ], [ 46.502136452495712, 39.482581084073047 ], [ 46.505881000796471, 39.482712034088756 ], [ 46.50729751468802, 39.48142998315614 ], [ 46.511288909964641, 39.476646911727748 ], [ 46.514368484926678, 39.47567030065354 ], [ 46.51482019394642, 39.47498372943118 ], [ 46.514693758788141, 39.473131776760191 ], [ 46.516663131464675, 39.473845480555468 ], [ 46.518018187228172, 39.47514638051873 ], [ 46.518975781195607, 39.475065087552387 ], [ 46.520735938007, 39.473957143070379 ], [ 46.523691512502744, 39.473122857498829 ], [ 46.526112590949431, 39.473303566498409 ], [ 46.527648342900129, 39.473737213631722 ], [ 46.528118163958482, 39.470963809972332 ], [ 46.531329163452995, 39.467704029559776 ], [ 46.533755381267845, 39.467639403772253 ], [ 46.535309197938219, 39.468217593655439 ], [ 46.536411522647171, 39.4695398809247 ], [ 46.537368850331717, 39.47172277606434 ], [ 46.539724494488958, 39.472307368195864 ], [ 46.540783631885169, 39.473068871806788 ], [ 46.535119302714918, 39.476872074770469 ], [ 46.534848262084971, 39.478001309774037 ], [ 46.533195028555831, 39.479500917379916 ], [ 46.53245542542308, 39.48203824589757 ], [ 46.530679959698112, 39.484743679323294 ], [ 46.529693578652399, 39.485402936520352 ], [ 46.527539677845887, 39.485914919743102 ], [ 46.52248068459523, 39.486637567881182 ], [ 46.51937296997653, 39.489311564929331 ], [ 46.516566055162357, 39.492563435872789 ], [ 46.515214698764204, 39.493712038123512 ], [ 46.513934429857557, 39.495852044716969 ], [ 46.51337867664725, 39.497589671587932 ], [ 46.513392299422279, 39.500423195053628 ], [ 46.512947621960741, 39.50107525825733 ], [ 46.511661043510159, 39.502336074255197 ], [ 46.507275392382013, 39.503992546867323 ], [ 46.50710481036316, 39.504997389237715 ], [ 46.510385603083414, 39.508551774590579 ], [ 46.508641613523892, 39.510217030563282 ], [ 46.501757122900408, 39.513975065064614 ], [ 46.499389438807235, 39.516069744432833 ], [ 46.499082247778794, 39.517894589843849 ], [ 46.499624256152515, 39.519069004741382 ], [ 46.505179626748422, 39.520501243916073 ], [ 46.507555963150878, 39.521309514990392 ], [ 46.510048677625285, 39.524670098218301 ], [ 46.516118844851604, 39.526641760963706 ], [ 46.521427570284359, 39.528199725883482 ], [ 46.525804315043857, 39.529176772194432 ], [ 46.531684662423856, 39.529745330613686 ], [ 46.536028376255182, 39.531820708310057 ], [ 46.540190882264298, 39.535126236780002 ], [ 46.544395770235411, 39.539793359874331 ], [ 46.544449953197613, 39.54075095477792 ], [ 46.543110796662603, 39.541464031642349 ], [ 46.542048169550341, 39.542479852678802 ], [ 46.541522919625322, 39.543262343772739 ], [ 46.541622807274081, 39.544004229057677 ], [ 46.543745202181313, 39.545809934080268 ], [ 46.546292745895926, 39.546424272297998 ], [ 46.552621343711721, 39.545725948447668 ], [ 46.558325931487992, 39.544310491382483 ], [ 46.562084060219796, 39.542865114079746 ], [ 46.574409279531331, 39.540674475214935 ], [ 46.575147123481699, 39.540082837080988 ], [ 46.575132618215385, 39.537594901130092 ], [ 46.575483264795118, 39.536491492584069 ], [ 46.578587417814035, 39.534059164423049 ], [ 46.58335005107223, 39.532747408576171 ], [ 46.585463992725522, 39.532205401058775 ], [ 46.587126229920919, 39.532133150985821 ], [ 46.586932358809555, 39.532782066149707 ], [ 46.582450611175496, 39.537560925161458 ], [ 46.581519230685323, 39.542509982001235 ], [ 46.579916940242128, 39.543696460994823 ], [ 46.581640375780502, 39.548501251590743 ], [ 46.579638028040755, 39.550350919852107 ], [ 46.579067554349322, 39.553109782028564 ], [ 46.578079966224458, 39.553737149232887 ], [ 46.575887610263536, 39.553814386276166 ], [ 46.574586678651215, 39.556235456955285 ], [ 46.572234132318414, 39.55851251516971 ], [ 46.571544241502934, 39.560613693308881 ], [ 46.572437275929559, 39.563186677476018 ], [ 46.572214585749471, 39.564417595403739 ], [ 46.569626010388021, 39.56626213121433 ], [ 46.568577969606146, 39.567924259529569 ], [ 46.567917436992573, 39.56825630622523 ], [ 46.567244533769006, 39.568039190249955 ], [ 46.566629366922477, 39.568532184237746 ], [ 46.566594022442594, 39.56974440865396 ], [ 46.565508277347853, 39.570663812166899 ], [ 46.563974793987761, 39.571169159773831 ], [ 46.56192084284681, 39.571394192516223 ], [ 46.5597978851821, 39.571096046473208 ], [ 46.558986734377143, 39.570299099024993 ], [ 46.556489566140506, 39.570140309959221 ], [ 46.552491687221917, 39.570643624433202 ], [ 46.544428793680844, 39.57451582939381 ], [ 46.542660548495483, 39.573372372509013 ], [ 46.54142289987756, 39.573643373942566 ], [ 46.537606096234001, 39.575504108991247 ], [ 46.531978909055105, 39.576215310641288 ], [ 46.527341665259726, 39.579646327705603 ], [ 46.523931520742913, 39.579462430282121 ], [ 46.524471305820704, 39.58146962187439 ], [ 46.524294450040742, 39.582821605448302 ], [ 46.522750249362161, 39.583551873086712 ], [ 46.519609866637126, 39.584482767956871 ], [ 46.514490606569098, 39.584213890837688 ], [ 46.509661242494154, 39.582720947095318 ], [ 46.507142616907487, 39.582630866946161 ], [ 46.50558521814542, 39.585034673910627 ], [ 46.503633894986592, 39.585179191512175 ], [ 46.498782707648729, 39.584655162918914 ], [ 46.496030715806057, 39.584852193288263 ], [ 46.489974344087749, 39.586526346600472 ], [ 46.486550780822192, 39.586570195089159 ], [ 46.483574758337717, 39.586058901301186 ], [ 46.477812374441299, 39.584128895437814 ], [ 46.473846493056499, 39.582002849305582 ], [ 46.468351732067134, 39.578338633867503 ], [ 46.461885147793375, 39.574639479886137 ], [ 46.458726685271415, 39.573308063466349 ], [ 46.455619025902251, 39.573380295029352 ], [ 46.453107578933071, 39.574590806547299 ], [ 46.450578044143114, 39.576740844207151 ], [ 46.447849772656895, 39.578475319581742 ], [ 46.445880374059975, 39.578981193236764 ], [ 46.443608635236529, 39.578496553283664 ], [ 46.439072238152512, 39.577307061519946 ], [ 46.436969617544136, 39.575923466508819 ], [ 46.435400822339645, 39.57274380609784 ], [ 46.434244930890294, 39.569332831442281 ], [ 46.433341565503852, 39.568230683196006 ], [ 46.431173427536685, 39.56844746927424 ], [ 46.429818499933674, 39.569786926159736 ], [ 46.428688849344987, 39.57170732478324 ], [ 46.425271808068146, 39.574075865593421 ], [ 46.422791574016969, 39.575301862877822 ], [ 46.416859842204367, 39.5775800049718 ], [ 46.413185370736478, 39.579296715622121 ], [ 46.41289201447379, 39.582088530092832 ], [ 46.414604908227062, 39.585647817221286 ], [ 46.417134330766793, 39.588755513691311 ], [ 46.418579701293886, 39.59117661934544 ], [ 46.419992350973288, 39.59260459555351 ], [ 46.421885993896119, 39.596362124450756 ], [ 46.421813685348916, 39.598114701559723 ], [ 46.419681646645117, 39.600029862668002 ], [ 46.417330520459593, 39.605246726831908 ], [ 46.416395649926834, 39.613851095075361 ], [ 46.416392980141474, 39.615513937862062 ], [ 46.417061457985881, 39.616914202054502 ], [ 46.414306237417975, 39.619080462768665 ], [ 46.413506947284546, 39.620867429438 ], [ 46.413511011731671, 39.622894603321996 ], [ 46.414209155686663, 39.624574927368755 ], [ 46.41363780090618, 39.630973764811579 ], [ 46.410065946601449, 39.629800605195292 ], [ 46.408080759375551, 39.628758341890752 ], [ 46.406803877706217, 39.627610528700032 ], [ 46.403953143122962, 39.62355395629384 ], [ 46.40100815407952, 39.620807610787629 ], [ 46.395616916436758, 39.614948509058379 ], [ 46.392390004527954, 39.612369831097233 ], [ 46.389427306023791, 39.615908746697905 ], [ 46.387785527073085, 39.617382477830546 ], [ 46.385930648419347, 39.618241788219137 ], [ 46.379176708754869, 39.619391490125267 ], [ 46.375171019994433, 39.619665167587392 ], [ 46.371322824302773, 39.619452144890566 ], [ 46.373481846411742, 39.623065735428689 ], [ 46.376810227917531, 39.626480062620438 ], [ 46.376981123918888, 39.63039135338758 ], [ 46.371828373086444, 39.63575835399002 ], [ 46.369768627865902, 39.636625582723269 ], [ 46.367320440515165, 39.636788161716062 ], [ 46.362306611918136, 39.637736657795571 ], [ 46.357708328282101, 39.63933560051079 ], [ 46.352640427153034, 39.634177174598413 ], [ 46.350156301608372, 39.633311555205104 ], [ 46.346531900781763, 39.633521479080002 ], [ 46.341204270292266, 39.635952056761553 ], [ 46.336856644676061, 39.635889072448308 ], [ 46.332365014146667, 39.634596553080051 ], [ 46.326760329402234, 39.631073889355022 ], [ 46.324075399181716, 39.62819636231275 ], [ 46.322106023068564, 39.6276543026664 ], [ 46.320514786456748, 39.627881372420646 ], [ 46.318339757630461, 39.629974147038524 ], [ 46.316848235667869, 39.630653492517851 ], [ 46.314480920140142, 39.630324852155205 ], [ 46.313534996292034, 39.627815086815644 ], [ 46.311864096901253, 39.626001710523454 ], [ 46.309838060779924, 39.624925905618696 ], [ 46.303479548111035, 39.624179954387422 ], [ 46.294354055919129, 39.621185669786634 ], [ 46.291008573540481, 39.619362285098283 ], [ 46.286119060328062, 39.614795643365525 ], [ 46.284020936867854, 39.612039862438778 ], [ 46.281867445692171, 39.610803401990147 ], [ 46.279342278151489, 39.609797190730511 ], [ 46.270794333425002, 39.60840455673425 ], [ 46.264614505356484, 39.60627463664936 ], [ 46.260724940267345, 39.606026078585757 ], [ 46.258042531721216, 39.605538129310276 ], [ 46.255016117798625, 39.604504497341999 ], [ 46.251579014971981, 39.601536374126617 ], [ 46.249272131585577, 39.601011861407706 ], [ 46.241585301177103, 39.600964992478389 ], [ 46.224897610186098, 39.601739471104423 ], [ 46.195891650950749, 39.60225742644721 ], [ 46.193987224252616, 39.599412382858098 ], [ 46.19358158745149, 39.595248031948664 ], [ 46.193021529709029, 39.593224429629615 ], [ 46.192130381868886, 39.591535128120285 ], [ 46.190004284191474, 39.589809574169244 ], [ 46.185741130745654, 39.587916682467885 ], [ 46.183349729363748, 39.584784492549808 ], [ 46.181398577350848, 39.579384848810371 ], [ 46.177031841395781, 39.579510754141353 ], [ 46.176238133665777, 39.583921464949789 ], [ 46.175116496311695, 39.587026940103975 ], [ 46.175224707256831, 39.596169255223209 ], [ 46.174655472490713, 39.600830743861934 ], [ 46.171029097105354, 39.604021377816309 ], [ 46.173170058226368, 39.607812599903482 ], [ 46.172089647421835, 39.610207906278035 ], [ 46.17164686266311, 39.614926037902826 ], [ 46.164013180397831, 39.618193776371626 ], [ 46.164880400722126, 39.619729551651211 ], [ 46.164681554465687, 39.62442718064937 ], [ 46.166470205786375, 39.627155443447457 ], [ 46.169831829712791, 39.630507295347734 ], [ 46.170414183479103, 39.631940223457249 ], [ 46.171727789693769, 39.633632822070822 ], [ 46.168746606639552, 39.633632783836987 ], [ 46.164837122345723, 39.635956935632983 ], [ 46.162983804599776, 39.637591200256324 ], [ 46.16028578242625, 39.64012303708958 ], [ 46.159916281132702, 39.642141035527516 ], [ 46.15879184377151, 39.644322955564199 ], [ 46.154705856366242, 39.649626696095225 ], [ 46.151323501657558, 39.651329745367001 ], [ 46.144191701922118, 39.653495566254584 ], [ 46.13812769150271, 39.654490350214161 ], [ 46.129972619201219, 39.6566322303253 ], [ 46.125474796085854, 39.662407078333636 ], [ 46.123212937356001, 39.664448527231869 ], [ 46.117559891453404, 39.666506513726027 ], [ 46.116512709019588, 39.667967158031132 ], [ 46.114564440157714, 39.669019912917761 ], [ 46.112798370749154, 39.671007992167517 ], [ 46.108673378795174, 39.677154757913833 ], [ 46.106709833527134, 39.680634733196001 ], [ 46.104402226989322, 39.682789411110569 ], [ 46.102045471670088, 39.684492115881746 ], [ 46.09810950024864, 39.68652540114271 ], [ 46.096144356602984, 39.686874554337052 ], [ 46.09341265875458, 39.686790508549407 ], [ 46.087764081122593, 39.685259427671134 ], [ 46.081902053729308, 39.68550601926438 ], [ 46.079615422828155, 39.683263404611118 ], [ 46.078867430390943, 39.681357759325962 ], [ 46.079183715407069, 39.676759504916554 ], [ 46.075199777931353, 39.678325792222246 ], [ 46.072960884044264, 39.679574424421958 ], [ 46.069947509919537, 39.682649357774167 ], [ 46.067538131853453, 39.683705572486538 ], [ 46.066463833665352, 39.684555602887968 ], [ 46.064243351542274, 39.689034666645789 ], [ 46.062994715749426, 39.689433867865873 ], [ 46.059732290431775, 39.689431367264966 ], [ 46.058111679633072, 39.690124734416678 ], [ 46.057389523705559, 39.691797182005558 ], [ 46.058206673546422, 39.693228047090834 ], [ 46.060343520232941, 39.694184081370544 ], [ 46.065033593152606, 39.694528932978024 ], [ 46.06615645798631, 39.694935557617761 ], [ 46.069069090982637, 39.698213549048774 ], [ 46.069300149747725, 39.69963322945668 ], [ 46.068060251492454, 39.701652635159945 ], [ 46.060790007894454, 39.709823366689314 ], [ 46.055618979726304, 39.714355760240899 ], [ 46.048626891545275, 39.718064029641624 ], [ 46.041547576905934, 39.721422655254081 ], [ 46.036380154164441, 39.723229370090898 ], [ 46.033850615716368, 39.725542017620441 ], [ 46.032405131309574, 39.728432849110192 ], [ 46.031104162579631, 39.732552293742735 ], [ 46.03089918112952, 39.734036733621629 ], [ 46.031492497870993, 39.738198490310424 ], [ 46.030471607705124, 39.741017056004978 ], [ 46.027909568370191, 39.743850172499421 ], [ 46.025880330040295, 39.745322234224254 ], [ 46.023554436754615, 39.746554523819157 ], [ 46.016879020385844, 39.746738360913888 ], [ 46.013821286432773, 39.747940104661289 ], [ 46.008963004629926, 39.75136355730227 ], [ 46.005334309520542, 39.752744153856547 ], [ 46.00376102916006, 39.753953371240009 ], [ 46.003000194094035, 39.755417250755656 ], [ 46.002485706002801, 39.757974642553236 ], [ 46.002651193761942, 39.759281914757977 ], [ 46.00344018535295, 39.760276819721447 ], [ 46.003768523313404, 39.761623907481209 ], [ 46.002756875798298, 39.762567854919538 ], [ 45.998904987952479, 39.76471434508035 ], [ 45.995132687396797, 39.768714357120231 ], [ 45.993806599391398, 39.7696789673737 ], [ 45.989354123005626, 39.771639656263318 ], [ 45.987855178375973, 39.773704332661822 ], [ 45.984045591145367, 39.781163138489184 ], [ 45.9827537045459, 39.783042174375062 ], [ 45.980567461505395, 39.784993469986212 ], [ 45.977983732883679, 39.786691811093526 ], [ 45.968046349736895, 39.791624195905051 ], [ 45.962047448950372, 39.790979331010924 ], [ 45.956474408291776, 39.790831506637055 ], [ 45.947761580710193, 39.78812372638852 ], [ 45.94325153028251, 39.787333973086774 ], [ 45.939207346143967, 39.787417730272942 ], [ 45.93461141722922, 39.78854289204255 ], [ 45.936030846427549, 39.798684192713367 ], [ 45.938442620164842, 39.802701144810406 ], [ 45.942372232654158, 39.810814879854945 ], [ 45.945483577926147, 39.814207799551518 ], [ 45.946875838428838, 39.816014653158923 ], [ 45.947212899805379, 39.819957410443493 ], [ 45.950048773640681, 39.822134251516587 ], [ 45.953409819319411, 39.824761258190868 ], [ 45.956537098266537, 39.827517367242642 ], [ 45.959604819519001, 39.829364781481608 ], [ 45.96259333615928, 39.830594582189349 ], [ 45.965983331623825, 39.831857326943329 ], [ 45.968891874124481, 39.832414895881534 ], [ 45.972876978532618, 39.83405428804614 ], [ 45.975138764758867, 39.835562585050326 ], [ 45.978074097551513, 39.837992441163678 ], [ 45.981000801016101, 39.841458666167014 ], [ 45.983701036254324, 39.845563103112021 ], [ 45.986530198268476, 39.850411835901774 ], [ 45.990702071578468, 39.858376321654227 ], [ 45.993193346256419, 39.862627761007175 ], [ 45.996619753769124, 39.867889295668782 ], [ 46.000115625200827, 39.873022850547883 ], [ 46.002190758613395, 39.876168577902099 ], [ 46.004376903606179, 39.878822395125837 ], [ 46.006743485769896, 39.880892784989207 ], [ 46.010706721133431, 39.884003765968892 ], [ 46.013382861687788, 39.88623495495824 ], [ 46.015688295467321, 39.888923872662936 ], [ 46.016566878640091, 39.890879806551602 ], [ 46.016855535632594, 39.894440902897898 ], [ 46.018113006252115, 39.898066221357006 ], [ 46.020158999769514, 39.899139144850103 ], [ 46.023787827027576, 39.900288976673991 ], [ 46.027437390291226, 39.901238511419734 ], [ 46.030586740436945, 39.901883288133384 ], [ 46.033271442127614, 39.903023026841815 ], [ 46.035304335899582, 39.904768520895182 ], [ 46.037517550513705, 39.90745742215708 ], [ 46.039451038133045, 39.908858278428184 ], [ 46.040613015795834, 39.910756934030424 ], [ 46.040962010933477, 39.913535599527087 ], [ 46.041584700582781, 39.915675445611392 ], [ 46.043692598230969, 39.917656474458575 ], [ 46.046304536877287, 39.918614743414714 ], [ 46.04904045043854, 39.918408205346637 ], [ 46.052899007457412, 39.917500510519844 ], [ 46.055156537656671, 39.916898175024677 ], [ 46.056506425776703, 39.91715860751097 ], [ 46.058966221537531, 39.917427074100864 ], [ 46.060248448727705, 39.916360820232669 ], [ 46.061847673178903, 39.914418929981899 ], [ 46.064365204822245, 39.910795878269006 ], [ 46.066403876811123, 39.909806624633667 ], [ 46.068847522330231, 39.911623255978029 ], [ 46.072714052066509, 39.913832269235009 ], [ 46.075286984830825, 39.915766445150922 ], [ 46.078069433979088, 39.917487386450212 ], [ 46.081029123871602, 39.916551139386421 ], [ 46.083480386769821, 39.916273716174878 ], [ 46.086439517692689, 39.915264218341143 ], [ 46.090508656349357, 39.912789680175663 ], [ 46.094046306608696, 39.909574568272092 ], [ 46.097974460134189, 39.905701111736491 ], [ 46.100948990388801, 39.902745662203465 ], [ 46.101026269063389, 39.900199496666943 ], [ 46.1008346160136, 39.897074070003093 ], [ 46.100026405975115, 39.895245390798308 ], [ 46.097858807208631, 39.892538680508217 ], [ 46.0963389837191, 39.890480346477062 ], [ 46.096680226125564, 39.88967712525789 ], [ 46.099316136429302, 39.88772490767542 ], [ 46.101124484998344, 39.887162300158899 ], [ 46.105013510018047, 39.886834400766432 ], [ 46.111568467430558, 39.886444484724322 ], [ 46.116898918523752, 39.886229633412441 ], [ 46.122626463770189, 39.88721068437431 ], [ 46.129685840409707, 39.887360310042084 ], [ 46.133134440014956, 39.887526662303515 ], [ 46.136832722722218, 39.887090469743384 ], [ 46.143354219406717, 39.886117272200693 ], [ 46.147501611863916, 39.885730855937588 ], [ 46.15409695876204, 39.884956322379679 ], [ 46.158864463023484, 39.884963323217605 ], [ 46.162506987719169, 39.88543595170627 ], [ 46.165257482283756, 39.886190156748434 ], [ 46.167548112581756, 39.887658010364724 ], [ 46.170941992952983, 39.890151034990012 ], [ 46.17466930454502, 39.892804215380409 ], [ 46.175519512426561, 39.8942137641762 ], [ 46.175799628007844, 39.896792709862765 ], [ 46.176905792869377, 39.897981472593088 ], [ 46.178371873143163, 39.898130217506896 ], [ 46.183457551305253, 39.89736934299988 ], [ 46.18598473678027, 39.897452612411755 ], [ 46.187559034483932, 39.898400123205377 ], [ 46.190284497242942, 39.900390331673115 ], [ 46.192096230930446, 39.902771684725245 ], [ 46.194267511442106, 39.905458391417312 ], [ 46.195954858011774, 39.907459149950476 ], [ 46.197420045437049, 39.908898550120696 ], [ 46.200324900862448, 39.910304854646249 ], [ 46.2022033844462, 39.911067197759678 ], [ 46.203402750014426, 39.912145646307749 ], [ 46.204444870756646, 39.913680253190385 ], [ 46.206478848556834, 39.916568145202262 ], [ 46.20783088414823, 39.918263127886732 ], [ 46.210453445649641, 39.92103572464346 ], [ 46.213566890517619, 39.923512219217073 ], [ 46.216865799517365, 39.92511397202486 ], [ 46.220234959101205, 39.924678568528435 ], [ 46.22572404180525, 39.922620706810164 ], [ 46.228407702516947, 39.922155948687575 ], [ 46.232060447050905, 39.923062623805166 ], [ 46.236898348693202, 39.924211085138282 ], [ 46.242568622746276, 39.924368628627185 ], [ 46.247079919217029, 39.923120216425502 ], [ 46.251726079712093, 39.921506544746833 ], [ 46.254823746601872, 39.923036660855139 ], [ 46.2583106209538, 39.925180637150611 ], [ 46.263473848089795, 39.928578946512516 ], [ 46.27028841598279, 39.931849850698491 ], [ 46.274071282838449, 39.93368235734895 ], [ 46.279240154444807, 39.933169562828809 ], [ 46.283614402852308, 39.932175781668292 ], [ 46.289619501839908, 39.930000099410435 ], [ 46.296012266104363, 39.928365214245837 ], [ 46.300236967021398, 39.929481514358848 ], [ 46.303502541919705, 39.932317492375248 ], [ 46.305132752719182, 39.936080864167188 ], [ 46.306423555480158, 39.939375321662666 ], [ 46.30924815560612, 39.941343396785641 ], [ 46.313288415807676, 39.942643109526216 ], [ 46.316295305246953, 39.944245319445585 ], [ 46.320046179330227, 39.94522081744482 ], [ 46.324961848763436, 39.945346547703075 ], [ 46.330464040238461, 39.946483488736781 ], [ 46.33447117644883, 39.948473725388467 ], [ 46.337159484027453, 39.950660855048113 ], [ 46.337866830653553, 39.953016251615452 ], [ 46.339897426190319, 39.956592675792578 ], [ 46.339895764911347, 39.956594849795202 ], [ 46.343406050756371, 39.959624685378863 ], [ 46.344966699450843, 39.960897450626682 ], [ 46.347012009156899, 39.962182743957641 ], [ 46.349790934328119, 39.963523093501657 ], [ 46.351444489185653, 39.964103803419576 ], [ 46.353517183202932, 39.964370515895233 ], [ 46.355578619628545, 39.96466459459797 ], [ 46.358014738640811, 39.964190638563295 ], [ 46.359591674101893, 39.963881252892776 ], [ 46.360994228187224, 39.96311936473554 ], [ 46.364542117211045, 39.96093227379248 ], [ 46.366682870057438, 39.959279837863164 ], [ 46.369061894932024, 39.957733635292058 ], [ 46.371478776400934, 39.956905091934878 ], [ 46.373208097789345, 39.956548265625884 ], [ 46.374935784803036, 39.956700505332847 ], [ 46.376656225612905, 39.957080069699316 ], [ 46.380054673207454, 39.958075981551389 ], [ 46.381714295000407, 39.958365288818271 ], [ 46.384504033080177, 39.958459267211857 ], [ 46.388327179833006, 39.958249906797612 ], [ 46.392457727059941, 39.95805490889952 ], [ 46.39847745879301, 39.95781880422323 ], [ 46.403414353398929, 39.957777314212528 ], [ 46.406653973760015, 39.957919854438508 ], [ 46.408079359118659, 39.958302531455537 ], [ 46.410700699887606, 39.959397884970727 ], [ 46.413398973670652, 39.960783137865661 ], [ 46.416555910227878, 39.962635430359306 ], [ 46.420040712937961, 39.964338170225261 ], [ 46.421559283970808, 39.964646813865244 ], [ 46.422949582084954, 39.964466123640932 ], [ 46.425180817297118, 39.963820552672559 ], [ 46.428451346752446, 39.963162134678221 ], [ 46.432723759873525, 39.962963951756429 ], [ 46.437406077131946, 39.963160511659346 ], [ 46.441420579696768, 39.964183336299755 ], [ 46.444936460813224, 39.96508497117199 ], [ 46.449015522673939, 39.965797648765985 ], [ 46.452254267760758, 39.966993421128784 ], [ 46.454233922804598, 39.966750426301722 ], [ 46.457792066635932, 39.965178521122759 ], [ 46.462612413461407, 39.962972431184106 ], [ 46.46423795224959, 39.961642873361399 ], [ 46.464214685716925, 39.960552306210062 ], [ 46.463312437422601, 39.958127443584701 ], [ 46.461134126940664, 39.953464216687728 ], [ 46.460781874702221, 39.950232429690438 ], [ 46.459265219403022, 39.945560819141569 ], [ 46.459441880707836, 39.942758709472315 ], [ 46.458284625740781, 39.93942795441378 ], [ 46.458116863341218, 39.935975656617899 ], [ 46.458250967189429, 39.933392252893405 ], [ 46.460859954390294, 39.927250549616289 ], [ 46.462986290591168, 39.922860264759777 ], [ 46.466149455549527, 39.918384107046535 ], [ 46.46959254942611, 39.915976964633529 ], [ 46.471582330826365, 39.915009005529967 ], [ 46.474356887626648, 39.912712047686156 ], [ 46.479441559154388, 39.908720147774204 ], [ 46.483710919721297, 39.906356584442108 ], [ 46.486745669711006, 39.904772311046443 ], [ 46.489991525084299, 39.9042215713079 ], [ 46.49263903699628, 39.903296641412169 ], [ 46.494444883773554, 39.903836994459915 ], [ 46.497356809700705, 39.904217590656245 ], [ 46.500322311109798, 39.904888318292073 ], [ 46.503038516321062, 39.903871356948976 ], [ 46.50527349458762, 39.902442414964099 ], [ 46.507136470073618, 39.900200115293885 ], [ 46.508048940525043, 39.898751941078984 ], [ 46.508795391203407, 39.897269557787325 ], [ 46.509644639763486, 39.895094947654016 ], [ 46.510635015272157, 39.892900311122531 ], [ 46.511302977044707, 39.891073491581018 ], [ 46.51253918291259, 39.889330162575561 ], [ 46.513227447351461, 39.888430305726359 ], [ 46.513742136460905, 39.887150906479135 ], [ 46.514028466843499, 39.885147240053598 ], [ 46.514345574227825, 39.883470431543387 ], [ 46.516477281614229, 39.881678999024366 ], [ 46.51829022103734, 39.880418955691496 ], [ 46.518526073149665, 39.879343177948371 ], [ 46.518687936714613, 39.878122919161072 ], [ 46.518799405568956, 39.876757870519924 ], [ 46.51985608361958, 39.875453161708165 ], [ 46.521366843839907, 39.873342514450123 ], [ 46.522323841521235, 39.871802735174299 ], [ 46.525442874116258, 39.869870904102527 ], [ 46.532566193989609, 39.865522584657249 ], [ 46.5371831087487, 39.862999589822735 ], [ 46.541570127139707, 39.860912490898954 ], [ 46.543140547276373, 39.860455256534991 ], [ 46.545000892561468, 39.860303219195785 ], [ 46.546258554805767, 39.859577391052895 ], [ 46.547548249723889, 39.858178417707592 ], [ 46.548614608912217, 39.856291520086977 ], [ 46.55003914949409, 39.854599819045106 ], [ 46.551883186377047, 39.852684313492936 ], [ 46.554791154322679, 39.850881789018437 ], [ 46.555778888556688, 39.849704946222452 ], [ 46.556098718984821, 39.847155286039587 ], [ 46.556538657390973, 39.843658588684519 ], [ 46.556173668191498, 39.842118082157143 ], [ 46.55418387154058, 39.840690263631167 ], [ 46.553151589737965, 39.839885935657307 ], [ 46.552216284581363, 39.83751379016612 ], [ 46.551882934478051, 39.834866711065814 ], [ 46.551338759308145, 39.832692239311157 ], [ 46.550489787115154, 39.830594563770475 ], [ 46.548653217328777, 39.82861915836515 ], [ 46.547248004187246, 39.826947051524307 ], [ 46.546665052599138, 39.825136696922208 ], [ 46.546738890230642, 39.823172132450672 ], [ 46.548227506245254, 39.822261389952644 ], [ 46.551135269225959, 39.821549836030954 ], [ 46.554510296488473, 39.820650135676154 ], [ 46.558648281125031, 39.819085561992765 ], [ 46.560385095770449, 39.818734949094271 ], [ 46.562039547224863, 39.818912676708401 ], [ 46.562850921259709, 39.818301765680673 ], [ 46.56332117974776, 39.817204551796145 ], [ 46.563863451769684, 39.815124575237391 ], [ 46.564231236511766, 39.812628778658812 ], [ 46.563868031454774, 39.812206414960656 ], [ 46.562684664442088, 39.811290425182619 ], [ 46.562350708565027, 39.810076775506133 ], [ 46.562489750600577, 39.808929480096829 ], [ 46.563559096950563, 39.807224210006623 ], [ 46.565054677801839, 39.805286658394387 ], [ 46.566334754992042, 39.803523975413171 ], [ 46.567235160971705, 39.802292305002119 ], [ 46.568076648849733, 39.801022242494994 ], [ 46.568538441096479, 39.799870972408605 ], [ 46.568018001736412, 39.798750764922943 ], [ 46.56738970869435, 39.797032027697284 ], [ 46.567675800840803, 39.796137276432752 ], [ 46.568393438988103, 39.795563955538384 ], [ 46.569390505544035, 39.794841399945362 ], [ 46.570506600766919, 39.794171768670424 ], [ 46.570442525862539, 39.793427200798476 ], [ 46.569913424875331, 39.792961646434932 ], [ 46.568435272634588, 39.792218021676952 ], [ 46.566858783348756, 39.791293892279306 ], [ 46.565751075292646, 39.790254327471018 ], [ 46.565566370354787, 39.789384114405173 ], [ 46.565542469551943, 39.78832991751996 ], [ 46.565850052339094, 39.787343972744161 ], [ 46.566319001089305, 39.785885692391254 ], [ 46.567330748256111, 39.784137827032232 ], [ 46.568061709018032, 39.782799327355839 ], [ 46.568902587767568, 39.781666509229822 ], [ 46.570254884110817, 39.779993709937379 ], [ 46.571794740094361, 39.778281991438902 ], [ 46.573119620831982, 39.776445897499777 ], [ 46.573358036873671, 39.775533595202212 ], [ 46.573353030886032, 39.774279146692692 ], [ 46.572812446488769, 39.772268339797336 ], [ 46.571969419027084, 39.770425259910297 ], [ 46.571773534580124, 39.769064307350973 ], [ 46.572168960127058, 39.767804432654721 ], [ 46.572662717878536, 39.766725038023047 ], [ 46.572746147763759, 39.765214849095422 ], [ 46.572489123215824, 39.764272898138231 ], [ 46.571434667023844, 39.76348719945922 ], [ 46.571338805934651, 39.762379430040134 ], [ 46.571594554840146, 39.761194173175149 ], [ 46.571439976034888, 39.759978162598884 ], [ 46.570820733144359, 39.757685945248113 ], [ 46.569838330732367, 39.754881113327691 ], [ 46.568712664479783, 39.751987300655941 ], [ 46.567791539918453, 39.749799789809948 ], [ 46.566384261140946, 39.747740616501943 ], [ 46.566333544029085, 39.746541322760869 ], [ 46.567013967797109, 39.745386703421836 ], [ 46.567935998886171, 39.74450153851982 ], [ 46.569447859863239, 39.74366293591148 ], [ 46.571226525925546, 39.742129805092688 ], [ 46.572143069174693, 39.740768954215596 ], [ 46.572038978914144, 39.739297662662928 ], [ 46.572459029410425, 39.738091993019076 ], [ 46.573257396212448, 39.736953920113137 ], [ 46.575060591461835, 39.735474942448278 ], [ 46.575803937686203, 39.733992149927701 ], [ 46.575989133605411, 39.732183034495065 ], [ 46.576813104688867, 39.730742134266386 ], [ 46.577070245471802, 39.728593220937697 ], [ 46.577926615051304, 39.72690888133075 ], [ 46.578206506933988, 39.725759639506521 ], [ 46.578037509013377, 39.724543774499018 ], [ 46.577074795245402, 39.722593252829412 ], [ 46.577082527206542, 39.720865900959978 ], [ 46.578197789610549, 39.72021438835035 ], [ 46.579881221728307, 39.719700585466946 ], [ 46.58216880880024, 39.718840587993085 ], [ 46.585275660275691, 39.717772518918281 ], [ 46.586386029287624, 39.717943899109073 ], [ 46.587564774173302, 39.71852303920776 ], [ 46.588635328835281, 39.717981127536859 ], [ 46.58958681034278, 39.716868118294208 ], [ 46.589722341573164, 39.715593554329828 ], [ 46.589538484406397, 39.714250637879537 ], [ 46.58859663422492, 39.712190834723465 ], [ 46.587018616373477, 39.710103359029752 ], [ 46.585311567562442, 39.708544888371492 ], [ 46.582583165399797, 39.706582144234808 ], [ 46.581429561322636, 39.705543333949485 ], [ 46.580893196957518, 39.704732468256324 ], [ 46.580983055191538, 39.703513077946731 ], [ 46.58089088996924, 39.702568890259741 ], [ 46.579381525266633, 39.701407631431415 ], [ 46.576868236555136, 39.699569092323273 ], [ 46.575101423156219, 39.698465817978345 ], [ 46.574029805046578, 39.69791672257093 ], [ 46.572802992584748, 39.697787897121515 ], [ 46.570871138631553, 39.69770496431358 ], [ 46.568517823671414, 39.69771860265908 ], [ 46.566818387235692, 39.697505190424963 ], [ 46.565531802110492, 39.696813463952715 ], [ 46.564665882850768, 39.695988782582724 ], [ 46.562650131173299, 39.694270495068594 ], [ 46.560279522509994, 39.692466032892085 ], [ 46.558907792968256, 39.691120835854747 ], [ 46.558091761334055, 39.689368168751862 ], [ 46.557897656470644, 39.688061693192019 ], [ 46.557848798140554, 39.686935084896305 ], [ 46.558268809730137, 39.685729457494652 ], [ 46.558664056398648, 39.684469615854766 ], [ 46.558838986945702, 39.682830915559038 ], [ 46.558868272854234, 39.68099417160397 ], [ 46.558844790963775, 39.678903591810752 ], [ 46.55904876703574, 39.676464504864668 ], [ 46.559520049155395, 39.67440364260429 ], [ 46.559876973715028, 39.672489768052216 ], [ 46.560319981668478, 39.671265640529874 ], [ 46.561215169464546, 39.670271794475852 ], [ 46.562826736889285, 39.668704668107644 ], [ 46.566357443110753, 39.665657108361955 ], [ 46.568317031906879, 39.663885211758 ], [ 46.570338842062647, 39.661748806129189 ], [ 46.570441200400197, 39.661074697753676 ], [ 46.570207333546229, 39.660096046825736 ], [ 46.569616210847798, 39.658922225781751 ], [ 46.568301564986598, 39.656958178585874 ], [ 46.566731618127193, 39.655143014289244 ], [ 46.565022865998458, 39.652384246726911 ], [ 46.563061752821994, 39.64990157565741 ], [ 46.561317297416252, 39.647634138317109 ], [ 46.560864645811172, 39.646331134445774 ], [ 46.560603587708862, 39.644134645857783 ], [ 46.560472357933882, 39.642481865476896 ], [ 46.561389469191163, 39.641433175815003 ], [ 46.562351936044728, 39.640311141515539 ], [ 46.563148170193877, 39.639118609578652 ], [ 46.563551861957983, 39.637204085188358 ], [ 46.563782616900049, 39.63596461489665 ], [ 46.56393055879375, 39.634180804548066 ], [ 46.564511038912535, 39.632809349610298 ], [ 46.56503162806348, 39.631911426171946 ], [ 46.565616576481553, 39.630739905364635 ], [ 46.566896842017506, 39.62912263894593 ], [ 46.568118733358475, 39.629087965849017 ], [ 46.569249475059429, 39.629181784290765 ], [ 46.570644127693221, 39.629508386698205 ], [ 46.571689082566245, 39.629966977838336 ], [ 46.573243363160664, 39.630073206695954 ], [ 46.576506163339999, 39.629828963004691 ], [ 46.582119103954966, 39.629534455111077 ], [ 46.584155111759273, 39.630143064930579 ], [ 46.586303032955847, 39.63153192733342 ], [ 46.589126286757555, 39.633656963541583 ], [ 46.592368267748114, 39.635576189264206 ], [ 46.594767176818429, 39.636615996564529 ], [ 46.597740061481957, 39.637047860524447 ], [ 46.599217724406145, 39.63688206789903 ], [ 46.600778096395025, 39.636224209134923 ], [ 46.603269931214271, 39.634153479176206 ], [ 46.605097557047081, 39.631837333016456 ], [ 46.605930718953566, 39.630244002059264 ], [ 46.606484724454319, 39.628781799022093 ], [ 46.607009314777955, 39.627065455379125 ], [ 46.60696894158869, 39.625320563786509 ], [ 46.60663812169124, 39.623216054191602 ], [ 46.606517970172035, 39.620054085255603 ], [ 46.606874585081549, 39.617176428465022 ], [ 46.607166603095081, 39.61557238965527 ], [ 46.608345726962099, 39.613701524178282 ], [ 46.609901622425774, 39.611861788692089 ], [ 46.610832141638703, 39.609412525067626 ], [ 46.61120117867047, 39.607080134007838 ], [ 46.610425662050588, 39.606072706405598 ], [ 46.608608719622019, 39.604752427103691 ], [ 46.605507072021219, 39.60275897235077 ], [ 46.603491439945699, 39.600968628956792 ], [ 46.601502804440599, 39.598305147836371 ], [ 46.600623506775698, 39.596862717706685 ], [ 46.600349234402856, 39.595157400629255 ], [ 46.601021407734372, 39.593729952329113 ], [ 46.602399180924252, 39.592329133009784 ], [ 46.60410998645871, 39.591105518020747 ], [ 46.607078383845881, 39.589391758597955 ], [ 46.612373008358915, 39.586663839418769 ], [ 46.617533035996608, 39.584228464428655 ], [ 46.619733481310654, 39.583870532230556 ], [ 46.622553116122347, 39.583867549555436 ], [ 46.62979820193231, 39.584202499035072 ], [ 46.634252736535799, 39.583776283923207 ], [ 46.639992625832683, 39.582059031358007 ], [ 46.64660585343222, 39.579529120594934 ], [ 46.65245059514347, 39.576318858486111 ], [ 46.656253130655415, 39.574191982098505 ], [ 46.657650640748919, 39.573062922688642 ], [ 46.659951902467483, 39.571527432924533 ], [ 46.662150340723741, 39.570668020500626 ], [ 46.66455923809761, 39.570326873204273 ], [ 46.667335616276667, 39.570440392434932 ], [ 46.672441067715617, 39.571838977278446 ], [ 46.675677592660968, 39.572957647421752 ], [ 46.67814046344747, 39.574854051818804 ], [ 46.680474261959617, 39.576322947013502 ], [ 46.68270149702991, 39.576658700007613 ], [ 46.685271164991875, 39.576406791506187 ], [ 46.689533002598665, 39.575670241739701 ], [ 46.69402570024382, 39.574654177258317 ], [ 46.696622896365874, 39.573910963042522 ], [ 46.698063833815944, 39.572877937936667 ], [ 46.69886497654398, 39.571608925432081 ], [ 46.698898543889513, 39.569737816555119 ], [ 46.698018134681902, 39.567757404954158 ], [ 46.697467342223568, 39.56629349069626 ], [ 46.694986354538379, 39.56366177764982 ], [ 46.693996276920927, 39.562050923308291 ], [ 46.693565921389215, 39.560646564211559 ], [ 46.693449427241511, 39.55911496527326 ], [ 46.693249261464146, 39.557400589485376 ], [ 46.693688692008784, 39.555922219133038 ], [ 46.69360307627543, 39.555025371068382 ], [ 46.69345210613762, 39.553330319164665 ], [ 46.693374512568518, 39.551625172842606 ], [ 46.692640666847453, 39.549677839919767 ], [ 46.691818884573628, 39.548570934936343 ], [ 46.690667318406192, 39.547273019204695 ], [ 46.690080778161402, 39.545435412153033 ], [ 46.69019227589132, 39.544074726059726 ], [ 46.690167729050202, 39.543063104220387 ], [ 46.690214188516414, 39.541713123041312 ], [ 46.690236846272668, 39.539382174358742 ], [ 46.690355049242498, 39.5377244882905 ], [ 46.690246294439213, 39.53487412647894 ], [ 46.69017416638318, 39.531900566199596 ], [ 46.6900951738888, 39.530276412420378 ], [ 46.690417993973561, 39.528891742943578 ], [ 46.69122400779203, 39.527837368734524 ], [ 46.692971097266941, 39.526401290339592 ], [ 46.693978689324169, 39.525497290921948 ], [ 46.694980291734318, 39.524348041336431 ], [ 46.6956114490605, 39.522621532416373 ], [ 46.696294140096917, 39.519759621206418 ], [ 46.696925262427939, 39.516407799852558 ], [ 46.697360683758973, 39.513150830366918 ], [ 46.698515887792141, 39.510190003049942 ], [ 46.699925624120475, 39.507930763074121 ], [ 46.70089104930004, 39.506935321723262 ], [ 46.702865973983663, 39.506753073381802 ], [ 46.706782217138596, 39.506634298885793 ], [ 46.712874198583869, 39.506452682906527 ], [ 46.719245411893553, 39.506358615948777 ], [ 46.720762785624665, 39.506888151368564 ], [ 46.722931527727276, 39.508143999316864 ], [ 46.725915350580351, 39.510338353747379 ], [ 46.728176357397558, 39.512114054592665 ], [ 46.7314885486905, 39.51476336957446 ], [ 46.734284944903798, 39.517358953199938 ], [ 46.736248843213943, 39.519905575065501 ], [ 46.738533361102043, 39.522600695736116 ], [ 46.740885970432501, 39.526429389463239 ], [ 46.743505974117014, 39.529855362916337 ], [ 46.74520003871919, 39.531087237270995 ], [ 46.746968725630929, 39.532133969030411 ], [ 46.750802933620747, 39.533425565216803 ], [ 46.752951446023225, 39.533822497811087 ], [ 46.7550706406807, 39.533054530011796 ], [ 46.758549014483826, 39.531223323925879 ], [ 46.760521340287298, 39.530917467822775 ], [ 46.76344137244179, 39.530505203425093 ], [ 46.767222134409792, 39.529681123590656 ], [ 46.770558029356472, 39.528495709765629 ], [ 46.774045899224006, 39.527062554034302 ], [ 46.774519896494198, 39.525460693066478 ], [ 46.773964756123164, 39.523874543909628 ], [ 46.772928438248194, 39.522050406174166 ], [ 46.772730359251966, 39.520489468037376 ], [ 46.77380504682538, 39.519154437222276 ], [ 46.776228468673033, 39.51792145442446 ], [ 46.780062497025867, 39.516114838750987 ], [ 46.780836026914592, 39.515397673303433 ], [ 46.78033214855207, 39.514270755393461 ], [ 46.779909002491209, 39.513203930401609 ], [ 46.780126889877124, 39.512433945938604 ], [ 46.781054762553957, 39.511561085347644 ], [ 46.781825883462915, 39.510751952458385 ], [ 46.782926500839203, 39.508895119669504 ], [ 46.784047448464619, 39.507835277881505 ], [ 46.783989841688623, 39.507130846241402 ], [ 46.782672221226754, 39.506691074553103 ], [ 46.780768091480248, 39.506536268719977 ], [ 46.777576080925343, 39.507106451983951 ], [ 46.774266857999351, 39.507739669092778 ], [ 46.772752981092012, 39.507364112229752 ], [ 46.771883806636197, 39.505874734519153 ], [ 46.771422830817237, 39.504869784522491 ], [ 46.771042442036027, 39.502360971990889 ], [ 46.771264941864153, 39.500210963005877 ], [ 46.771779189700453, 39.498639159982609 ], [ 46.772549504474298, 39.497799433612009 ], [ 46.773474169645709, 39.496804017266925 ], [ 46.773863414934539, 39.494988783889525 ], [ 46.774107451223834, 39.492133120868409 ], [ 46.774574812379136, 39.48872205858342 ], [ 46.774984842266207, 39.486170517508896 ], [ 46.775415897246212, 39.484446636355784 ], [ 46.776119939080871, 39.482565252385065 ], [ 46.777131035575579, 39.480311177469083 ], [ 46.77829404433831, 39.477809441156055 ], [ 46.778524078659039, 39.475965957741714 ], [ 46.778482430606246, 39.472777322193878 ], [ 46.778918013703674, 39.471237352995068 ], [ 46.779520373371284, 39.470032156334547 ], [ 46.780114118253948, 39.468489761221818 ], [ 46.779512775476803, 39.466628334496193 ], [ 46.77799640398063, 39.464566238400714 ], [ 46.774356121322029, 39.46143257361711 ], [ 46.770954986453212, 39.458356480734118 ], [ 46.769792611948326, 39.4561968805547 ], [ 46.768945871177152, 39.454001799550518 ], [ 46.768934196851696, 39.451978006860223 ], [ 46.769325682841405, 39.450254741551845 ], [ 46.770083869908447, 39.448955219950847 ], [ 46.771856814473729, 39.44711890817586 ], [ 46.774704011495118, 39.443978196156635 ], [ 46.778466246305747, 39.439504774250345 ], [ 46.782173945753527, 39.436013387023905 ], [ 46.784091858141792, 39.433684007567244 ], [ 46.784262132910627, 39.432608075814066 ], [ 46.783771791977507, 39.430438293268459 ], [ 46.783022439947054, 39.427413823192623 ], [ 46.782232851541245, 39.424359296722194 ], [ 46.781516918948533, 39.421088970303778 ], [ 46.780678327796224, 39.416103199810607 ], [ 46.780214494105671, 39.413411660870132 ], [ 46.78005071190077, 39.41163551807805 ], [ 46.780355682317612, 39.409637535093253 ], [ 46.781822974898809, 39.408265743637301 ], [ 46.783248352265282, 39.406802577290762 ], [ 46.783994898803286, 39.405073810439603 ], [ 46.784433562853643, 39.402123106386341 ], [ 46.784471618943513, 39.398963881551488 ], [ 46.78448423036437, 39.396357041442002 ], [ 46.783764159851927, 39.394466767067364 ], [ 46.782724172470907, 39.392428058737536 ], [ 46.781482819971735, 39.390239091831809 ], [ 46.780531326225315, 39.388567004078951 ], [ 46.779733221064149, 39.386708561994325 ], [ 46.779647765755961, 39.38490054575248 ], [ 46.779517152979608, 39.38131456151865 ], [ 46.779066098854877, 39.379113470474188 ], [ 46.77774455893384, 39.376864349693584 ], [ 46.776138857337344, 39.374312885708669 ], [ 46.775780158409304, 39.372631700149647 ], [ 46.776629638809375, 39.371852065510545 ], [ 46.778277555380406, 39.371397554871713 ], [ 46.7801546323835, 39.370632848836138 ], [ 46.781625036962588, 39.369414342877008 ], [ 46.782746697857363, 39.366913166834237 ], [ 46.783621975553906, 39.364047758116136 ], [ 46.785431331535925, 39.359082681678373 ], [ 46.787453496874434, 39.354727638485663 ], [ 46.789401146530636, 39.35055770494305 ], [ 46.791392750734076, 39.346571061004042 ], [ 46.793513543304044, 39.34301172422073 ], [ 46.795862895497564, 39.340675487780892 ], [ 46.798724495493786, 39.338300620109457 ], [ 46.800763227524669, 39.336183753364686 ], [ 46.801983125155765, 39.334478201262201 ], [ 46.802563525212577, 39.33247587768637 ], [ 46.803166826928738, 39.329829195456654 ], [ 46.803808687591001, 39.328684579929543 ], [ 46.804635267271109, 39.327046429121403 ], [ 46.806780073310968, 39.324467811435319 ], [ 46.809781925860101, 39.32144649498963 ], [ 46.814484314840357, 39.317018597499711 ], [ 46.818696934578888, 39.313518167847135 ], [ 46.824425764246158, 39.309135159985154 ], [ 46.827129687439658, 39.306854070740883 ], [ 46.831677787618482, 39.302642573117005 ], [ 46.834432922789574, 39.299317840782756 ], [ 46.83599203716269, 39.297054585243806 ], [ 46.837213007527673, 39.293937977916805 ], [ 46.838168959044381, 39.291254877344016 ], [ 46.838766608461533, 39.288454762091 ], [ 46.839089699298825, 39.285720314797167 ], [ 46.840136402697027, 39.283495764036168 ], [ 46.841881065527204, 39.279297486678118 ], [ 46.843483038762798, 39.275684111321048 ], [ 46.844453803210719, 39.273583390375997 ], [ 46.847076046537737, 39.26976979358534 ], [ 46.848702526277158, 39.267106627983701 ], [ 46.852223190984539, 39.262971976256331 ], [ 46.855900359396145, 39.258804056992382 ], [ 46.86166645960926, 39.253099962223324 ], [ 46.86717192957267, 39.248013101376827 ], [ 46.873060214834567, 39.242521155380963 ], [ 46.877579417396014, 39.237480335271663 ], [ 46.882240074149315, 39.231854383683547 ], [ 46.885880227941676, 39.226428779890782 ], [ 46.890661775331623, 39.219481857792914 ], [ 46.896224693799184, 39.212307350801701 ], [ 46.901331897271433, 39.205814692738407 ], [ 46.908464754478416, 39.19701928212681 ], [ 46.913371142020068, 39.190468055299498 ], [ 46.91683739982691, 39.186056352710132 ], [ 46.919606989065088, 39.180674687157513 ], [ 46.922617604957097, 39.174031629580838 ], [ 46.925942870164064, 39.168111632428555 ], [ 46.926757756038711, 39.16549145969406 ], [ 46.926960182116567, 39.162804745439587 ], [ 46.927309164861484, 39.16115828524709 ], [ 46.928416721940479, 39.160462237084204 ], [ 46.926652069220147, 39.159752980726751 ], [ 46.925916011815026, 39.159413417651955 ], [ 46.924447902611938, 39.15852011229817 ], [ 46.922044276247931, 39.157894556979997 ], [ 46.918990287399311, 39.157187909417893 ], [ 46.916427471845651, 39.157207156513167 ], [ 46.914366555354526, 39.157263979349139 ], [ 46.912382188162113, 39.156883664381859 ], [ 46.911180924379735, 39.157132769104258 ], [ 46.909187267134094, 39.158587688389943 ], [ 46.907710935221999, 39.160653462078791 ], [ 46.906397616061639, 39.162211887285572 ], [ 46.905247347620367, 39.163262968942362 ], [ 46.902870284974, 39.1636229693625 ], [ 46.900225476321538, 39.162794450113786 ], [ 46.896705037262464, 39.161177256677767 ], [ 46.893581711140349, 39.158980019963181 ], [ 46.891336601353238, 39.157663074136671 ], [ 46.887671201755971, 39.15611677339858 ], [ 46.885742219768744, 39.155597469633229 ], [ 46.88297632707615, 39.155733963036617 ], [ 46.879653301045565, 39.155971138016483 ], [ 46.878406615805801, 39.155624216470002 ], [ 46.876032299896508, 39.154974294535997 ], [ 46.872960345910741, 39.154679630933309 ], [ 46.871333613184973, 39.155554526065337 ], [ 46.86970198313638, 39.156245962729862 ], [ 46.868231862914215, 39.156361303858901 ], [ 46.866218893331883, 39.156003597503627 ], [ 46.864332011019783, 39.154840961783627 ], [ 46.863641142686028, 39.15322332183149 ], [ 46.863398092832988, 39.151827909186387 ], [ 46.862677829391757, 39.15021073247884 ], [ 46.861876509001682, 39.148870118371946 ], [ 46.860403363587885, 39.147746681932873 ], [ 46.859554085706023, 39.146819725318061 ], [ 46.859328040459545, 39.146066333276657 ], [ 46.859829712799758, 39.144980175461797 ], [ 46.860970724979261, 39.143562654233598 ], [ 46.861051665656035, 39.142162058734385 ], [ 46.859591828665295, 39.140419033247895 ], [ 46.857701351721744, 39.140219795460823 ], [ 46.856018801750089, 39.140086033218708 ], [ 46.853953480174177, 39.139958337631327 ], [ 46.851341337315141, 39.140321022896138 ], [ 46.849965845531379, 39.140664021820527 ], [ 46.8484960065216, 39.140779107112586 ], [ 46.847006382960728, 39.140137486185225 ], [ 46.845833486127951, 39.139215555615046 ], [ 46.845238122909876, 39.138669019335829 ], [ 46.844777198137272, 39.138245887821597 ], [ 46.843639829160104, 39.136908951071817 ], [ 46.841962735461344, 39.135956411140882 ], [ 46.840307525975874, 39.135842695001742 ], [ 46.837694554413922, 39.136191632173741 ], [ 46.836442675816272, 39.136037718058667 ], [ 46.835220624264124, 39.135483484727622 ], [ 46.834748027538886, 39.134298073851873 ], [ 46.834940704365984, 39.132643396521473 ], [ 46.835128611238368, 39.130805277648093 ], [ 46.83530612051127, 39.129701385932151 ], [ 46.835269806230173, 39.128302648030008 ], [ 46.83454211056106, 39.126364247984398 ], [ 46.834678876320183, 39.124825146995747 ], [ 46.834696696359266, 39.123242039222973 ], [ 46.834607477593281, 39.122073527828462 ], [ 46.833488872995808, 39.119820118472887 ], [ 46.831689169778336, 39.117416827335461 ], [ 46.830738089684992, 39.115940700639875 ], [ 46.828638523888287, 39.114459652546941 ], [ 46.827422242011302, 39.114111697674623 ], [ 46.825552072658859, 39.114668618377308 ], [ 46.823812028682397, 39.115705204144 ], [ 46.822708280107783, 39.116295961913778 ], [ 46.821276000174656, 39.116708327413441 ], [ 46.820063843215948, 39.1165208084835 ], [ 46.818767465406978, 39.11534818868445 ], [ 46.818060405276448, 39.114189301523005 ], [ 46.817582946774642, 39.112797432950629 ], [ 46.816084768238184, 39.111788506116056 ], [ 46.814942180296107, 39.110865780916953 ], [ 46.814612557618851, 39.109494536077669 ], [ 46.814561362552453, 39.108646566838814 ], [ 46.814318289377397, 39.107205154085463 ], [ 46.813690275256867, 39.105677972823614 ], [ 46.812497769926473, 39.105100093265641 ], [ 46.811135158420321, 39.104777181010007 ], [ 46.809635377363954, 39.104846356781287 ], [ 46.807748894103611, 39.104760934245249 ], [ 46.807425886376066, 39.103641900173699 ], [ 46.807214165598111, 39.102268802984518 ], [ 46.806758240624127, 39.100555395667804 ], [ 46.80644304093736, 39.098587468379456 ], [ 46.80521035509458, 39.096427295745286 ], [ 46.80345683894155, 39.094619264164336 ], [ 46.802262851399099, 39.093972480418685 ], [ 46.799865340179565, 39.093458973418251 ], [ 46.797517978732635, 39.092600547372534 ], [ 46.795788603852934, 39.091732554090754 ], [ 46.794999705884941, 39.090804176007993 ], [ 46.795116592876646, 39.089609509016739 ], [ 46.794697451757855, 39.08817075871427 ], [ 46.794213671087277, 39.08650360378531 ], [ 46.792667803154359, 39.084738085954299 ], [ 46.789856439136877, 39.08413897382038 ], [ 46.787566611881843, 39.083210639706337 ], [ 46.78525146880871, 39.082443226287197 ], [ 46.78217315158706, 39.081756256063485 ], [ 46.778880302822387, 39.080728380556558 ], [ 46.775832687012667, 39.080086652647275 ], [ 46.774659417580324, 39.079072227418749 ], [ 46.77445014559575, 39.077767842024372 ], [ 46.774534500485451, 39.076436046761316 ], [ 46.773559779059703, 39.07512036859567 ], [ 46.771516862525758, 39.07345388116191 ], [ 46.769194967660646, 39.071218093759043 ], [ 46.767914235183781, 39.069425271753303 ], [ 46.767613441692838, 39.067984619367536 ], [ 46.766795195012939, 39.067033546847959 ], [ 46.764373706971007, 39.065510304944148 ], [ 46.762549164405762, 39.064322087249472 ], [ 46.761462881836522, 39.063237388138283 ], [ 46.761018032281576, 39.061913592162036 ], [ 46.761521025962466, 39.059657879376779 ], [ 46.76151806935917, 39.055987531958415 ], [ 46.761307763533459, 39.053444373344114 ], [ 46.760452392659531, 39.052172653298072 ], [ 46.759010012816233, 39.050955663706851 ], [ 46.757531452240933, 39.049463921128478 ], [ 46.757747232235062, 39.047487828930038 ], [ 46.758512228351286, 39.046306354178085 ], [ 46.759471095583201, 39.044640209064958 ], [ 46.760419671712008, 39.042561291226377 ], [ 46.761299133681803, 39.040070489159859 ], [ 46.761819648679619, 39.038525644678039 ], [ 46.762531377009516, 39.037574348204593 ], [ 46.76270870457779, 39.036424666659819 ], [ 46.762594852478649, 39.03539408647017 ], [ 46.760811919770134, 39.034664001383476 ], [ 46.758467544738345, 39.033827656198916 ], [ 46.757093474016152, 39.032976646901282 ], [ 46.756030360742699, 39.031616257572587 ], [ 46.756083369234126, 39.030193175564257 ], [ 46.755919227188151, 39.028314561756069 ], [ 46.754488698925101, 39.026878801710311 ], [ 46.754230324452713, 39.026619474007987 ], [ 46.752943508324996, 39.025721220568215 ], [ 46.749553620822674, 39.025405084766433 ], [ 46.746625621819632, 39.02593071706351 ], [ 46.746495904456253, 39.02591765647697 ], [ 46.744443909972482, 39.025711031593652 ], [ 46.742697557695294, 39.025255399012913 ], [ 46.740925909102806, 39.023767812144996 ], [ 46.740276495787086, 39.022469917532106 ], [ 46.739524134075054, 39.021769998012353 ], [ 46.737394063435531, 39.021251187087344 ], [ 46.736178352332928, 39.019640541330261 ], [ 46.735665389341904, 39.017904724798719 ], [ 46.733317088096811, 39.015668572715427 ], [ 46.729909531675425, 39.015810926721734 ], [ 46.727657290899806, 39.016303115665828 ], [ 46.725926883833928, 39.016489317539524 ], [ 46.723790380387648, 39.015695068338495 ], [ 46.722893625997514, 39.01512039816734 ], [ 46.722565711953123, 39.014910255764875 ], [ 46.722276936458805, 39.014952913808315 ], [ 46.721012802611845, 39.015139643240488 ], [ 46.720212506607176, 39.015484082969735 ], [ 46.719138483423535, 39.015454038953536 ], [ 46.717679544867934, 39.01470703785597 ], [ 46.71691655123427, 39.014321568160518 ], [ 46.716444143480402, 39.014082899794303 ], [ 46.71533825384931, 39.013950058535762 ], [ 46.714171619027326, 39.014345724795547 ], [ 46.713185213007492, 39.014899313769845 ], [ 46.712700995610412, 39.015548751877169 ], [ 46.712546203569929, 39.016445693665801 ], [ 46.712333723032195, 39.017389362598593 ], [ 46.711798156121141, 39.018349243756106 ], [ 46.711238477117021, 39.018919492537265 ], [ 46.710354374040108, 39.018840700678389 ], [ 46.709397610236074, 39.018797377448188 ], [ 46.709070936655422, 39.0186645237414 ], [ 46.706994439249279, 39.017914967029498 ], [ 46.705230674640589, 39.017940768849392 ], [ 46.70165589226518, 39.018474727013064 ], [ 46.698949065211174, 39.019049388088732 ], [ 46.698291218653139, 39.019189038497572 ], [ 46.696615604679231, 39.019213426520238 ], [ 46.69469495792292, 39.018828426646969 ], [ 46.693168922670601, 39.017726518474852 ], [ 46.692633640330797, 39.016243170764945 ], [ 46.692290751760815, 39.014194991750728 ], [ 46.691490423284826, 39.012692542772918 ], [ 46.690127830970297, 39.011037654712197 ], [ 46.688654277076431, 39.00965964006226 ], [ 46.686860733592937, 39.00842387627668 ], [ 46.686180333880607, 39.007011414852187 ], [ 46.685905450853255, 39.005340744618017 ], [ 46.686303840374279, 39.003545639710794 ], [ 46.686519338087528, 39.001477893579441 ], [ 46.686126373304184, 38.999785989226837 ], [ 46.68668800934298, 38.998676732409429 ], [ 46.688063225132218, 38.997165715683963 ], [ 46.689844892521123, 38.995442332111217 ], [ 46.690915744444609, 38.993499823985665 ], [ 46.690881902359841, 38.992078012107818 ], [ 46.689777110941442, 38.990121149411756 ], [ 46.687490511873662, 38.989144873287508 ], [ 46.683704298655933, 38.988144325132524 ], [ 46.68237907940324, 38.988172602411183 ], [ 46.680384434328239, 38.988215135361308 ], [ 46.678000523052859, 38.988088868308793 ], [ 46.676926544403933, 38.98833001366792 ], [ 46.676363125145613, 38.988456516202987 ], [ 46.674302977798156, 38.988348460862241 ], [ 46.672218548097376, 38.98720839796308 ], [ 46.671096826695781, 38.985756284504888 ], [ 46.670670632155876, 38.983881272853687 ], [ 46.670228015243445, 38.98255706486551 ], [ 46.669000733211163, 38.981611130641816 ], [ 46.667885088842667, 38.980411241987603 ], [ 46.667996473132803, 38.978895578730899 ], [ 46.668701373517294, 38.977623772308121 ], [ 46.669153143090305, 38.976837333434553 ], [ 46.669206816414984, 38.975368375048014 ], [ 46.668394205718805, 38.974554141507923 ], [ 46.665924421481762, 38.971997159190778 ], [ 46.664153023832561, 38.970393664059969 ], [ 46.662594312571976, 38.96908533707014 ], [ 46.661630145994025, 38.968066749366436 ], [ 46.661772101359276, 38.966596533909119 ], [ 46.661510304734051, 38.965453235855122 ], [ 46.659411772977428, 38.963670798792172 ], [ 46.656700239576075, 38.962057612235895 ], [ 46.655652939416839, 38.961246618060798 ], [ 46.654698584276666, 38.960640761212844 ], [ 46.654879650908811, 38.959582927067231 ], [ 46.655553636146166, 38.958242812692987 ], [ 46.655901839795014, 38.956792615299939 ], [ 46.655104028947974, 38.955335737582374 ], [ 46.65402961041562, 38.954616874102186 ], [ 46.651919793550626, 38.953591495094777 ], [ 46.648868604863303, 38.952510561739778 ], [ 46.64596594580275, 38.951496274463224 ], [ 46.643634625885916, 38.951047383481189 ], [ 46.641807902500808, 38.950820753289875 ], [ 46.640510893496106, 38.950632529562007 ], [ 46.639289845591946, 38.949915589450157 ], [ 46.638588480111899, 38.948801348799464 ], [ 46.638342769375605, 38.947061309293083 ], [ 46.638533588588551, 38.946671260306388 ], [ 46.639156399935452, 38.94539815566155 ], [ 46.639898276684811, 38.944447165144339 ], [ 46.639785868905136, 38.943393474238512 ], [ 46.638111796340432, 38.942132308865688 ], [ 46.636263173082206, 38.940942388433392 ], [ 46.63515294709773, 38.939925619421835 ], [ 46.635126605040902, 38.938778953936378 ], [ 46.634827561511635, 38.93726905763959 ], [ 46.634013680910556, 38.936362828292111 ], [ 46.633068262811918, 38.936123714330606 ], [ 46.631126075278154, 38.935967350996577 ], [ 46.63010763313914, 38.935843085852738 ], [ 46.629270410388102, 38.935740925165291 ], [ 46.628204939803851, 38.93538874396738 ], [ 46.627023086952953, 38.933799376197641 ], [ 46.627004743017658, 38.932996706287469 ], [ 46.626944864468079, 38.932405896746054 ], [ 46.626890977619894, 38.931874196188119 ], [ 46.626421738208407, 38.930618995799286 ], [ 46.625188091134504, 38.929328558924936 ], [ 46.624517471081703, 38.928904897105397 ], [ 46.624264307858212, 38.928744959786755 ], [ 46.622490660458276, 38.928241993589985 ], [ 46.621066747904997, 38.927619439051881 ], [ 46.62001097210743, 38.926395297267675 ], [ 46.618459256161081, 38.9253156685728 ], [ 46.617386701496621, 38.924642313606327 ], [ 46.614956389940012, 38.923666572924276 ], [ 46.612736843764672, 38.922917276825196 ], [ 46.611242990335811, 38.921790868954218 ], [ 46.609439027921283, 38.919934611765839 ], [ 46.607728405362543, 38.918306448086469 ], [ 46.605879871706641, 38.917070150218784 ], [ 46.603645651254098, 38.915655595276768 ], [ 46.602174743865781, 38.914230521301171 ], [ 46.60185386642474, 38.913019059594973 ], [ 46.601534031601027, 38.911853464131809 ], [ 46.601760579077776, 38.910175671604748 ], [ 46.601902668907869, 38.908659623561917 ], [ 46.601452562189415, 38.906922292433364 ], [ 46.600569423604462, 38.905512070041084 ], [ 46.597659067445434, 38.90403784078859 ], [ 46.595263694921215, 38.903267669434847 ], [ 46.592871960642462, 38.90265798525575 ], [ 46.591277916494121, 38.901612972992602 ], [ 46.589317919686735, 38.899953516010385 ], [ 46.587959799166327, 38.898951126708013 ], [ 46.585730329468326, 38.89770821031852 ], [ 46.583405704852815, 38.89746447339617 ], [ 46.581357437495733, 38.897767530006959 ], [ 46.5796274107282, 38.897859776064116 ], [ 46.578818242297011, 38.89711367045124 ], [ 46.578449711060706, 38.895053965572515 ], [ 46.578327143725915, 38.893495635384681 ], [ 46.577075308656546, 38.892640795765537 ], [ 46.574411859769462, 38.891667342527882 ], [ 46.572433038750141, 38.891120487621684 ], [ 46.569863297400289, 38.890398018492768 ], [ 46.568050528931778, 38.889390034908693 ], [ 46.566714884063742, 38.888719736118652 ], [ 46.566187310816986, 38.887419175641917 ], [ 46.566483397099034, 38.886199327658204 ], [ 46.566467780501249, 38.88548836465516 ], [ 46.565257147368669, 38.885160486523013 ], [ 46.562238295884583, 38.885361509666616 ], [ 46.559299432411095, 38.885194329403333 ], [ 46.556624671002233, 38.885023553942389 ], [ 46.55481722179055, 38.884244701438526 ], [ 46.553055013240325, 38.882845809287488 ], [ 46.55077361563918, 38.880513201903035 ], [ 46.550433409887731, 38.87971478149273 ], [ 46.550854083230341, 38.878814490993562 ], [ 46.551300096928067, 38.877730333314737 ], [ 46.549997653526646, 38.877219985869488 ], [ 46.548392896598415, 38.877654219441837 ], [ 46.547255580833991, 38.87799047279573 ], [ 46.546015320220853, 38.877639844555311 ], [ 46.544218150230556, 38.875965984337078 ], [ 46.542766688208985, 38.873989292955621 ], [ 46.540801699285858, 38.871331125349819 ], [ 46.538053164912945, 38.869073246447201 ] ] ] } },
{ "type": "Feature", "id": 9, "properties": { "name_en": "Stepanakert", "Name_hy": "Ստեփանակերտ", "Name_Alt": null, "Center": "Stepanakert", "status": "controlled", "name_ru": "Степанакерт" }, "geometry": { "type": "Polygon", "coordinates": [ [ [ 46.737665978380051, 39.777652722058356 ], [ 46.735812859595583, 39.777516830849528 ], [ 46.733667600368342, 39.777476181163436 ], [ 46.732352893349756, 39.777668539017853 ], [ 46.729684538638985, 39.778381050915215 ], [ 46.728479890840916, 39.778735354333634 ], [ 46.727705809180286, 39.77934686088004 ], [ 46.727413230741838, 39.779896651048468 ], [ 46.727855181589689, 39.780608224562066 ], [ 46.728851785149935, 39.780884276384185 ], [ 46.729447952425836, 39.781166289240012 ], [ 46.729665925159168, 39.781872103413953 ], [ 46.729810333082305, 39.782933545588961 ], [ 46.729686520756417, 39.783635364264484 ], [ 46.730353840192805, 39.783934492473442 ], [ 46.730190431667083, 39.784936890338159 ], [ 46.730550450684248, 39.785667855531173 ], [ 46.729370887298344, 39.78655813698547 ], [ 46.728747350380665, 39.787067410077981 ], [ 46.728256603949177, 39.788174678104944 ], [ 46.727452124561033, 39.789459336213852 ], [ 46.725550767067183, 39.790705764958268 ], [ 46.723713665941254, 39.791696672686697 ], [ 46.722389380688419, 39.792461766006738 ], [ 46.720674520719129, 39.792687204856598 ], [ 46.71931304363666, 39.792907381854953 ], [ 46.717018659046651, 39.793523156980505 ], [ 46.715321363847139, 39.794457320023334 ], [ 46.714158243561066, 39.795074488071194 ], [ 46.712797597990935, 39.795330938839172 ], [ 46.711720120476599, 39.79560137710542 ], [ 46.710374764909851, 39.796475731600367 ], [ 46.708615337014137, 39.796810736548487 ], [ 46.712323709422826, 39.798557016882164 ], [ 46.71686000672257, 39.800376716041761 ], [ 46.718982148555185, 39.80186087083986 ], [ 46.719596516196994, 39.803181764585617 ], [ 46.719626562652536, 39.804387597096728 ], [ 46.72026101067145, 39.805708188897391 ], [ 46.72141857394459, 39.807902525395782 ], [ 46.721705383367393, 39.808949894865286 ], [ 46.722332583629267, 39.809976744856847 ], [ 46.723262012369716, 39.810658870034914 ], [ 46.723773400418864, 39.811463188505307 ], [ 46.723975636181429, 39.812333959836216 ], [ 46.724030407950714, 39.812920818595693 ], [ 46.723807818169149, 39.813643252455186 ], [ 46.723397661615735, 39.814082368885309 ], [ 46.72319086059688, 39.814634451155555 ], [ 46.723122292537276, 39.815903605329972 ], [ 46.723551813045205, 39.817041638846717 ], [ 46.72426776229841, 39.817603205850496 ], [ 46.724827982210698, 39.818352664774437 ], [ 46.725424117980467, 39.819735653821439 ], [ 46.726205671924333, 39.820512743151099 ], [ 46.727185017337277, 39.821178626636545 ], [ 46.727681667836833, 39.82178983209814 ], [ 46.728652621753497, 39.8229197790846 ], [ 46.728961985725391, 39.824059581078316 ], [ 46.729519984527307, 39.824716258774565 ], [ 46.731225474164177, 39.825541392651168 ], [ 46.733441186977153, 39.82671457254952 ], [ 46.736387735422404, 39.828232466160216 ], [ 46.738119677915513, 39.82930454119014 ], [ 46.741051852258934, 39.831039039642214 ], [ 46.742625089047976, 39.832175288147297 ], [ 46.743813876124896, 39.833178110643573 ], [ 46.744139682251252, 39.834162971203689 ], [ 46.744120307927481, 39.834982907029477 ], [ 46.744440650847821, 39.835751338722005 ], [ 46.745579634854259, 39.83636826644279 ], [ 46.746829944816405, 39.83662781155062 ], [ 46.748592953526064, 39.837328098836124 ], [ 46.750569091167527, 39.83852002136269 ], [ 46.75210136958723, 39.839610361029358 ], [ 46.753232621602393, 39.840706742918798 ], [ 46.754767746074116, 39.841905258023679 ], [ 46.755768118255965, 39.842586040699807 ], [ 46.756955654446543, 39.842738170960686 ], [ 46.757954819665244, 39.842583845482082 ], [ 46.758556777338974, 39.841801472013394 ], [ 46.759698670890948, 39.841737757014066 ], [ 46.760529966359535, 39.842080834719418 ], [ 46.762176480309456, 39.842921865729593 ], [ 46.763108864877843, 39.843294318545951 ], [ 46.764634580929453, 39.843332973694551 ], [ 46.76642892988135, 39.843676816191078 ], [ 46.767751900572215, 39.844414440010311 ], [ 46.768111868815701, 39.845151269222214 ], [ 46.768249432035581, 39.846602874987902 ], [ 46.768428918275362, 39.847342454545618 ], [ 46.769669376286473, 39.847988524105901 ], [ 46.77089833487139, 39.848186273185576 ], [ 46.771236712045571, 39.848861561934903 ], [ 46.771604692167266, 39.849907555254411 ], [ 46.772126774025928, 39.850703753900206 ], [ 46.772454040435051, 39.85094619103797 ], [ 46.774295106884367, 39.851536634160865 ], [ 46.775560668292172, 39.851594589034775 ], [ 46.777110613568759, 39.851787356609044 ], [ 46.777764794391139, 39.85225674189541 ], [ 46.777611407240585, 39.853310706088926 ], [ 46.776918857153895, 39.854465721938901 ], [ 46.776333749192148, 39.855897455911119 ], [ 46.775959165900986, 39.857712585027826 ], [ 46.775889165706083, 39.858888988299178 ], [ 46.775929026356032, 39.860434866029024 ], [ 46.776470902528281, 39.861215274895173 ], [ 46.776478357551078, 39.862282237119885 ], [ 46.776042498122706, 39.863278665416011 ], [ 46.775999859879995, 39.863959772820358 ], [ 46.776524098483137, 39.864833240156337 ], [ 46.776982184451178, 39.865475745683597 ], [ 46.77758839488304, 39.865636567906563 ], [ 46.777947492324117, 39.865553738254107 ], [ 46.778397709607383, 39.865113818194956 ], [ 46.779008051266658, 39.864269353435219 ], [ 46.77929417718844, 39.863692763405901 ], [ 46.778665572723227, 39.863052882532855 ], [ 46.777880093490204, 39.862554587214646 ], [ 46.77803588651188, 39.861593376432154 ], [ 46.778776340907704, 39.861125806954497 ], [ 46.779407457745073, 39.86069857276653 ], [ 46.77990662604266, 39.859824879146309 ], [ 46.780098666828231, 39.859102814639627 ], [ 46.7800979909548, 39.857912029394427 ], [ 46.779443385201027, 39.857040577747021 ], [ 46.779180126198398, 39.856170851112921 ], [ 46.779238043817287, 39.854917306690069 ], [ 46.779036813047128, 39.853729597413839 ], [ 46.779072081096608, 39.852375878236522 ], [ 46.778883085838373, 39.851273037384665 ], [ 46.778198077996393, 39.85038657870772 ], [ 46.777731251295705, 39.847068781092354 ], [ 46.777934931581683, 39.844854176326066 ], [ 46.77890574015354, 39.843602096136706 ], [ 46.780526227626375, 39.842649333693167 ], [ 46.782704515231124, 39.842322037439665 ], [ 46.784449202763675, 39.842295206034798 ], [ 46.785752302848813, 39.842259683727136 ], [ 46.78686851679398, 39.841206342379358 ], [ 46.788465973628142, 39.840145570141978 ], [ 46.789764193656922, 39.839151253889298 ], [ 46.790641299624966, 39.838936671253933 ], [ 46.791321854582627, 39.838106521599279 ], [ 46.791761765460627, 39.837280085924853 ], [ 46.790792396963795, 39.836258908432256 ], [ 46.790659608940807, 39.835008300375584 ], [ 46.791332895991481, 39.833899894060458 ], [ 46.792397983203003, 39.833202982398447 ], [ 46.793840859605702, 39.833149745155779 ], [ 46.795104078513823, 39.833130200581557 ], [ 46.79597746586775, 39.832776451302891 ], [ 46.79647350319155, 39.832567725205621 ], [ 46.797221233619055, 39.831241623123788 ], [ 46.797774884280294, 39.830165963300914 ], [ 46.798639348051154, 39.829472104234135 ], [ 46.799513074079115, 39.829133788216019 ], [ 46.799920804028964, 39.828617119168875 ], [ 46.800324088000984, 39.827930403568224 ], [ 46.800395273346197, 39.826815824196579 ], [ 46.800044623753898, 39.825676862139744 ], [ 46.798871996191139, 39.824550649846529 ], [ 46.797146113622823, 39.823742297502832 ], [ 46.79546519680521, 39.823118802318554 ], [ 46.794237833693998, 39.822967680590153 ], [ 46.791981229191194, 39.823342794913806 ], [ 46.790805204903002, 39.823623862143258 ], [ 46.788842468359896, 39.823731473907827 ], [ 46.787174041529255, 39.823587078846231 ], [ 46.785476767191454, 39.823102874769411 ], [ 46.784882563909697, 39.822617141467703 ], [ 46.785025743693446, 39.821949944884736 ], [ 46.785549828118334, 39.821276885085872 ], [ 46.785111620099158, 39.820618636659901 ], [ 46.782711105618397, 39.820856600449574 ], [ 46.78074643422822, 39.820886779595618 ], [ 46.778999094685759, 39.820789872586275 ], [ 46.777619117766626, 39.820161500669926 ], [ 46.776488632258747, 39.819096271858207 ], [ 46.77563764473306, 39.817980358412662 ], [ 46.774743172087859, 39.815952669383279 ], [ 46.774342972752734, 39.814427757643365 ], [ 46.773137001343244, 39.812760513902511 ], [ 46.772345678841312, 39.810839482014522 ], [ 46.770778228447348, 39.809146804437674 ], [ 46.76941644818988, 39.807652012933701 ], [ 46.769289670522284, 39.80661779040048 ], [ 46.769470682886329, 39.805857243402102 ], [ 46.769831287543212, 39.805063026153626 ], [ 46.769837057678316, 39.804506197268978 ], [ 46.769068913285857, 39.803481757328164 ], [ 46.767896136579992, 39.803097545496165 ], [ 46.766050233030157, 39.803048336984361 ], [ 46.763101983924606, 39.803015858317544 ], [ 46.761579133734486, 39.80305445842486 ], [ 46.759989845005464, 39.802846605852231 ], [ 46.758481871155077, 39.801895176570412 ], [ 46.757870322649914, 39.800713636288322 ], [ 46.756991197714079, 39.800046492122455 ], [ 46.755906182377267, 39.799954664779513 ], [ 46.755165018970231, 39.799192627854374 ], [ 46.755205881313429, 39.79843422166018 ], [ 46.754682445022269, 39.797560631464073 ], [ 46.753507881372009, 39.797098974172577 ], [ 46.75257225448896, 39.796571835170013 ], [ 46.751513651337746, 39.7959382897157 ], [ 46.750290823196799, 39.795152561461677 ], [ 46.750033484966117, 39.79449144536472 ], [ 46.749852002229019, 39.793659068577597 ], [ 46.749890570938419, 39.792807907327855 ], [ 46.749324425199752, 39.791826680026276 ], [ 46.748485184145636, 39.791143402616356 ], [ 46.747278212018479, 39.790187286196705 ], [ 46.745869712016599, 39.789187794431392 ], [ 46.744364184112982, 39.788313464841899 ], [ 46.743561208181973, 39.787474954472849 ], [ 46.742358269045937, 39.786673375872297 ], [ 46.741819729182978, 39.785985532457318 ], [ 46.741795943505259, 39.785042517683522 ], [ 46.741985161562653, 39.783802467586909 ], [ 46.742052592013941, 39.782502385214656 ], [ 46.740339271521648, 39.780533097020822 ], [ 46.739406876923198, 39.779325333982548 ], [ 46.737665978380051, 39.777652722058356 ] ] ] } },
{ "type": "Feature", "id": 10, "properties": { "name_en": "Shahumyan", "Name_hy": "Շահումյան", "Name_Alt": "Kelbajar", "Center": "Karvachar", "status": "claimed", "name_ru": "Шаумян" }, "geometry": { "type": "Polygon", "coordinates": [ [ [ 46.390704907600181, 40.271646978738517 ], [ 46.386608165622761, 40.273788327570436 ], [ 46.383654087176993, 40.274328391211725 ], [ 46.381982547336371, 40.27313710038441 ], [ 46.379392943946215, 40.272158612862768 ], [ 46.376348445151152, 40.2714882971202 ], [ 46.371917628585877, 40.270682939326939 ], [ 46.370016501686514, 40.271159694293203 ], [ 46.366627692952655, 40.273016681362833 ], [ 46.364355553074112, 40.27470899704803 ], [ 46.363589367437619, 40.27592930141364 ], [ 46.362163355629001, 40.2771069017546 ], [ 46.359879845953571, 40.278244097534873 ], [ 46.357668196752371, 40.279683222813659 ], [ 46.354749876376552, 40.282039036504145 ], [ 46.353488284602278, 40.283505541280512 ], [ 46.355403639528291, 40.284319406155532 ], [ 46.356123515178332, 40.285892647471776 ], [ 46.354160695411188, 40.287460957204999 ], [ 46.354418724417513, 40.288494207789959 ], [ 46.357331377093573, 40.290496251119507 ], [ 46.358480437013618, 40.292155339978102 ], [ 46.359062057624527, 40.293930165691101 ], [ 46.358471766592132, 40.296464143011967 ], [ 46.358567232825663, 40.300044513783689 ], [ 46.359386734494599, 40.308943155965167 ], [ 46.359425271890693, 40.313233212034966 ], [ 46.358812195350993, 40.315821991930655 ], [ 46.355499873179021, 40.321205807924727 ], [ 46.355301672027473, 40.323171580814801 ], [ 46.35672194597624, 40.325300179735166 ], [ 46.364514414549831, 40.332444174321182 ], [ 46.37169832847141, 40.339958447673268 ], [ 46.373516494920231, 40.342918390863147 ], [ 46.373467198111165, 40.34517329724509 ], [ 46.370699408459025, 40.351641854929838 ], [ 46.36852164478163, 40.356758042696697 ], [ 46.367826265556353, 40.362329340327172 ], [ 46.367723135811765, 40.36898442194888 ], [ 46.367919893184506, 40.376363145662857 ], [ 46.369315431450858, 40.384236705870237 ], [ 46.371164969075295, 40.388687038198398 ], [ 46.373685050906381, 40.391020507157741 ], [ 46.38069735897075, 40.394427510263981 ], [ 46.382541939559573, 40.396259811040181 ], [ 46.382548682592031, 40.398913986593286 ], [ 46.379572434996717, 40.404548927200885 ], [ 46.376083868393806, 40.408408266338306 ], [ 46.374875590140348, 40.409804308256831 ], [ 46.371764300773485, 40.411186574850973 ], [ 46.370509802477841, 40.412655838792503 ], [ 46.371112624746729, 40.416575527435107 ], [ 46.373128090068199, 40.422114618643178 ], [ 46.375243648813147, 40.425543625247428 ], [ 46.377902788324405, 40.427620810187108 ], [ 46.37441721502082, 40.434025218579542 ], [ 46.371710231003455, 40.43896590277452 ], [ 46.370642265564364, 40.442614516496661 ], [ 46.367745500405398, 40.445266710627315 ], [ 46.35293062104261, 40.454058259866791 ], [ 46.346782481020703, 40.458420476337373 ], [ 46.344969272368409, 40.460586795749855 ], [ 46.343917428085206, 40.462744235479995 ], [ 46.341746003947378, 40.470841243412956 ], [ 46.339025301865291, 40.482471418479449 ], [ 46.337521453375096, 40.49066966614199 ], [ 46.337362787540712, 40.494671016401071 ], [ 46.338419056012739, 40.49749480375322 ], [ 46.341948709843841, 40.500144444275179 ], [ 46.348195932951604, 40.502907734440207 ], [ 46.353548451245686, 40.503790494158558 ], [ 46.360127519523608, 40.5040768278473 ], [ 46.365285361653342, 40.504743179333488 ], [ 46.370583945746091, 40.505298553360262 ], [ 46.378243637694837, 40.507170828223991 ], [ 46.383326796530213, 40.508818955976423 ], [ 46.38895244888333, 40.509042337515481 ], [ 46.396607120918141, 40.50833196227282 ], [ 46.411984496303283, 40.5056362967984 ], [ 46.422573312412936, 40.504052053541514 ], [ 46.436060140467383, 40.502139987709988 ], [ 46.445860923177783, 40.501617813068478 ], [ 46.45292247154498, 40.502183692195068 ], [ 46.45849850641369, 40.502331593799454 ], [ 46.462723087175917, 40.501660089182103 ], [ 46.466366675696314, 40.500559498983442 ], [ 46.472740938167853, 40.500187556645592 ], [ 46.477134389467103, 40.500713214641181 ], [ 46.480736005056954, 40.502048749362785 ], [ 46.48485082222043, 40.505050080659224 ], [ 46.489351634040844, 40.510409605282902 ], [ 46.493470511323771, 40.517846329291196 ], [ 46.496882375164837, 40.52772808349512 ], [ 46.499344521096312, 40.533440812156819 ], [ 46.502829948052927, 40.540140032758259 ], [ 46.507023481448726, 40.546502675259369 ], [ 46.512355762520023, 40.552595742189382 ], [ 46.518265838836179, 40.557844716074548 ], [ 46.522910022087096, 40.560837679735094 ], [ 46.530971619591135, 40.565239538484448 ], [ 46.541134817031882, 40.569758235686017 ], [ 46.548718522864952, 40.57194736258559 ], [ 46.552771760985124, 40.571965657134569 ], [ 46.55703467212517, 40.570744804149221 ], [ 46.562299519662709, 40.567510544710579 ], [ 46.574636859891029, 40.556871841215035 ], [ 46.582342296409905, 40.550076623657247 ], [ 46.584495597344358, 40.548410984403965 ], [ 46.5851129535789, 40.546293735041758 ], [ 46.585440974606655, 40.544035020308975 ], [ 46.584384428690363, 40.539650163061225 ], [ 46.584470822455643, 40.537249329249484 ], [ 46.586485039950979, 40.535767351069531 ], [ 46.588757108283176, 40.535118033326768 ], [ 46.592496141145588, 40.536048222969384 ], [ 46.597085879577605, 40.536675666127152 ], [ 46.601178528931328, 40.536437218889191 ], [ 46.603201876828663, 40.535354765413018 ], [ 46.604117359312255, 40.533778650094433 ], [ 46.601565786235184, 40.530687239601747 ], [ 46.600058050007476, 40.52739952518197 ], [ 46.600621056973807, 40.52502843357108 ], [ 46.602869237590731, 40.523397495081142 ], [ 46.606219708321852, 40.522042059233485 ], [ 46.608290174641049, 40.520958861622411 ], [ 46.606811857222226, 40.518907005915231 ], [ 46.603551579465837, 40.516043634721626 ], [ 46.602417265300367, 40.514423245457543 ], [ 46.602288295493928, 40.511007343121129 ], [ 46.60159483947303, 40.507890132835257 ], [ 46.601191474901427, 40.504950688872114 ], [ 46.602874542166496, 40.501618730647607 ], [ 46.610085453359439, 40.4964282814299 ], [ 46.616625645724056, 40.493101052878465 ], [ 46.62298439690673, 40.49017594762585 ], [ 46.628132128528762, 40.488394677367168 ], [ 46.629958796534972, 40.487132735256424 ], [ 46.63146897078142, 40.484602686287914 ], [ 46.633636618738514, 40.481699738595601 ], [ 46.633874628445874, 40.4758062925752 ], [ 46.634031964235433, 40.472477260504391 ], [ 46.636478968790421, 40.470315656567152 ], [ 46.640780145922214, 40.469036652820499 ], [ 46.645373224151434, 40.469971205012186 ], [ 46.649577021350744, 40.473474406777356 ], [ 46.653000660546098, 40.478152085409761 ], [ 46.6552270209637, 40.48059259017959 ], [ 46.657567727674554, 40.481867940060646 ], [ 46.665601650509302, 40.483261286312015 ], [ 46.671951264762214, 40.482969611651868 ], [ 46.674116774243238, 40.481011262210039 ], [ 46.678899824518339, 40.476142556280656 ], [ 46.682446226746606, 40.473255018850743 ], [ 46.689394226927647, 40.469336014813258 ], [ 46.693918968251317, 40.467524571774319 ], [ 46.702936648780423, 40.464556076219765 ], [ 46.715200071530035, 40.462902188909517 ], [ 46.725814658834317, 40.461944267956518 ], [ 46.731075407524798, 40.461047518560655 ], [ 46.735263482869115, 40.459166788538731 ], [ 46.737295247240461, 40.456736611198401 ], [ 46.736626169034992, 40.454783316977476 ], [ 46.730987688611918, 40.452068316911934 ], [ 46.718838752626176, 40.447850280694624 ], [ 46.71319600918013, 40.444916314097966 ], [ 46.710814298560834, 40.442951878539226 ], [ 46.710859667782238, 40.440987847483981 ], [ 46.71282670495237, 40.437868237992213 ], [ 46.714082866078051, 40.43486821514233 ], [ 46.71245342461674, 40.428784131229449 ], [ 46.706675443856142, 40.418543744673222 ], [ 46.704788584781006, 40.415408385069512 ], [ 46.704831386403825, 40.4133353087378 ], [ 46.70756812744353, 40.412458662500804 ], [ 46.713983028324385, 40.4140725770432 ], [ 46.720031115481547, 40.414346322697163 ], [ 46.726903540845207, 40.413371245517013 ], [ 46.732317605000745, 40.413035722171578 ], [ 46.74134365085672, 40.414427157720084 ], [ 46.75055697905654, 40.417523900161996 ], [ 46.760534828643735, 40.420717334174313 ], [ 46.763556325423608, 40.421652950436332 ], [ 46.769799227526114, 40.422066545642771 ], [ 46.797515268641661, 40.421347963360255 ], [ 46.801164235113561, 40.420818498556194 ], [ 46.802326864507449, 40.418037140144442 ], [ 46.804071580402763, 40.412119865000143 ], [ 46.791316245339246, 40.408246100447471 ], [ 46.787102567785055, 40.40718421134644 ], [ 46.782308363187397, 40.407549101167504 ], [ 46.775872036105305, 40.408775278114966 ], [ 46.767132353528744, 40.405600593582875 ], [ 46.761786713022531, 40.404882303690805 ], [ 46.757504118945022, 40.404802062240321 ], [ 46.753738834251081, 40.404495663146143 ], [ 46.748149109173383, 40.403525933205366 ], [ 46.740121829799641, 40.402083630199584 ], [ 46.732361476888002, 40.399909593478725 ], [ 46.722525036152426, 40.396493430303479 ], [ 46.711531232795856, 40.392402745855293 ], [ 46.70184131745706, 40.389055353349974 ], [ 46.693799340492497, 40.386919210213392 ], [ 46.689258423239714, 40.385967602375267 ], [ 46.685556454085393, 40.386239789434327 ], [ 46.680372297639316, 40.388096844570256 ], [ 46.678105172765171, 40.388711518081323 ], [ 46.676409065906171, 40.387427204464821 ], [ 46.675183628450256, 40.384027227490328 ], [ 46.674118900923609, 40.381352087358444 ], [ 46.672169242287339, 40.379416918094002 ], [ 46.669716662409407, 40.378288877087066 ], [ 46.665296749342062, 40.378352625758929 ], [ 46.660030273837322, 40.378791954002487 ], [ 46.656661234225318, 40.379058433099303 ], [ 46.652639668178502, 40.377916140565858 ], [ 46.648129692962684, 40.376235284401474 ], [ 46.644311783880795, 40.375635182800117 ], [ 46.637418057252987, 40.375623943210968 ], [ 46.634230380411125, 40.375523608088585 ], [ 46.632034590066937, 40.375154674003056 ], [ 46.6301874761511, 40.373471853217573 ], [ 46.626510684426492, 40.372796453283271 ], [ 46.621602730140211, 40.37232000575753 ], [ 46.618790181092336, 40.371995826606515 ], [ 46.612077216590677, 40.369580833942543 ], [ 46.608088888315436, 40.367782052058686 ], [ 46.603262800403868, 40.364722175911737 ], [ 46.598346408532187, 40.361845139205116 ], [ 46.593450974646593, 40.359840224933706 ], [ 46.590577708327096, 40.357916380402877 ], [ 46.588980318616962, 40.356683944791762 ], [ 46.588196529988387, 40.354676767789492 ], [ 46.587070955420224, 40.353292385707178 ], [ 46.582129382997607, 40.351305796905471 ], [ 46.579875672735007, 40.350445804678657 ], [ 46.575632608712986, 40.349867407811246 ], [ 46.570780582062881, 40.348642658079896 ], [ 46.568492645995455, 40.348346478960458 ], [ 46.563004711982117, 40.348384427129965 ], [ 46.561125372472745, 40.349318801017873 ], [ 46.55937678357143, 40.349742348558763 ], [ 46.557555989774066, 40.349094237279822 ], [ 46.556915813253475, 40.348121151764857 ], [ 46.55713780687563, 40.346409265830566 ], [ 46.55727857634831, 40.345298404988355 ], [ 46.550746650639397, 40.342277442581086 ], [ 46.548417382244793, 40.341199687729201 ], [ 46.54529185208434, 40.340623382554391 ], [ 46.540075646344022, 40.339002245663281 ], [ 46.534552991477469, 40.337475837519172 ], [ 46.53180732952432, 40.336875944741848 ], [ 46.529015445707863, 40.3363311370342 ], [ 46.526936078300402, 40.334722425917818 ], [ 46.525024278693095, 40.333166006437061 ], [ 46.5199377329917, 40.330924128404121 ], [ 46.517411207602628, 40.329484737189787 ], [ 46.516329292721743, 40.327844559755462 ], [ 46.515448139558004, 40.325619985029114 ], [ 46.515266809918408, 40.322822659439453 ], [ 46.515312203097373, 40.320604118501301 ], [ 46.515664471088812, 40.319363270004565 ], [ 46.515776038601686, 40.317980135850959 ], [ 46.515077087277753, 40.316462182270904 ], [ 46.512052030933326, 40.313938401836282 ], [ 46.509801901468016, 40.312077084375417 ], [ 46.508038729548602, 40.309682155935917 ], [ 46.507640175986126, 40.307778458370649 ], [ 46.507167097204821, 40.30465767342443 ], [ 46.507078316228366, 40.3017318578434 ], [ 46.506316030729757, 40.298414854068177 ], [ 46.505933669615935, 40.296165516192879 ], [ 46.504848553402248, 40.294343460183306 ], [ 46.502040114063583, 40.2929619229553 ], [ 46.498625532757515, 40.292079030884096 ], [ 46.49567561693722, 40.291808150391709 ], [ 46.492755992687144, 40.290755063270893 ], [ 46.490807152064228, 40.289580314745578 ], [ 46.48980811734905, 40.288411484353325 ], [ 46.48890065921335, 40.286005224510482 ], [ 46.488680693127954, 40.283553751118887 ], [ 46.488600739034851, 40.280991394431112 ], [ 46.488484286740146, 40.280011170439018 ], [ 46.486082968747688, 40.278751259011173 ], [ 46.479677702114969, 40.276742655508599 ], [ 46.472080053788993, 40.274457991843171 ], [ 46.46796881953675, 40.273128545064324 ], [ 46.466176234259272, 40.272551333760916 ], [ 46.465129244551122, 40.271328350904831 ], [ 46.463960338259149, 40.268852473295361 ], [ 46.462413232517861, 40.267544891306535 ], [ 46.45823680029968, 40.265361451977725 ], [ 46.454309563472329, 40.263720131805336 ], [ 46.450993918607217, 40.261816486251689 ], [ 46.4471911003142, 40.260427883300352 ], [ 46.444977016691475, 40.260091953153712 ], [ 46.442891448200399, 40.261336052214823 ], [ 46.439997439018484, 40.261390287755951 ], [ 46.435489575301723, 40.263682466095879 ], [ 46.433083007033495, 40.264348605948278 ], [ 46.427227338319156, 40.264639151263971 ], [ 46.423710477907584, 40.265555130016892 ], [ 46.419971079860829, 40.267182760525969 ], [ 46.418463196608243, 40.267710302444385 ], [ 46.413930833120361, 40.266602250273614 ], [ 46.410986457700758, 40.266529115132137 ], [ 46.408725289864556, 40.267356597792762 ], [ 46.405914560243723, 40.269154265966499 ], [ 46.403492460585973, 40.26909277288096 ], [ 46.400459444250295, 40.26932950878561 ], [ 46.396685810183733, 40.270484118352968 ], [ 46.392645063420986, 40.271350937642431 ], [ 46.390704907600181, 40.271646978738517 ] ] ] } },
{ "type": "Feature", "id": 11, "properties": { "name_en": "Martuni", "Name_hy": "Մարտունի", "Name_Alt": null, "Center": "Martuni", "status": "claimed", "name_ru": "Мартуни" }, "geometry": { "type": "Polygon", "coordinates": [ [ [ 47.285752860595721, 39.735324735637938 ], [ 47.274647323663977, 39.755956884339945 ], [ 47.270528804200076, 39.769916592871297 ], [ 47.26693988009454, 39.776144019269864 ], [ 47.254636476555184, 39.789960009588981 ], [ 47.244784655300101, 39.801342620217525 ], [ 47.230151977729911, 39.818279711189888 ], [ 47.204073545662197, 39.833717139259051 ], [ 47.166945357373983, 39.855084877394511 ], [ 47.168639179374907, 39.855689511085082 ], [ 47.169839567744027, 39.857103276801823 ], [ 47.169851485539581, 39.858230216309622 ], [ 47.170171787669787, 39.862405629239511 ], [ 47.170420925448958, 39.86581880991438 ], [ 47.171009375752767, 39.869516514891714 ], [ 47.171051612153384, 39.872351804388636 ], [ 47.170618789860896, 39.875086908171539 ], [ 47.169823514763578, 39.878301473521745 ], [ 47.169359013797056, 39.880782644094985 ], [ 47.169240227506144, 39.883002824043444 ], [ 47.168653278118057, 39.884595463186997 ], [ 47.167266575027725, 39.887021152165865 ], [ 47.1664286849525, 39.88889117040857 ], [ 47.166378971559425, 39.890310136526004 ], [ 47.166511087649461, 39.891507544719673 ], [ 47.167596444118828, 39.892996191076307 ], [ 47.169400471528128, 39.894071420340694 ], [ 47.172020964020042, 39.894840446365194 ], [ 47.175688023765979, 39.895862473019278 ], [ 47.180623219337733, 39.896678734319934 ], [ 47.187484717924463, 39.897203930073594 ], [ 47.192830824028476, 39.89757559658598 ], [ 47.197468150381745, 39.897924094803123 ], [ 47.204077662108659, 39.897944045714837 ], [ 47.207506448074852, 39.897406122129489 ], [ 47.210522495278724, 39.896512372123468 ], [ 47.215150981885763, 39.894387872236656 ], [ 47.218386251407971, 39.892980693921373 ], [ 47.220952636561513, 39.892058919197609 ], [ 47.224004184002759, 39.891545916969868 ], [ 47.228358755748857, 39.891916784570277 ], [ 47.2332517336216, 39.892877050083904 ], [ 47.237597080254766, 39.894411253640143 ], [ 47.24258006809702, 39.895951137355645 ], [ 47.248368649976172, 39.896857069164959 ], [ 47.254378955541917, 39.897322084091414 ], [ 47.257877686348458, 39.897490321652064 ], [ 47.260823160168002, 39.897342010443417 ], [ 47.263349690993714, 39.896656413656395 ], [ 47.265171797841397, 39.895366419205594 ], [ 47.266421775299669, 39.893905787045881 ], [ 47.267013692425316, 39.892530732255217 ], [ 47.266865093404746, 39.890170272583774 ], [ 47.266213700322275, 39.886874295540913 ], [ 47.265299974927686, 39.883492540571915 ], [ 47.264115920990633, 39.88049783123531 ], [ 47.26347672399519, 39.877565189670996 ], [ 47.263315158004481, 39.874805016814328 ], [ 47.26375471099351, 39.871669510259061 ], [ 47.264951705422391, 39.868610104550434 ], [ 47.266298432145739, 39.865802276436476 ], [ 47.268802659043708, 39.863044506065009 ], [ 47.272811460847151, 39.859420925827031 ], [ 47.27673936486029, 39.856216932698487 ], [ 47.280216026385638, 39.852930784199934 ], [ 47.285479651409041, 39.848064038864607 ], [ 47.290204066888315, 39.844025800212066 ], [ 47.295952184347769, 39.839585329665653 ], [ 47.30302641050033, 39.834627392013353 ], [ 47.309570001639898, 39.830752205713978 ], [ 47.318659782185989, 39.826189477619124 ], [ 47.32760978654764, 39.822410579834035 ], [ 47.337131762575929, 39.818146797077844 ], [ 47.344362409726166, 39.814473975092248 ], [ 47.350750459810882, 39.810308756121898 ], [ 47.354429550600905, 39.806907227144713 ], [ 47.357348382052187, 39.804030071850477 ], [ 47.358617726035995, 39.802549883263374 ], [ 47.36000777113879, 39.79977646186164 ], [ 47.360706760932317, 39.798162417059793 ], [ 47.361291622453798, 39.79596893901271 ], [ 47.361708344129433, 39.792306319712154 ], [ 47.361798527067535, 39.789432077885174 ], [ 47.361319697338224, 39.785078677205625 ], [ 47.360442520958152, 39.780787917774433 ], [ 47.358637263585855, 39.775534312635749 ], [ 47.356196029195175, 39.77027541280922 ], [ 47.353911284463841, 39.765449595661849 ], [ 47.350968544014904, 39.758582736391347 ], [ 47.34919677293724, 39.754273632177814 ], [ 47.34703376108564, 39.750226930723969 ], [ 47.343732728456317, 39.745948660266379 ], [ 47.338823437638268, 39.740757362374147 ], [ 47.336361295663416, 39.738279952278319 ], [ 47.334134412721859, 39.736488594480626 ], [ 47.330302645229246, 39.734583996058177 ], [ 47.326683772603225, 39.733402200235133 ], [ 47.32303077189453, 39.732602753903805 ], [ 47.320051318748938, 39.732226046592018 ], [ 47.317276569031151, 39.73233603544714 ], [ 47.313973370413152, 39.732838278926721 ], [ 47.30959012841172, 39.73343465234526 ], [ 47.305277396413636, 39.734029459699578 ], [ 47.30117455192071, 39.734565404473585 ], [ 47.297580279815627, 39.734818433773107 ], [ 47.294317830084694, 39.735137511295093 ], [ 47.290557566811039, 39.735357245165162 ], [ 47.285752860595721, 39.735324735637938 ] ] ] } },
{ "type": "Feature", "id": 12, "properties": { "name_en": "Martakert", "Name_hy": "Մարտակերտ", "Name_Alt": null, "Center": "Martakert", "status": "claimed", "name_ru": "Мардакерт" }, "geometry": { "type": "Polygon", "coordinates": [ [ [ 46.991042173953446, 40.229335952809784 ], [ 46.981102808891912, 40.226763010690426 ], [ 46.974282035588004, 40.227687085700055 ], [ 46.942627370557709, 40.244372640868377 ], [ 46.932186649763153, 40.247777432586695 ], [ 46.882061403831706, 40.30230160827454 ], [ 46.852380654296219, 40.316104294538441 ], [ 46.81443180398955, 40.317109657835566 ], [ 46.784054089096067, 40.325253409710946 ], [ 46.785598119158095, 40.343801767048369 ], [ 46.811777506619912, 40.355910516346327 ], [ 46.839603858691561, 40.370005754259729 ], [ 46.854715893272228, 40.375028153390211 ], [ 46.855483825706486, 40.37356149350795 ], [ 46.854857791196714, 40.371535466536812 ], [ 46.851750820412477, 40.367440407264532 ], [ 46.850310294448228, 40.365172885670923 ], [ 46.849975527895083, 40.363360317439167 ], [ 46.850874039449977, 40.361455294039253 ], [ 46.854166826142738, 40.360202703143152 ], [ 46.859520287038023, 40.359571348010192 ], [ 46.862955334514744, 40.358316219708634 ], [ 46.868614663727101, 40.358443043634857 ], [ 46.871948180898137, 40.358679987236243 ], [ 46.877302666138313, 40.36066560098665 ], [ 46.882617016668853, 40.362051703742424 ], [ 46.885381190092247, 40.363170129139775 ], [ 46.887207918168848, 40.36475827346397 ], [ 46.886929003738089, 40.365835398097381 ], [ 46.885646750564788, 40.366728919808772 ], [ 46.882449282532676, 40.367126431221713 ], [ 46.881618825330406, 40.368030730490517 ], [ 46.882230954423058, 40.369529638761968 ], [ 46.883736791569099, 40.370686759476968 ], [ 46.883326892011887, 40.372184130176237 ], [ 46.881373171750859, 40.372870391158798 ], [ 46.880701867729954, 40.373517584978153 ], [ 46.881919132959325, 40.375406589201269 ], [ 46.884628271747992, 40.377089476776426 ], [ 46.890047967478317, 40.380491392522103 ], [ 46.895353980916411, 40.384058524767177 ], [ 46.900947755188348, 40.387693392431267 ], [ 46.90424354484496, 40.389911534583305 ], [ 46.906209938607311, 40.391351630915402 ], [ 46.906943047504114, 40.391212285795831 ], [ 46.907055226827481, 40.388447214174249 ], [ 46.906380867019756, 40.384767980990468 ], [ 46.90678127802159, 40.382107227872282 ], [ 46.907560110504122, 40.380221930621786 ], [ 46.910770897136921, 40.376914843943858 ], [ 46.912449307996646, 40.374905566563982 ], [ 46.913783183191583, 40.372483849037856 ], [ 46.915469117518384, 40.370747090008642 ], [ 46.917261838954907, 40.369426655445757 ], [ 46.918038129845719, 40.368304852180763 ], [ 46.916028273224633, 40.366992923700437 ], [ 46.913071877930129, 40.365823880103832 ], [ 46.909212359486276, 40.362124595761131 ], [ 46.909810120141344, 40.360569494353335 ], [ 46.91095212156268, 40.358932678831955 ], [ 46.911519296488656, 40.354614839542108 ], [ 46.912973375496094, 40.350573191501965 ], [ 46.914372597682515, 40.346277923305948 ], [ 46.915682739789972, 40.343038506143117 ], [ 46.916337552333061, 40.340991584637571 ], [ 46.91692631555064, 40.338291302404585 ], [ 46.917212528066983, 40.335814183806818 ], [ 46.917811511040981, 40.33347731048574 ], [ 46.918362589771732, 40.329450559582654 ], [ 46.91866255698487, 40.328300290910917 ], [ 46.920064984408093, 40.326659060737626 ], [ 46.923646867723534, 40.324817965425488 ], [ 46.926375485581907, 40.323881759791803 ], [ 46.929549980124129, 40.323592503399915 ], [ 46.930624210556928, 40.323365512549955 ], [ 46.932322213270652, 40.321691930976414 ], [ 46.933712679604717, 40.320896070731749 ], [ 46.935856156638053, 40.320687505251826 ], [ 46.937599690995597, 40.320612856583644 ], [ 46.939057739038191, 40.32010666765558 ], [ 46.941587121457488, 40.317619121551125 ], [ 46.943395057838664, 40.315652665027237 ], [ 46.944386045784874, 40.314599790991132 ], [ 46.944647958476388, 40.312968345664764 ], [ 46.944644979252168, 40.311623132236946 ], [ 46.944476634815516, 40.310307967965187 ], [ 46.943537430078251, 40.309023939851954 ], [ 46.94259643892611, 40.307676306236296 ], [ 46.941335539780013, 40.307179370498119 ], [ 46.938592649514774, 40.307170843784903 ], [ 46.936447792001687, 40.307315853286354 ], [ 46.93436329744366, 40.307496171936108 ], [ 46.932725765996196, 40.306696393167265 ], [ 46.931807503057627, 40.305720964943816 ], [ 46.931290410718098, 40.304657023731892 ], [ 46.931622557469296, 40.303397106088568 ], [ 46.931722801025934, 40.302331943531684 ], [ 46.9314318543288, 40.300037122475281 ], [ 46.931060939211768, 40.297434586852582 ], [ 46.931021058255602, 40.295617322227372 ], [ 46.931308595895047, 40.294876259111952 ], [ 46.932370933370201, 40.293831383738492 ], [ 46.934423195922435, 40.292951739131652 ], [ 46.938715736080241, 40.291961810315819 ], [ 46.940796359969532, 40.29166331544058 ], [ 46.944622622273116, 40.290562826053034 ], [ 46.949046397781935, 40.289606667098035 ], [ 46.951867108237508, 40.28863195552551 ], [ 46.952813174241179, 40.28809787620505 ], [ 46.953802056860724, 40.286990418277377 ], [ 46.954449308652691, 40.285561498006963 ], [ 46.954864590261856, 40.283909253616258 ], [ 46.955335159882779, 40.282528762320325 ], [ 46.95583666139413, 40.280575097813127 ], [ 46.956154628575902, 40.278842686540678 ], [ 46.956591985736026, 40.277135523512683 ], [ 46.957255879324137, 40.274642814790496 ], [ 46.957805049235773, 40.27228838840167 ], [ 46.958498735244753, 40.269186159450697 ], [ 46.959002885433684, 40.267741455046696 ], [ 46.959690536546368, 40.265666452448912 ], [ 46.960587524909094, 40.262624392223948 ], [ 46.961151456659046, 40.260787808356852 ], [ 46.961413023077959, 40.259574446672865 ], [ 46.96187574282601, 40.257521422492935 ], [ 46.962881462401661, 40.256195447802128 ], [ 46.963669951479595, 40.25556396774158 ], [ 46.970125452870739, 40.255617820646215 ], [ 46.974380120506908, 40.255872510615667 ], [ 46.979642950200557, 40.255709850092501 ], [ 46.983592353545447, 40.25526043056508 ], [ 46.98586480679046, 40.255076007559396 ], [ 46.988896973587359, 40.254096770019203 ], [ 46.992571740178334, 40.252379213986174 ], [ 46.994358808024117, 40.251021328698471 ], [ 46.995394977567578, 40.249949060234691 ], [ 46.997441774816402, 40.246132438895749 ], [ 46.999923529071886, 40.243399022103176 ], [ 47.00230488964386, 40.24048549656117 ], [ 47.00427094782119, 40.23877895372312 ], [ 47.007019841629713, 40.237076979010581 ], [ 47.008605811626744, 40.235358776807011 ], [ 47.009423314771851, 40.23412656536081 ], [ 47.009564083805657, 40.232469800545779 ], [ 47.007844356297937, 40.231263463214802 ], [ 47.005320156249695, 40.230925475701383 ], [ 47.001096042529845, 40.23085317900366 ], [ 46.998077780718809, 40.230650832830172 ], [ 46.995899945675639, 40.230797499831596 ], [ 46.993398727557775, 40.23124056805689 ], [ 46.991548501889355, 40.231236073180156 ], [ 46.990553090887445, 40.230453310783915 ], [ 46.991042173953446, 40.229335952809784 ] ] ] } }
]
}
